Data,Planta,Linha,Turno,Modelo,VIN,Pecas_Produzidas,Meta,Defeitos,Tempo_Parada_min,Operadores,Sucata_kg,Custo_R$
2025-06-24,Goiana,D,1,Sedan-W,VIN000002,558,551,8,3,14,"34,7","1119658,12"
2025-05-08,Goiana,B,1,SUV-X,VIN000003,575,608,6,23,10,"86,7","1770593,7"
2025-05-24,Goiana,C,3,Hatch-Y,VIN000004,506,498,5,27,13,"41,3","1271696,79"
2025-06-01,Porto Real,B,3,Sedan-W,VIN000005,477,489,4,75,20,"100,7","858854,54"
2025-06-23,Goiana,D,1,Sedan-W,VIN000006,511,485,4,42,10,"35,6","1080877,12"
2025-06-13,Betim,C,2,Hatch-Y,VIN000007,464,485,3,3,15,"38,9","1035717,9"
2025-01-08,Betim,C,2,Pickup-Z,VIN000008,433,422,13,36,16,"29,1","1280743,17"
2025-06-03,Goiana,D,3,Sedan-W,VIN000009,445,436,12,40,19,"31,4","1198480,26"
2025-06-08,Betim,B,3,Pickup-Z,VIN000010,494,481,8,77,9,"9,9","1562317,25"
2025-04-09,Porto Real,C,1,Hatch-Y,VIN000011,612,632,12,65,18,"100,3","1713269,43"
2025-03-09,Betim,C,1,Hatch-Y,VIN000012,491,463,14,30,14,"85,1","1199202,67"
2025-01-03,Goiana,B,2,Sedan-W,VIN000013,643,643,11,43,19,"85,6","1307769,72"
2025-05-08,Goiana,B,2,Hatch-Y,VIN000014,482,519,10,31,19,"63,2","993199,67"
2025-03-15,Porto Real,B,1,Hatch-Y,VIN000015,415,444,11,13,20,"6,1","1072898,7"
2025-01-17,Betim,B,2,SUV-X,VIN000016,631,637,4,37,9,"49,7","1763923,99"
2025-05-28,Betim,A,2,Pickup-Z,VIN000017,530,554,0,48,13,"20,6","1402001,62"
2025-05-24,Porto Real,C,2,SUV-X,VIN000018,647,634,15,57,10,"76,2","1931859,71"
2025-06-14,Porto Real,B,2,Hatch-Y,VIN000019,454,448,15,76,16,"27,8","1273368,94"
2025-06-08,Goiana,D,1,Hatch-Y,VIN000020,481,474,10,64,20,"84,1","1047282,26"
2025-04-07,Porto Real,B,2,Hatch-Y,VIN000021,580,582,4,83,11,"53,8","1555945,39"
2025-01-03,Goiana,B,1,SUV-X,VIN000022,619,592,7,36,12,"53,7","1721173,13"
2025-02-07,Porto Real,A,2,SUV-X,VIN000023,599,589,7,75,15,"110,2","1461785,23"
2025-03-08,Betim,C,1,Sedan-W,VIN000024,548,567,13,7,15,"77,1","1390970,77"
2025-05-20,Betim,C,3,Hatch-Y,VIN000025,614,591,14,69,17,"29,8","1828936,31"
2025-02-21,Betim,D,3,Hatch-Y,VIN000026,519,541,5,16,8,"55,2","1389208,59"
2025-02-14,Porto Real,A,1,Hatch-Y,VIN000027,580,559,3,17,11,"19,6","1056599,73"
2025-05-21,Goiana,C,2,Hatch-Y,VIN000028,545,568,12,6,15,"67,8","1599505,57"
2025-01-04,Porto Real,C,3,SUV-X,VIN000029,589,601,9,14,19,"30,7","1654402,42"
2025-02-06,Goiana,B,1,Sedan-W,VIN000030,429,462,2,5,15,"48,6","1177728,45"
2025-01-10,Betim,B,2,SUV-X,VIN000031,663,632,9,77,9,"5,4","1823839,41"
2025-04-04,Porto Real,A,2,Pickup-Z,VIN000032,576,586,10,76,15,"64,2","1425470,96"
2025-06-15,Betim,B,2,Hatch-Y,VIN000033,477,456,11,8,17,"119,9","1283184,37"
2025-05-11,Betim,D,2,Hatch-Y,VIN000034,567,600,5,19,14,"16,2","1105511,02"
2025-05-03,Goiana,B,1,SUV-X,VIN000035,471,500,9,85,17,"66,7","909861,45"
2025-01-11,Betim,B,3,Sedan-W,VIN000036,479,495,4,83,20,"68,1","1228080,39"
2025-01-27,Goiana,A,3,Pickup-Z,VIN000037,425,464,2,57,20,"73,2","876459,39"
2025-04-02,Porto Real,A,1,Pickup-Z,VIN000038,492,479,13,63,9,"11,7","1346223,56"
2025-03-01,Betim,C,3,Pickup-Z,VIN000039,414,439,1,44,8,"42,2","1280206,63"
2025-02-15,Betim,B,3,Sedan-W,VIN000040,581,567,14,43,20,"75,8","1054429,88"
2025-05-10,Porto Real,D,2,Sedan-W,VIN000041,566,535,12,4,16,"68,7","1749824,3"
2025-04-24,Betim,C,3,Pickup-Z,VIN000042,605,621,1,80,13,"85,8","1858656,54"
2025-03-22,Betim,B,3,Pickup-Z,VIN000043,638,646,4,44,17,"105,8","1539862,69"
2025-04-09,Porto Real,C,3,SUV-X,VIN000044,648,647,9,28,17,"72,9","1321183,37"
2025-06-17,Porto Real,D,1,SUV-X,VIN000045,577,604,9,35,9,"44,8","1249637,3"
2025-05-02,Betim,D,2,Sedan-W,VIN000046,539,506,3,12,16,"114,9","1609745,11"
2025-04-02,Porto Real,B,2,Sedan-W,VIN000047,574,590,11,61,11,"52,8","1764298,7"
2025-02-08,Betim,C,3,Sedan-W,VIN000048,447,486,0,11,20,"78,2","1411233,1"
2025-04-07,Betim,C,1,SUV-X,VIN000049,536,576,4,70,10,"80,9","1248318,79"
2025-01-11,Betim,A,2,SUV-X,VIN000050,496,462,12,8,13,"95,1","1539374,57"
2025-03-30,Betim,B,2,Sedan-W,VIN000051,654,634,8,27,18,"67,9","1607668,71"
2025-01-15,Goiana,C,2,SUV-X,VIN000052,515,527,11,46,14,"45,2","1227111,59"
2025-01-03,Betim,B,3,SUV-X,VIN000053,455,429,8,44,16,"47,6","870741,29"
2025-05-14,Porto Real,B,1,Sedan-W,VIN000054,656,629,6,18,11,"104,9","2018096,81"
2025-01-27,Goiana,A,3,Sedan-W,VIN000055,455,459,13,61,12,"95,7","1308930,51"
2025-03-08,Betim,A,2,SUV-X,VIN000056,521,516,1,30,14,96,"988657,15"
2025-04-07,Porto Real,A,1,Hatch-Y,VIN000057,542,529,7,49,19,"12,8","1444526,97"
2025-05-31,Goiana,B,3,Pickup-Z,VIN000058,517,492,4,16,14,"108,7","1226806,43"
2025-01-20,Goiana,C,2,Sedan-W,VIN000059,663,637,3,79,18,"77,7","2006471,19"
2025-05-29,Betim,A,1,Pickup-Z,VIN000060,427,425,15,1,11,"44,3","1228390,41"
2025-03-10,Goiana,D,2,SUV-X,VIN000061,517,516,8,54,13,"71,2","1589319,5"
2025-05-07,Porto Real,A,3,Sedan-W,VIN000062,435,449,14,42,8,41,"1144313,72"
2025-04-16,Porto Real,D,1,Sedan-W,VIN000063,529,540,13,30,20,46,"1369705,37"
2025-04-09,Porto Real,D,1,Pickup-Z,VIN000064,509,535,12,39,17,19,"1526856,91"
2025-04-23,Betim,A,2,SUV-X,VIN000065,525,565,5,46,16,"49,8","1568781,21"
2025-03-12,Goiana,A,2,SUV-X,VIN000066,493,468,10,28,8,"26,3","1550176,73"
2025-04-11,Betim,C,1,Sedan-W,VIN000067,588,557,6,3,10,"106,7","1151951,27"
2025-04-09,Porto Real,C,2,Hatch-Y,VIN000068,515,549,2,85,8,"38,1","1071361,61"
2025-06-22,Goiana,B,2,Hatch-Y,VIN000069,608,642,15,12,16,"27,8","1518772,42"
2025-03-27,Betim,C,1,Hatch-Y,VIN000070,434,455,8,51,19,"69,2","905302,85"
2025-06-27,Betim,A,3,Hatch-Y,VIN000071,568,562,14,7,9,"21,7","1746060,09"
2025-03-11,Goiana,B,3,SUV-X,VIN000072,625,649,12,82,14,"39,7","1430154,42"
2025-03-13,Betim,A,3,Sedan-W,VIN000073,441,448,9,79,9,"100,8","1235303,36"
2025-05-26,Porto Real,B,1,Hatch-Y,VIN000074,539,571,10,87,17,"55,3","1458248,01"
2025-06-13,Goiana,D,2,Pickup-Z,VIN000075,422,444,2,73,13,"28,7","1291636,26"
2025-01-23,Betim,A,2,Pickup-Z,VIN000076,576,568,2,31,12,"72,9","1826275,17"
2025-02-07,Goiana,B,1,SUV-X,VIN000077,423,451,11,24,16,"49,4","1238744,98"
2025-04-01,Porto Real,A,2,Hatch-Y,VIN000078,639,621,15,90,11,"117,7","1856427,5"
2025-06-27,Porto Real,C,1,Hatch-Y,VIN000079,421,430,13,88,17,44,"1138529,73"
2025-04-18,Betim,C,3,Hatch-Y,VIN000080,468,441,9,11,12,"101,8","1202126,34"
2025-03-21,Porto Real,B,3,SUV-X,VIN000081,455,494,12,71,16,"30,8","988384,41"
2025-06-25,Betim,D,2,Hatch-Y,VIN000082,541,581,9,24,13,"48,1","1309861,23"
2025-06-10,Porto Real,C,1,SUV-X,VIN000083,535,550,5,56,20,"66,4","1454943,58"
2025-05-11,Goiana,B,2,Hatch-Y,VIN000084,431,464,13,55,20,"68,1","1168814,62"
2025-01-27,Porto Real,B,1,Sedan-W,VIN000085,444,474,5,36,10,"105,7","868393,5"
2025-02-16,Porto Real,D,2,Pickup-Z,VIN000086,606,646,15,43,15,"17,4","1289315,87"
2025-04-03,Betim,B,1,Hatch-Y,VIN000087,395,421,14,33,10,"73,4","1098054,88"
2025-06-18,Betim,A,1,SUV-X,VIN000088,390,424,11,64,20,"104,6","858344,09"
2025-04-02,Porto Real,D,1,Sedan-W,VIN000089,639,640,7,71,20,"115,6","1445086,2"
2025-06-25,Goiana,C,1,Sedan-W,VIN000090,587,554,6,47,12,"68,1","1303951,41"
2025-03-14,Porto Real,D,2,SUV-X,VIN000091,527,532,11,77,12,"18,6","971195,7"
2025-06-19,Porto Real,D,3,Pickup-Z,VIN000092,480,496,1,4,13,"88,8","1204776,85"
2025-01-19,Betim,C,2,Hatch-Y,VIN000093,496,473,9,46,19,50,"1028152,12"
2025-02-03,Betim,D,2,Hatch-Y,VIN000094,583,606,4,20,11,"104,6","1648323,22"
2025-02-12,Porto Real,C,2,Pickup-Z,VIN000095,466,466,0,80,10,"23,6","1276699,93"
2025-01-14,Porto Real,C,1,Pickup-Z,VIN000096,525,508,2,52,10,"96,3","1072452,84"
2025-04-03,Betim,D,3,Sedan-W,VIN000097,468,458,0,46,11,"5,7","1025148,63"
2025-02-19,Betim,B,1,SUV-X,VIN000098,639,609,1,73,18,"89,3","1434932,63"
2025-01-26,Goiana,A,2,Sedan-W,VIN000099,612,578,12,8,12,"50,6","1250698,01"
2025-06-07,Goiana,A,3,Sedan-W,VIN000100,528,527,9,32,10,"56,7","1025898,55"
2025-02-03,Goiana,A,3,SUV-X,VIN000101,509,489,4,19,14,"33,8","1208708,08"
2025-05-12,Goiana,D,2,Sedan-W,VIN000102,423,452,10,17,19,"53,7","963509,4"
2025-05-06,Porto Real,D,2,Hatch-Y,VIN000103,607,613,9,13,8,67,"1623663,62"
2025-06-02,Porto Real,A,1,SUV-X,VIN000104,405,426,3,34,15,"57,4","1147633,16"
2025-02-01,Betim,C,3,Pickup-Z,VIN000105,577,572,5,11,10,"50,6","1061296,83"
2025-05-07,Goiana,D,1,Sedan-W,VIN000106,547,515,12,15,9,"11,5","1264737,76"
2025-06-11,Betim,D,1,SUV-X,VIN000107,448,485,3,41,19,"94,1","1053973,09"
2025-06-13,Porto Real,C,2,Sedan-W,VIN000108,490,480,10,24,11,"76,2","1470091,73"
2025-05-25,Goiana,B,2,Hatch-Y,VIN000109,462,448,1,33,15,"55,7","1251813,83"
2025-01-08,Goiana,B,1,Pickup-Z,VIN000110,460,449,4,10,10,"108,3","1302062,2"
2025-06-25,Goiana,D,1,Sedan-W,VIN000111,447,421,9,20,19,"22,6","1282639,15"
2025-01-23,Porto Real,D,2,Pickup-Z,VIN000112,529,549,14,49,11,"45,4","1477745,7"
2025-01-04,Porto Real,B,3,Pickup-Z,VIN000113,534,518,7,51,8,"15,8","1112417,89"
2025-01-01,Betim,A,2,Pickup-Z,VIN000114,554,533,4,69,11,"115,9","1128115,58"
2025-05-24,Betim,D,2,Pickup-Z,VIN000115,570,593,2,51,19,"72,5","1428624,52"
2025-02-25,Betim,B,3,Sedan-W,VIN000116,554,526,5,40,8,"85,4","1034106,25"
2025-05-28,Betim,A,3,Hatch-Y,VIN000117,408,440,8,34,14,"24,7","742270,27"
2025-05-02,Porto Real,D,1,SUV-X,VIN000118,566,590,6,87,19,"86,3","1432464,44"
2025-06-11,Goiana,D,3,Pickup-Z,VIN000119,617,614,15,69,17,"67,1",1286706
2025-06-06,Porto Real,B,1,Sedan-W,VIN000120,613,603,2,1,8,"70,3","1879917,82"
2025-02-07,Betim,C,1,Hatch-Y,VIN000121,545,579,15,10,11,"13,6","1008307,1"
2025-01-13,Goiana,D,1,Hatch-Y,VIN000122,468,462,1,46,11,"78,5","1355466,02"
2025-04-26,Betim,A,2,Sedan-W,VIN000123,532,518,9,23,15,"10,4","1252951,63"
2025-04-13,Goiana,C,2,SUV-X,VIN000124,538,554,3,56,15,"18,4","1325380,82"
2025-05-20,Goiana,B,3,Sedan-W,VIN000125,448,444,2,26,12,87,"899047,93"
2025-06-19,Porto Real,D,1,Pickup-Z,VIN000126,557,582,10,24,14,"22,1","1385363,39"
2025-05-09,Betim,D,3,Hatch-Y,VIN000127,560,532,13,50,20,"108,4","1411896,92"
2025-03-06,Porto Real,D,1,Pickup-Z,VIN000128,632,629,13,44,20,"68,6","1749847,08"
2025-05-03,Betim,C,3,Sedan-W,VIN000129,513,527,1,20,12,"108,6","1277162,74"
2025-03-22,Betim,C,3,Pickup-Z,VIN000130,513,498,1,9,9,"108,2","978368,34"
2025-05-17,Betim,A,2,Pickup-Z,VIN000131,468,441,1,82,14,"36,7","968777,88"
2025-03-28,Porto Real,B,2,Sedan-W,VIN000132,527,553,15,18,10,"96,8","1153701,26"
2025-05-05,Porto Real,B,2,SUV-X,VIN000133,641,615,14,62,19,"118,3","1840145,93"
2025-04-11,Porto Real,B,1,Sedan-W,VIN000134,432,435,5,19,17,"82,9","930956,12"
2025-05-01,Betim,B,2,Sedan-W,VIN000135,431,438,13,32,9,"23,6","1100248,84"
2025-06-27,Betim,C,3,Hatch-Y,VIN000136,624,618,1,27,16,81,"1711259,4"
2025-04-20,Porto Real,C,2,Pickup-Z,VIN000137,613,621,0,9,14,"91,4","1608047,66"
2025-02-24,Porto Real,C,2,SUV-X,VIN000138,589,574,7,71,15,"12,3","1632783,53"
2025-06-12,Porto Real,C,2,Sedan-W,VIN000139,606,576,14,15,8,"80,2","1552821,42"
2025-06-16,Porto Real,A,2,SUV-X,VIN000140,553,524,0,62,10,"31,4","1217322,37"
2025-01-28,Porto Real,D,2,Hatch-Y,VIN000141,573,605,3,32,9,"45,3","1123238,56"
2025-05-27,Betim,B,2,SUV-X,VIN000142,504,481,12,66,14,"104,7","936116,7"
2025-01-10,Goiana,B,1,SUV-X,VIN000143,491,505,13,28,12,"68,1","1253514,26"
2025-03-11,Betim,A,2,Sedan-W,VIN000144,455,459,13,55,20,"109,9","1188709,31"
2025-01-09,Betim,A,1,SUV-X,VIN000145,586,555,10,82,15,"62,9","1177380,04"
2025-02-01,Betim,C,2,Sedan-W,VIN000146,575,556,5,3,14,"48,8","1252141,56"
2025-03-26,Goiana,B,3,Hatch-Y,VIN000147,425,444,3,32,16,"27,6","1031780,83"
2025-03-22,Betim,D,1,Sedan-W,VIN000148,526,542,8,13,12,"87,5","1513603,59"
2025-01-04,Betim,D,1,Pickup-Z,VIN000149,524,496,12,80,10,"5,6","1412399,92"
2025-04-13,Betim,A,1,Sedan-W,VIN000150,502,542,5,6,8,"17,6","1167815,67"
2025-03-10,Goiana,B,1,Pickup-Z,VIN000151,415,441,11,18,13,"113,1","1005761,36"
2025-06-16,Betim,A,1,Pickup-Z,VIN000152,633,618,11,76,13,18,"1913299,75"
2025-01-15,Porto Real,A,2,SUV-X,VIN000153,550,575,5,36,20,"66,5","1668739,78"
2025-06-02,Betim,C,1,Pickup-Z,VIN000154,572,561,7,84,8,"75,9","1076870,81"
2025-06-26,Porto Real,C,2,Sedan-W,VIN000155,535,519,4,21,13,"112,1","1152958,68"
2025-02-16,Betim,B,3,Hatch-Y,VIN000156,473,496,0,54,18,"54,7","1307090,91"
2025-05-26,Porto Real,A,1,Hatch-Y,VIN000157,500,472,5,53,14,"41,1","1476891,14"
2025-06-15,Betim,A,2,SUV-X,VIN000158,433,442,13,28,8,84,"989910,63"
2025-04-13,Betim,C,1,Pickup-Z,VIN000159,538,544,14,60,19,"84,7","1334050,24"
2025-02-22,Betim,D,3,Sedan-W,VIN000160,673,648,15,13,9,"93,9","1614450,67"
2025-02-04,Porto Real,B,2,Pickup-Z,VIN000161,527,538,8,64,20,"114,7","1487398,7"
2025-01-19,Betim,C,3,Sedan-W,VIN000162,507,523,11,69,12,53,"1007255,45"
2025-05-22,Betim,C,3,Hatch-Y,VIN000163,549,517,9,70,14,42,"1239346,79"
2025-02-26,Betim,B,3,Hatch-Y,VIN000164,445,465,8,5,16,"59,4","984017,34"
2025-03-27,Goiana,C,2,Hatch-Y,VIN000165,451,475,8,74,13,"22,9","1193997,36"
2025-04-28,Goiana,B,2,Sedan-W,VIN000166,482,479,8,71,20,"94,6","1205562,9"
2025-05-12,Goiana,A,3,SUV-X,VIN000167,435,472,10,10,13,"15,1","1199783,3"
2025-03-20,Betim,D,2,Hatch-Y,VIN000168,541,546,0,7,12,"58,4","1388975,14"
2025-03-27,Betim,C,2,SUV-X,VIN000169,419,429,13,88,8,"30,5","1316646,4"
2025-02-18,Goiana,C,2,Sedan-W,VIN000170,593,622,5,38,9,26,"1405147,2"
2025-03-25,Betim,B,1,Sedan-W,VIN000171,515,509,11,47,9,"43,2","1463577,32"
2025-02-16,Goiana,C,2,Hatch-Y,VIN000172,636,650,8,43,8,"18,7","1578395,18"
2025-05-11,Goiana,B,2,Sedan-W,VIN000173,589,619,6,40,19,"100,7","1812959,9"
2025-01-11,Porto Real,D,1,Sedan-W,VIN000174,667,638,9,4,14,"36,6","2108050,89"
2025-02-26,Goiana,D,1,Pickup-Z,VIN000175,636,638,6,29,20,"63,4","1960999,08"
2025-03-20,Goiana,B,2,Sedan-W,VIN000176,563,599,15,18,12,"118,1","1344483,82"
2025-04-24,Betim,B,3,Pickup-Z,VIN000177,633,618,7,56,16,"66,2","1995436,88"
2025-01-18,Betim,B,3,SUV-X,VIN000178,647,640,6,8,11,"6,4","1717594,57"
2025-01-13,Porto Real,C,1,SUV-X,VIN000179,471,455,9,58,12,"32,4","910135,7"
2025-04-25,Betim,C,2,Sedan-W,VIN000180,428,452,1,30,13,"98,7","1011853,66"
2025-03-15,Goiana,B,3,Hatch-Y,VIN000181,483,494,14,40,9,"99,4","960924,27"
2025-03-04,Betim,B,2,Hatch-Y,VIN000182,524,519,0,61,16,"39,8","945052,67"
2025-04-21,Betim,A,3,Pickup-Z,VIN000183,543,543,13,17,12,"65,6","1723152,92"
2025-03-25,Goiana,A,2,Hatch-Y,VIN000184,613,596,9,56,12,"114,9","1157075,35"
2025-02-17,Betim,A,1,SUV-X,VIN000185,584,572,11,25,14,"99,2","1728203,82"
2025-05-21,Goiana,C,3,Hatch-Y,VIN000186,534,566,5,58,10,"71,6","1556006,35"
2025-01-05,Porto Real,D,3,Hatch-Y,VIN000187,512,552,12,30,9,"74,1","1155692,45"
2025-02-16,Betim,A,2,Hatch-Y,VIN000188,555,572,2,87,8,"93,3","1617187,92"
2025-02-03,Goiana,B,1,Pickup-Z,VIN000189,545,565,4,86,9,"50,6","1059081,64"
2025-01-02,Porto Real,C,3,Pickup-Z,VIN000190,441,478,15,78,18,"107,8","1064542,49"
2025-05-31,Porto Real,C,1,Pickup-Z,VIN000191,398,425,12,53,13,"119,6","793017,45"
2025-03-12,Goiana,C,3,SUV-X,VIN000192,527,534,4,4,11,"95,4","1490237,36"
2025-01-14,Goiana,A,1,SUV-X,VIN000193,603,599,12,35,12,"41,4","1631085,93"
2025-06-23,Porto Real,C,3,Sedan-W,VIN000194,589,606,7,8,8,"66,4","1421337,41"
2025-01-24,Porto Real,C,3,Hatch-Y,VIN000195,474,470,6,78,20,"17,7","1113289,34"
2025-04-16,Porto Real,A,3,Sedan-W,VIN000196,578,575,5,40,12,"50,4","1811337,79"
2025-01-06,Porto Real,D,1,Pickup-Z,VIN000197,591,559,4,18,14,"21,2","1739387,64"
2025-02-21,Goiana,D,3,Sedan-W,VIN000198,582,565,9,1,12,"55,6","1458505,96"
2025-03-18,Porto Real,D,2,Hatch-Y,VIN000199,548,545,2,90,19,"72,3","1511956,39"
2025-06-22,Goiana,C,1,SUV-X,VIN000200,524,491,5,51,14,"107,5","1304761,2"
2025-06-06,Porto Real,A,3,SUV-X,VIN000201,505,489,2,73,12,"67,3","999474,92"
2025-05-08,Goiana,C,3,Sedan-W,VIN000202,590,612,6,16,18,"57,8","1223722,09"
2025-05-19,Goiana,C,1,Pickup-Z,VIN000203,493,522,8,71,20,"39,4",1403139
2025-06-09,Porto Real,B,2,Hatch-Y,VIN000204,467,448,6,27,14,"63,7","1322811,27"
2025-01-21,Goiana,B,3,Sedan-W,VIN000205,670,647,15,70,14,"75,1","2093319,24"
2025-04-16,Porto Real,C,1,Sedan-W,VIN000206,483,473,5,16,13,"57,9","969611,93"
2025-04-27,Porto Real,C,1,Pickup-Z,VIN000207,514,481,0,76,13,"114,7","1554199,07"
2025-04-30,Betim,B,1,Pickup-Z,VIN000208,458,449,4,8,15,60,"1014359,86"
2025-01-09,Goiana,A,3,SUV-X,VIN000209,574,550,1,75,16,68,"1069579,2"
2025-03-04,Betim,D,2,Sedan-W,VIN000210,457,439,13,57,15,23,"1339899,83"
2025-06-22,Betim,D,2,SUV-X,VIN000211,415,426,15,47,19,"74,1","920059,68"
2025-06-13,Betim,D,3,Sedan-W,VIN000212,480,519,10,10,19,"51,5","1330363,51"
2025-04-12,Betim,C,3,Hatch-Y,VIN000213,556,593,3,16,18,"48,7","1523314,78"
2025-03-25,Betim,B,2,Hatch-Y,VIN000214,449,457,8,75,8,"28,8","994631,67"
2025-04-30,Goiana,C,3,Hatch-Y,VIN000215,516,524,12,5,16,"15,2","1327772,45"
2025-06-21,Goiana,D,1,SUV-X,VIN000216,444,480,1,50,14,"105,9","1294916,24"
2025-02-03,Betim,A,2,Sedan-W,VIN000217,623,611,8,81,9,"68,2","1641275,01"
2025-02-11,Porto Real,B,3,Sedan-W,VIN000218,481,475,1,68,14,"99,5","946320,16"
2025-05-24,Betim,D,3,Hatch-Y,VIN000219,497,530,14,81,17,"55,8","1588857,64"
2025-01-05,Goiana,B,2,Pickup-Z,VIN000220,580,609,8,38,16,"119,2","1279496,94"
2025-03-02,Betim,A,3,Hatch-Y,VIN000221,604,638,5,47,9,"40,9","1677647,96"
2025-05-01,Porto Real,D,3,Sedan-W,VIN000222,491,508,11,84,11,"112,7","1463054,48"
2025-06-21,Porto Real,D,2,Hatch-Y,VIN000223,633,645,14,40,15,"27,7","1728800,31"
2025-04-27,Goiana,D,2,SUV-X,VIN000224,485,476,14,12,12,"114,5",1239761
2025-01-14,Betim,D,1,SUV-X,VIN000225,456,438,1,62,9,"80,1","1338162,33"
2025-06-02,Betim,A,2,Hatch-Y,VIN000226,470,453,11,8,11,"66,5","1316238,83"
2025-03-09,Betim,D,3,Hatch-Y,VIN000227,419,448,12,10,18,"97,8","857248,21"
2025-05-15,Porto Real,D,2,Sedan-W,VIN000228,548,555,6,74,20,"40,7","1149283,18"
2025-02-18,Goiana,C,2,SUV-X,VIN000229,522,560,11,29,9,"114,7","1475439,65"
2025-06-15,Goiana,B,1,Sedan-W,VIN000230,636,606,6,51,11,"26,9",1641781
2025-04-20,Porto Real,B,3,SUV-X,VIN000231,577,582,5,19,17,"69,6","1090564,02"
2025-05-29,Goiana,B,1,Hatch-Y,VIN000232,491,524,1,52,8,"40,4","1082219,82"
2025-04-12,Porto Real,B,1,Hatch-Y,VIN000233,535,507,10,12,15,"114,7","1377053,29"
2025-03-08,Porto Real,B,2,Hatch-Y,VIN000234,489,497,4,84,10,"22,7","1012529,79"
2025-01-18,Betim,D,2,Sedan-W,VIN000235,604,569,14,10,20,"66,2","1436489,06"
2025-05-14,Porto Real,C,3,Pickup-Z,VIN000236,615,647,6,13,15,"85,9","1934208,6"
2025-05-24,Betim,D,3,Sedan-W,VIN000237,538,558,2,90,9,"24,7","1309437,73"
2025-06-14,Goiana,D,2,Pickup-Z,VIN000238,458,454,10,87,12,"104,6","1038557,46"
2025-04-13,Betim,B,1,Pickup-Z,VIN000239,523,526,9,58,12,"105,8","1157483,73"
2025-05-19,Goiana,D,3,SUV-X,VIN000240,618,608,14,22,8,"56,3","1240376,19"
2025-01-05,Goiana,A,3,Hatch-Y,VIN000241,527,508,10,22,13,"65,6","1614933,7"
2025-02-07,Goiana,A,3,Pickup-Z,VIN000242,643,632,7,11,15,"30,1","1641928,94"
2025-05-30,Porto Real,B,3,SUV-X,VIN000243,600,591,14,51,14,"44,6","1160280,63"
2025-01-07,Porto Real,C,2,Pickup-Z,VIN000244,658,623,10,24,9,"22,7","2082650,1"
2025-01-31,Goiana,B,3,Hatch-Y,VIN000245,426,461,9,65,19,32,"1312456,15"
2025-06-03,Porto Real,A,1,Sedan-W,VIN000246,637,636,12,62,17,"38,9","1997204,16"
2025-03-16,Goiana,D,1,Hatch-Y,VIN000247,532,517,8,23,13,"83,3","1196200,31"
2025-01-01,Goiana,B,1,Pickup-Z,VIN000248,635,615,10,89,14,"24,2","1394241,33"
2025-05-21,Goiana,B,2,Pickup-Z,VIN000249,607,607,11,60,14,"37,8",1596210
2025-03-21,Porto Real,C,2,Hatch-Y,VIN000250,552,585,4,40,14,"21,9","1061130,81"
2025-04-24,Porto Real,D,3,Sedan-W,VIN000251,590,627,8,47,20,"104,7","1844776,45"
2025-05-06,Porto Real,B,2,Hatch-Y,VIN000252,473,488,10,89,13,"71,8","963256,72"
2025-03-04,Betim,B,3,SUV-X,VIN000253,518,502,9,60,14,"33,1","1036627,93"
2025-06-19,Betim,B,1,Hatch-Y,VIN000254,569,562,6,54,19,"99,1","1173386,2"
2025-01-19,Goiana,A,1,Hatch-Y,VIN000255,574,540,1,86,19,"90,9","1344056,4"
2025-01-06,Betim,B,1,Pickup-Z,VIN000256,452,452,15,27,16,116,"1199361,27"
2025-03-11,Porto Real,B,2,Sedan-W,VIN000257,572,566,6,78,16,"115,8","1467865,01"
2025-02-04,Betim,C,1,Sedan-W,VIN000258,419,453,3,81,13,"71,3","1100802,72"
2025-04-11,Porto Real,D,1,Sedan-W,VIN000259,583,596,3,42,12,"49,7","1260006,91"
2025-06-04,Betim,A,1,Pickup-Z,VIN000260,467,489,14,71,17,"25,3","1319285,72"
2025-01-18,Porto Real,D,1,Sedan-W,VIN000261,518,503,4,11,9,"79,1","1133733,42"
2025-01-24,Goiana,A,3,Sedan-W,VIN000262,517,549,7,39,19,"28,8","1646739,71"
2025-05-18,Goiana,B,1,SUV-X,VIN000263,427,445,14,5,14,"67,7","1326015,79"
2025-04-26,Porto Real,C,3,Hatch-Y,VIN000264,515,541,13,88,14,"92,8","1298370,07"
2025-01-10,Porto Real,C,2,SUV-X,VIN000265,479,506,14,51,8,"64,3","1420621,22"
2025-03-22,Goiana,D,2,Pickup-Z,VIN000266,492,506,2,17,14,"80,3","1418718,57"
2025-01-25,Betim,C,1,Sedan-W,VIN000267,430,457,15,16,13,"51,1","934131,44"
2025-06-25,Betim,A,2,Sedan-W,VIN000268,593,558,6,84,15,"113,9","1376638,25"
2025-03-30,Porto Real,C,2,Sedan-W,VIN000269,525,559,15,52,19,"90,5","1559754,24"
2025-04-23,Betim,B,1,SUV-X,VIN000270,486,470,10,23,9,"77,9","1534245,65"
2025-04-26,Goiana,C,3,Sedan-W,VIN000271,410,430,9,72,13,"110,2","858099,29"
2025-03-20,Porto Real,C,1,Hatch-Y,VIN000272,514,521,11,88,8,"85,9","1272593,09"
2025-01-08,Goiana,A,1,Pickup-Z,VIN000273,534,525,0,81,17,"12,4","1538710,41"
2025-05-29,Goiana,B,3,SUV-X,VIN000274,568,535,2,58,12,"67,4","1087722,36"
2025-05-30,Porto Real,A,1,Pickup-Z,VIN000275,579,599,0,12,9,"16,8","1261806,13"
2025-04-10,Goiana,D,1,SUV-X,VIN000276,580,581,3,39,15,"56,4","1113121,87"
2025-03-17,Porto Real,C,3,Hatch-Y,VIN000277,446,431,3,5,18,"118,8","1032233,01"
2025-01-20,Goiana,C,3,Hatch-Y,VIN000278,455,421,8,38,13,"28,1","1058775,39"
2025-04-27,Betim,C,2,Sedan-W,VIN000279,442,456,9,69,19,85,"1353442,95"
2025-05-01,Goiana,B,2,Sedan-W,VIN000280,577,609,11,42,14,"55,6","1640128,79"
2025-06-16,Porto Real,B,1,SUV-X,VIN000281,486,451,6,86,19,"48,5","1149154,12"
2025-02-22,Goiana,A,2,Pickup-Z,VIN000282,556,586,1,27,17,"63,5","1370409,54"
2025-03-21,Porto Real,B,1,SUV-X,VIN000283,417,447,2,54,11,"49,5","1307649,51"
2025-06-02,Betim,A,3,Hatch-Y,VIN000284,523,506,1,17,18,"79,6","1336746,17"
2025-04-15,Betim,C,2,Hatch-Y,VIN000285,643,621,1,3,12,"108,3","2052203,92"
2025-05-27,Betim,D,1,Hatch-Y,VIN000286,604,609,0,10,15,"26,4","1204284,45"
2025-03-10,Porto Real,D,1,SUV-X,VIN000287,619,605,8,44,17,"47,2","1603245,56"
2025-05-07,Goiana,A,3,Pickup-Z,VIN000288,448,475,7,5,10,"62,5","1119454,29"
2025-03-28,Betim,B,2,SUV-X,VIN000289,538,568,12,2,18,"18,6","1341862,59"
2025-04-25,Betim,A,3,Pickup-Z,VIN000290,492,458,10,32,13,53,1195077
2025-06-23,Goiana,A,1,Hatch-Y,VIN000291,456,433,6,18,16,"78,1","935666,85"
2025-04-18,Goiana,B,2,Pickup-Z,VIN000292,646,645,14,71,18,"23,8","1288403,22"
2025-01-18,Goiana,C,1,Pickup-Z,VIN000293,601,609,12,73,11,"52,4","1212100,9"
2025-06-14,Goiana,A,1,Pickup-Z,VIN000294,481,510,4,40,19,"15,7","1114926,41"
2025-03-14,Betim,C,2,Hatch-Y,VIN000295,532,564,9,46,9,"46,9","1595517,05"
2025-02-26,Goiana,D,2,Pickup-Z,VIN000296,485,473,1,17,10,"38,3","1009900,97"
2025-03-18,Porto Real,C,3,Pickup-Z,VIN000297,521,534,6,88,15,"95,3","965474,39"
2025-04-06,Betim,C,1,Sedan-W,VIN000298,565,546,10,85,10,"64,1","1501129,29"
2025-05-18,Goiana,B,1,Sedan-W,VIN000299,561,545,13,27,15,"15,9","1291321,37"
2025-02-21,Betim,B,3,Pickup-Z,VIN000300,598,569,13,85,12,"108,3","1455164,64"
2025-06-16,Goiana,D,1,SUV-X,VIN000301,487,483,5,72,9,"93,7","1111520,75"
2025-06-12,Betim,B,1,SUV-X,VIN000302,421,458,10,23,16,"34,1","777651,75"
2025-01-26,Betim,C,3,Sedan-W,VIN000303,428,468,14,51,14,"38,7","1334060,07"
2025-06-27,Goiana,A,1,Hatch-Y,VIN000304,552,580,1,25,19,"74,3","1025377,67"
2025-04-19,Porto Real,B,3,Hatch-Y,VIN000305,468,460,13,53,19,"101,3","1081617,21"
2025-04-05,Betim,D,2,SUV-X,VIN000306,451,491,15,84,15,"27,6","876768,51"
2025-01-27,Goiana,D,1,Hatch-Y,VIN000307,481,447,6,1,19,"23,2","1364494,41"
2025-04-29,Betim,A,3,Sedan-W,VIN000308,601,625,4,86,14,"13,3","1086387,96"
2025-04-13,Betim,D,1,SUV-X,VIN000309,612,613,5,51,19,"84,5","1618205,44"
2025-01-03,Goiana,B,3,Sedan-W,VIN000310,594,575,4,90,11,"115,2","1432395,16"
2025-05-21,Porto Real,B,2,Pickup-Z,VIN000311,531,571,3,6,20,"41,1","1128775,01"
2025-05-23,Porto Real,B,3,Pickup-Z,VIN000312,489,460,7,71,8,98,"882039,54"
2025-02-04,Betim,B,1,Sedan-W,VIN000313,450,488,12,36,8,"62,9","1112786,27"
2025-03-31,Porto Real,C,1,Pickup-Z,VIN000314,500,487,1,44,8,50,"1383062,84"
2025-02-12,Porto Real,B,3,Sedan-W,VIN000315,629,614,10,28,17,"72,7","2002195,8"
2025-01-01,Goiana,A,1,Hatch-Y,VIN000316,636,604,11,5,15,"74,8","1301561,75"
2025-06-23,Betim,A,1,Sedan-W,VIN000317,471,494,8,14,15,"63,3","1190058,31"
2025-03-19,Porto Real,B,1,Hatch-Y,VIN000318,497,501,0,65,17,"62,3","1500998,97"
2025-01-20,Porto Real,C,3,Sedan-W,VIN000319,624,617,12,47,14,"27,6","1789375,71"
2025-01-26,Betim,C,3,Pickup-Z,VIN000320,623,650,8,38,18,"89,1","1179578,73"
2025-01-16,Porto Real,D,3,SUV-X,VIN000321,464,446,4,54,13,"39,3","1104960,48"
2025-05-06,Goiana,A,3,Pickup-Z,VIN000322,492,517,11,52,9,"104,7","1552212,44"
2025-05-08,Goiana,D,1,Sedan-W,VIN000323,587,614,9,45,19,"38,7","1210857,27"
2025-03-15,Goiana,A,2,Hatch-Y,VIN000324,555,522,15,66,20,"86,4","1583723,64"
2025-06-08,Goiana,D,1,Hatch-Y,VIN000325,669,641,4,7,12,"92,3","1627620,35"
2025-04-18,Porto Real,C,2,Sedan-W,VIN000326,458,491,8,58,12,91,"1394974,98"
2025-05-24,Porto Real,C,2,Sedan-W,VIN000327,593,603,10,32,18,"47,8","1091671,55"
2025-04-08,Goiana,A,1,Sedan-W,VIN000328,591,571,10,31,12,"65,1","1582846,68"
2025-03-28,Porto Real,C,3,Sedan-W,VIN000329,459,492,1,42,11,"66,4","929884,9"
2025-05-22,Betim,C,3,Hatch-Y,VIN000330,571,541,0,39,8,"10,9","1171189,09"
2025-01-22,Porto Real,C,2,Sedan-W,VIN000331,425,432,6,73,17,"24,5","1279160,21"
2025-02-08,Porto Real,D,2,SUV-X,VIN000332,606,632,9,38,9,"116,9","1151188,47"
2025-03-18,Porto Real,D,3,Sedan-W,VIN000333,597,604,4,31,11,"13,5","1258752,59"
2025-05-28,Porto Real,B,1,Sedan-W,VIN000334,446,424,10,7,17,"89,3","1072749,51"
2025-05-21,Betim,C,2,Sedan-W,VIN000335,599,584,5,58,16,"18,6","1640117,58"
2025-04-23,Betim,A,2,SUV-X,VIN000336,611,615,0,82,15,"48,6","1659954,25"
2025-02-27,Porto Real,D,2,SUV-X,VIN000337,458,484,3,35,17,"64,7","1374735,49"
2025-04-30,Porto Real,B,1,SUV-X,VIN000338,426,438,6,54,14,"105,7","1269569,33"
2025-06-27,Betim,B,2,Sedan-W,VIN000339,600,632,8,81,18,"54,6","1590710,4"
2025-04-23,Porto Real,C,1,SUV-X,VIN000340,486,486,15,53,15,"55,6","1395977,44"
2025-02-22,Porto Real,B,2,Pickup-Z,VIN000341,451,431,7,44,17,"113,1","1071319,77"
2025-06-21,Goiana,D,2,SUV-X,VIN000342,612,629,7,17,14,84,"1829031,95"
2025-03-31,Porto Real,C,1,SUV-X,VIN000343,488,503,11,56,9,"86,6","890573,3"
2025-03-28,Goiana,A,1,Hatch-Y,VIN000344,429,425,10,48,8,"63,8","1340927,77"
2025-04-10,Goiana,A,3,Pickup-Z,VIN000345,577,575,9,61,15,"115,9","1345548,95"
2025-01-06,Porto Real,B,3,SUV-X,VIN000346,532,542,12,1,17,"12,2","1531441,35"
2025-01-27,Porto Real,D,3,Sedan-W,VIN000347,434,439,9,44,11,69,"1357679,59"
2025-06-18,Goiana,C,3,Hatch-Y,VIN000348,389,423,3,36,10,"34,8","932741,73"
2025-04-28,Goiana,D,3,Pickup-Z,VIN000349,507,525,6,35,18,95,"1021135,53"
2025-02-09,Goiana,D,2,Hatch-Y,VIN000350,594,560,8,58,14,"21,4","1348071,42"
2025-01-10,Porto Real,D,1,Pickup-Z,VIN000351,495,471,9,26,15,"73,9","1315704,04"
2025-04-07,Betim,B,1,SUV-X,VIN000352,495,505,15,4,9,"109,7","1203636,74"
2025-03-16,Betim,B,2,Sedan-W,VIN000353,523,521,12,9,9,"97,3","1283526,27"
2025-02-15,Goiana,D,1,Sedan-W,VIN000354,635,606,15,17,16,"94,5","1875870,59"
2025-05-20,Goiana,C,1,Sedan-W,VIN000355,441,462,0,72,8,"83,1","1215132,54"
2025-03-26,Porto Real,D,1,Hatch-Y,VIN000356,485,466,7,84,12,"70,9","1060456,57"
2025-05-08,Goiana,C,3,Sedan-W,VIN000357,487,474,3,53,20,51,"1032947,95"
2025-06-11,Goiana,B,3,Pickup-Z,VIN000358,650,637,6,23,15,75,"1814245,72"
2025-04-06,Goiana,D,1,Pickup-Z,VIN000359,645,627,11,61,18,"116,6","1922791,63"
2025-05-22,Betim,D,1,Hatch-Y,VIN000360,466,484,4,65,15,"105,9","981577,74"
2025-04-08,Betim,B,3,SUV-X,VIN000361,520,541,14,45,8,"70,7","947167,15"
2025-04-30,Goiana,D,2,Pickup-Z,VIN000362,486,490,13,24,19,"65,6","1168232,27"
2025-05-31,Betim,A,3,Sedan-W,VIN000363,508,548,12,36,17,"21,2","1055240,59"
2025-03-27,Betim,A,1,SUV-X,VIN000364,465,498,5,83,18,"17,1","1266224,59"
2025-04-22,Goiana,D,3,Sedan-W,VIN000365,482,473,8,79,10,"67,2","1380723,08"
2025-03-11,Goiana,B,1,SUV-X,VIN000366,484,484,11,12,17,76,"1456757,08"
2025-05-30,Goiana,C,2,Sedan-W,VIN000367,613,631,11,77,13,"31,2","1516080,06"
2025-02-21,Goiana,B,1,Sedan-W,VIN000368,517,552,1,65,20,"21,2","1264834,51"
2025-06-18,Goiana,A,1,Sedan-W,VIN000369,515,552,1,57,20,"96,6",1352939
2025-01-31,Betim,A,1,SUV-X,VIN000370,551,552,2,52,18,"22,6","1478112,94"
2025-04-22,Goiana,A,2,Hatch-Y,VIN000371,554,546,15,45,16,"39,3","1100031,66"
2025-06-20,Goiana,D,3,Sedan-W,VIN000372,571,559,9,88,9,"95,6","1313438,05"
2025-06-10,Betim,A,2,Sedan-W,VIN000373,432,459,12,84,17,"36,1","1181194,94"
2025-01-24,Porto Real,C,3,Pickup-Z,VIN000374,635,607,2,76,18,36,1640390
2025-04-15,Betim,B,2,Hatch-Y,VIN000375,463,459,6,53,20,"87,7","1026552,85"
2025-02-06,Goiana,B,3,Pickup-Z,VIN000376,601,619,3,83,17,"74,5","1636860,27"
2025-01-06,Goiana,B,2,Sedan-W,VIN000377,561,542,6,33,8,"91,6","1603087,03"
2025-03-08,Goiana,C,1,Pickup-Z,VIN000378,553,563,14,28,8,50,"1587482,85"
2025-01-11,Porto Real,B,1,Pickup-Z,VIN000379,626,605,15,72,18,"9,8","1725178,89"
2025-01-09,Porto Real,A,2,Pickup-Z,VIN000380,485,457,10,82,12,40,"1035012,24"
2025-03-22,Porto Real,A,1,Sedan-W,VIN000381,559,564,9,78,14,"82,1","1767601,59"
2025-01-19,Porto Real,A,3,Hatch-Y,VIN000382,557,597,0,73,20,"57,1","1591274,42"
2025-02-17,Goiana,C,1,SUV-X,VIN000383,636,648,2,34,11,"68,4","1860086,75"
2025-05-28,Porto Real,C,2,Hatch-Y,VIN000384,496,473,0,83,14,"13,5","1179405,03"
2025-05-05,Porto Real,B,3,SUV-X,VIN000385,558,576,2,16,12,"28,2","1079193,48"
2025-03-24,Betim,C,3,Sedan-W,VIN000386,567,575,6,18,14,"57,6","1180726,09"
2025-01-23,Porto Real,B,3,Hatch-Y,VIN000387,445,453,1,30,8,"42,5","1356278,34"
2025-02-24,Goiana,D,3,Sedan-W,VIN000388,459,495,6,87,20,"63,5","1308234,65"
2025-05-08,Porto Real,D,3,Pickup-Z,VIN000389,517,525,1,90,17,19,"1470846,57"
2025-06-10,Betim,B,1,Sedan-W,VIN000390,574,612,8,42,9,"70,9","1140203,52"
2025-02-24,Porto Real,A,1,SUV-X,VIN000391,636,610,15,39,12,"88,4","1768696,1"
2025-04-27,Porto Real,D,3,Sedan-W,VIN000392,664,638,5,52,19,"13,3","1968942,2"
2025-02-13,Porto Real,C,1,Pickup-Z,VIN000393,556,556,14,53,13,"58,5","1718216,39"
2025-04-18,Goiana,B,3,Pickup-Z,VIN000394,458,480,11,28,11,"34,8","995791,19"
2025-02-27,Porto Real,B,3,SUV-X,VIN000395,583,609,2,14,19,"58,5","1819936,38"
2025-05-19,Goiana,A,1,SUV-X,VIN000396,624,631,0,65,10,"65,7","1866468,47"
2025-06-24,Betim,D,2,Pickup-Z,VIN000397,492,497,14,27,12,"6,3","1479389,48"
2025-05-29,Porto Real,C,1,Hatch-Y,VIN000398,478,506,0,48,12,"21,1","1396345,13"
2025-03-15,Goiana,C,3,Pickup-Z,VIN000399,633,648,12,19,9,104,"1457039,96"
2025-06-08,Betim,A,1,Hatch-Y,VIN000400,539,513,15,8,14,"83,8","1349062,97"
2025-03-03,Goiana,C,1,Hatch-Y,VIN000401,663,633,3,79,14,"65,9","2042096,35"
2025-04-11,Betim,D,3,Sedan-W,VIN000402,433,466,2,77,16,96,"905020,73"
2025-01-18,Porto Real,C,2,Hatch-Y,VIN000403,466,493,8,83,8,10,"1458329,43"
2025-06-29,Betim,C,2,SUV-X,VIN000404,462,429,1,62,20,"111,2","1244447,28"
2025-01-01,Goiana,D,1,Hatch-Y,VIN000405,636,604,5,90,13,"89,2","1892207,82"
2025-03-20,Porto Real,A,3,Pickup-Z,VIN000406,521,520,10,87,19,"84,6","1312159,46"
2025-01-02,Porto Real,D,3,Pickup-Z,VIN000407,633,620,1,13,9,17,"1245106,83"
2025-06-27,Goiana,B,2,Pickup-Z,VIN000408,525,546,8,72,14,"39,2","1190172,88"
2025-04-12,Porto Real,C,2,SUV-X,VIN000409,570,603,3,23,18,"76,9","1239259,02"
2025-03-13,Goiana,C,1,Sedan-W,VIN000410,504,543,1,12,12,"74,9","1334080,4"
2025-04-29,Betim,A,1,Hatch-Y,VIN000411,556,577,2,43,13,"65,9","1251895,13"
2025-02-14,Betim,B,3,SUV-X,VIN000412,495,497,2,66,16,"46,8","1244059,73"
2025-03-21,Porto Real,C,3,Pickup-Z,VIN000413,465,495,0,17,16,"12,8","1294063,23"
2025-04-16,Betim,D,2,SUV-X,VIN000414,508,495,3,64,14,"103,1","1118355,11"
2025-02-20,Betim,C,2,Hatch-Y,VIN000415,564,573,9,52,12,"65,5","1777593,37"
2025-04-03,Porto Real,B,3,Hatch-Y,VIN000416,502,512,8,16,10,"98,1","1357706,61"
2025-03-07,Betim,B,2,Hatch-Y,VIN000417,483,473,7,63,15,"44,9","1004656,9"
2025-05-28,Betim,B,3,Pickup-Z,VIN000418,587,619,1,55,11,"119,4","1384702,54"
2025-03-08,Porto Real,A,2,Sedan-W,VIN000419,549,537,13,86,14,"100,2","1446259,84"
2025-02-24,Betim,C,1,SUV-X,VIN000420,620,588,13,13,11,"50,9","1979697,09"
2025-01-26,Goiana,A,1,Hatch-Y,VIN000421,609,640,2,8,10,"49,3","1634017,69"
2025-02-18,Betim,B,2,Hatch-Y,VIN000422,478,445,3,14,18,"62,1","1495321,16"
2025-01-15,Betim,A,3,Hatch-Y,VIN000423,526,501,0,11,18,"100,4","1613985,08"
2025-05-12,Betim,C,1,Pickup-Z,VIN000424,661,628,4,88,16,"27,7","1500541,02"
2025-06-06,Betim,D,1,Pickup-Z,VIN000425,611,626,13,41,11,"71,6","1869301,09"
2025-03-05,Porto Real,D,1,Pickup-Z,VIN000426,564,545,1,63,16,"76,3","1341559,96"
2025-01-18,Porto Real,A,1,Sedan-W,VIN000427,597,619,6,5,11,"97,5","1665376,47"
2025-03-18,Goiana,B,1,SUV-X,VIN000428,471,472,0,27,15,"77,1","1321831,78"
2025-03-26,Porto Real,A,2,Pickup-Z,VIN000429,556,591,7,82,17,99,"1244420,78"
2025-03-16,Betim,C,2,Sedan-W,VIN000430,650,642,6,0,15,"57,6","1695173,91"
2025-03-31,Porto Real,B,1,Sedan-W,VIN000431,598,616,14,59,8,"55,2","1445994,61"
2025-06-26,Porto Real,D,1,Pickup-Z,VIN000432,503,483,6,41,20,"12,8","1187739,98"
2025-06-14,Goiana,C,1,Pickup-Z,VIN000433,396,433,3,80,18,"94,4","1208226,15"
2025-04-06,Goiana,B,3,Hatch-Y,VIN000434,659,648,3,80,15,"84,7","2080930,83"
2025-04-15,Goiana,D,1,Sedan-W,VIN000435,525,519,1,83,14,"99,2","1510271,08"
2025-03-16,Porto Real,B,3,Hatch-Y,VIN000436,578,587,13,29,10,"48,8","1373325,33"
2025-05-02,Goiana,C,3,SUV-X,VIN000437,597,611,3,9,12,"20,8","1261558,92"
2025-04-21,Goiana,A,3,SUV-X,VIN000438,606,597,9,21,9,"74,6","1622837,12"
2025-05-09,Porto Real,C,3,SUV-X,VIN000439,455,436,10,84,15,"62,9","874120,24"
2025-02-13,Goiana,A,1,Hatch-Y,VIN000440,528,551,3,67,9,"12,6","1439829,04"
2025-04-09,Betim,C,1,Sedan-W,VIN000441,600,630,1,80,12,"105,1","1518519,97"
2025-06-23,Porto Real,D,1,SUV-X,VIN000442,600,589,15,46,14,95,"1416321,52"
2025-05-07,Porto Real,C,1,Sedan-W,VIN000443,555,534,1,15,12,47,"1625373,82"
2025-02-27,Porto Real,C,3,SUV-X,VIN000444,638,618,7,8,18,"37,6","1350506,87"
2025-01-12,Porto Real,C,2,SUV-X,VIN000445,634,621,3,9,15,"99,9","1567745,55"
2025-06-14,Goiana,A,2,Sedan-W,VIN000446,483,486,7,86,12,"115,5","1531978,93"
2025-06-09,Goiana,B,3,Pickup-Z,VIN000447,606,637,7,37,14,"54,3","1849722,2"
2025-06-21,Porto Real,D,2,Hatch-Y,VIN000448,490,455,9,39,14,"100,9","1214616,89"
2025-03-07,Goiana,C,1,Hatch-Y,VIN000449,621,611,2,60,12,"32,9","1403424,5"
2025-05-31,Goiana,C,2,SUV-X,VIN000450,521,514,9,64,14,"59,8","1175229,92"
2025-06-29,Goiana,A,1,Sedan-W,VIN000451,413,422,7,7,20,"84,9","943040,88"
2025-02-06,Betim,A,1,Sedan-W,VIN000452,604,634,4,57,9,"88,9","1931753,53"
2025-01-27,Goiana,A,3,Pickup-Z,VIN000453,461,497,2,24,20,"28,3","1350046,28"
2025-06-01,Porto Real,B,2,Pickup-Z,VIN000454,511,487,12,21,20,"69,6","1020077,27"
2025-01-24,Betim,A,3,Sedan-W,VIN000455,521,519,5,7,8,16,"1482369,11"
2025-02-08,Porto Real,C,1,Pickup-Z,VIN000456,630,611,0,14,17,"109,7","1636443,06"
2025-01-06,Goiana,D,3,SUV-X,VIN000457,544,555,11,33,13,"119,1","1130275,86"
2025-05-23,Betim,C,3,Hatch-Y,VIN000458,455,448,8,74,19,"25,5","895206,49"
2025-01-02,Goiana,A,1,Pickup-Z,VIN000459,459,470,0,59,19,"82,1","1248370,27"
2025-02-13,Goiana,B,3,SUV-X,VIN000460,481,491,7,77,17,"46,4","1023189,68"
2025-03-15,Porto Real,B,2,Hatch-Y,VIN000461,567,539,0,42,17,56,"1676193,49"
2025-06-20,Porto Real,A,1,Sedan-W,VIN000462,641,626,13,17,14,"90,7","1164181,05"
2025-04-06,Betim,C,2,Hatch-Y,VIN000463,446,464,13,32,14,"115,3","1014292,73"
2025-03-30,Betim,A,1,Hatch-Y,VIN000464,489,464,10,16,13,"96,2","1189933,63"
2025-03-13,Porto Real,A,2,SUV-X,VIN000465,436,450,15,65,20,"79,5","1078590,05"
2025-03-21,Betim,B,2,SUV-X,VIN000466,556,565,5,52,10,117,"1121700,72"
2025-06-17,Betim,B,2,Sedan-W,VIN000467,521,556,15,45,9,"65,6","977333,46"
2025-03-02,Betim,B,3,SUV-X,VIN000468,646,623,10,75,11,"24,5","1278916,76"
2025-03-16,Porto Real,A,1,Pickup-Z,VIN000469,436,454,10,0,12,"11,2","1235046,46"
2025-05-21,Betim,C,1,Sedan-W,VIN000470,542,527,0,73,12,"97,6","1318007,52"
2025-04-04,Goiana,A,1,SUV-X,VIN000471,646,626,15,56,17,"18,2","1850208,22"
2025-06-14,Porto Real,D,2,Hatch-Y,VIN000472,585,615,3,31,12,"21,6","1125401,4"
2025-04-18,Betim,A,3,Hatch-Y,VIN000473,621,620,7,63,14,"73,9","1897600,42"
2025-05-29,Porto Real,B,2,Sedan-W,VIN000474,437,429,2,35,10,51,"877623,13"
2025-06-09,Porto Real,A,3,Sedan-W,VIN000475,452,476,9,76,10,"33,8","1080434,74"
2025-04-01,Goiana,A,1,Pickup-Z,VIN000476,470,488,0,14,20,"49,3","856394,32"
2025-05-05,Porto Real,B,1,Hatch-Y,VIN000477,668,638,15,23,12,"83,9","1305579,8"
2025-06-25,Betim,D,2,Hatch-Y,VIN000478,627,615,12,52,16,9,"1251761,47"
2025-05-09,Goiana,A,3,Pickup-Z,VIN000479,504,515,10,72,10,"88,8","934072,6"
2025-03-10,Porto Real,B,3,Hatch-Y,VIN000480,429,444,0,22,9,"49,9","848892,16"
2025-04-14,Betim,B,3,Pickup-Z,VIN000481,548,528,13,65,11,"62,9","1222545,22"
2025-04-06,Goiana,C,1,Pickup-Z,VIN000482,470,480,6,39,10,"66,3","1014084,97"
2025-03-08,Betim,C,1,SUV-X,VIN000483,602,609,10,65,16,"32,6","1818153,35"
2025-06-19,Betim,D,3,Hatch-Y,VIN000484,541,535,3,89,13,"52,1","1614833,3"
2025-05-09,Goiana,C,2,SUV-X,VIN000485,545,549,8,80,16,"47,4","1742582,3"
2025-01-12,Porto Real,A,3,Pickup-Z,VIN000486,552,535,7,77,18,"69,6","1349659,14"
2025-06-28,Betim,C,2,Pickup-Z,VIN000487,594,560,3,55,14,"112,9","1817143,58"
2025-01-06,Goiana,A,3,Hatch-Y,VIN000488,631,635,5,49,17,"41,8","1235759,11"
2025-06-01,Porto Real,A,3,Sedan-W,VIN000489,504,536,4,70,14,"34,2","1457937,74"
2025-03-11,Goiana,A,3,Hatch-Y,VIN000490,535,528,10,79,9,"11,9","1029432,11"
2025-06-19,Betim,B,3,Pickup-Z,VIN000491,426,466,12,52,20,"111,6","1253978,69"
2025-05-19,Goiana,B,2,SUV-X,VIN000492,461,441,5,13,15,"17,3","1368726,45"
2025-02-15,Goiana,B,2,SUV-X,VIN000493,439,469,11,72,20,"90,1","1269665,99"
2025-02-14,Porto Real,C,1,Pickup-Z,VIN000494,635,606,9,0,14,"39,8","1548800,2"
2025-01-15,Porto Real,A,2,Pickup-Z,VIN000495,592,594,3,53,17,"100,5","1861019,21"
2025-02-28,Betim,A,1,Pickup-Z,VIN000496,473,494,9,15,8,"7,7","986291,03"
2025-05-08,Goiana,D,3,Pickup-Z,VIN000497,470,467,5,60,17,72,"1420913,73"
2025-03-29,Goiana,B,3,SUV-X,VIN000498,533,498,7,46,15,"28,7","1313471,89"
2025-01-19,Porto Real,D,1,Pickup-Z,VIN000499,622,604,13,4,16,"17,8",1154386
2025-03-25,Porto Real,C,1,SUV-X,VIN000500,539,527,2,67,12,"88,1","982050,55"
2025-03-05,Goiana,C,2,SUV-X,VIN000501,552,575,4,6,16,"13,3","1134061,5"
2025-04-26,Goiana,C,1,Pickup-Z,VIN000502,552,591,6,67,20,"35,7","1298330,34"
2025-05-10,Goiana,A,1,Pickup-Z,VIN000503,545,556,4,78,13,"88,9","1195883,2"
2025-03-16,Goiana,B,1,Sedan-W,VIN000504,495,465,2,55,18,"46,5","1485877,59"
2025-03-16,Goiana,C,3,Hatch-Y,VIN000505,616,601,8,52,8,73,"1409736,1"
2025-02-07,Goiana,A,3,SUV-X,VIN000506,580,573,9,65,8,"19,1","1536871,56"
2025-04-30,Betim,B,3,Pickup-Z,VIN000507,615,643,2,16,10,"91,3","1489785,62"
2025-04-06,Porto Real,B,1,Pickup-Z,VIN000508,431,445,8,86,15,"45,7","1308313,62"
2025-05-21,Goiana,A,2,Hatch-Y,VIN000509,457,488,6,5,18,"24,9","847072,5"
2025-03-29,Goiana,D,1,SUV-X,VIN000510,507,519,3,53,17,"53,3",1014126
2025-02-02,Goiana,B,3,Sedan-W,VIN000511,511,520,0,59,15,"86,6","1346258,13"
2025-04-24,Goiana,B,1,Sedan-W,VIN000512,503,488,5,50,17,"67,1","1058159,91"
2025-05-01,Porto Real,D,3,Hatch-Y,VIN000513,644,626,3,78,20,"85,3","2016585,49"
2025-01-15,Goiana,B,3,SUV-X,VIN000514,547,570,5,52,15,"76,8","1217744,4"
2025-05-18,Porto Real,A,3,Hatch-Y,VIN000515,458,439,12,74,20,"86,2","951175,88"
2025-03-23,Betim,A,2,SUV-X,VIN000516,423,452,15,84,13,"30,7","982183,4"
2025-06-16,Goiana,C,3,Hatch-Y,VIN000517,493,517,2,40,16,"112,3","907952,26"
2025-06-10,Goiana,A,1,SUV-X,VIN000518,447,487,5,30,19,"37,8","886739,44"
2025-06-06,Betim,D,3,Pickup-Z,VIN000519,624,630,2,41,10,33,"1296782,69"
2025-04-14,Goiana,D,1,SUV-X,VIN000520,548,523,1,47,19,"68,1","1010680,21"
2025-04-24,Goiana,B,2,Pickup-Z,VIN000521,561,568,2,10,17,"105,9","1386694,19"
2025-01-24,Porto Real,A,1,Hatch-Y,VIN000522,515,493,14,1,18,"108,7","1526928,64"
2025-06-26,Goiana,A,2,Hatch-Y,VIN000523,431,441,13,59,17,"60,6","950729,83"
2025-06-19,Goiana,A,3,Sedan-W,VIN000524,496,512,7,34,8,"5,5","1580496,72"
2025-03-13,Betim,C,1,SUV-X,VIN000525,464,487,6,47,14,"117,6","1477871,71"
2025-06-21,Betim,A,3,SUV-X,VIN000526,589,625,15,43,17,"107,3","1497475,14"
2025-06-16,Goiana,C,3,Hatch-Y,VIN000527,451,459,5,63,12,"18,6","1137197,1"
2025-06-10,Betim,B,3,Pickup-Z,VIN000528,497,529,5,41,11,"5,6","1039891,88"
2025-04-27,Goiana,B,3,Hatch-Y,VIN000529,454,440,0,31,16,"28,9","1004745,79"
2025-01-06,Betim,A,2,SUV-X,VIN000530,401,435,10,42,9,"35,9","961960,83"
2025-04-09,Betim,C,3,Pickup-Z,VIN000531,517,500,12,66,13,"66,2","1610403,53"
2025-01-19,Porto Real,A,3,Pickup-Z,VIN000532,442,471,12,30,12,"90,2","1411389,22"
2025-06-18,Goiana,D,2,Hatch-Y,VIN000533,454,480,1,39,15,"22,1","1241655,28"
2025-05-08,Betim,A,3,Hatch-Y,VIN000534,476,451,1,62,17,"113,5","1140118,61"
2025-02-02,Porto Real,C,2,Sedan-W,VIN000535,632,639,14,20,8,"95,1","1187095,2"
2025-06-15,Betim,C,3,Pickup-Z,VIN000536,524,517,4,53,16,"102,2","1666050,49"
2025-05-05,Betim,B,2,Hatch-Y,VIN000537,549,523,6,68,13,"90,9","1573797,4"
2025-05-29,Betim,A,3,SUV-X,VIN000538,499,506,15,59,12,"46,7","1372001,94"
2025-05-29,Porto Real,D,3,Pickup-Z,VIN000539,512,533,12,4,18,"18,3","1388789,78"
2025-04-29,Porto Real,D,1,Sedan-W,VIN000540,602,579,4,62,20,"37,2","1700661,97"
2025-02-25,Betim,B,3,Sedan-W,VIN000541,413,449,7,73,17,"97,3","816743,78"
2025-04-16,Goiana,D,3,Sedan-W,VIN000542,493,512,15,3,8,7,"1001721,06"
2025-04-28,Porto Real,B,1,Pickup-Z,VIN000543,419,455,14,38,20,"35,8","776473,33"
2025-03-16,Porto Real,C,3,Hatch-Y,VIN000544,504,526,15,69,16,"111,4","1101241,78"
2025-03-10,Goiana,C,1,Sedan-W,VIN000545,591,592,7,17,17,"51,1","1791074,1"
2025-06-02,Goiana,C,2,Sedan-W,VIN000546,568,560,4,79,8,"74,3","1484240,45"
2025-04-08,Porto Real,A,3,SUV-X,VIN000547,664,633,6,16,9,"67,8","2058173,07"
2025-03-09,Betim,D,1,Pickup-Z,VIN000548,430,430,1,82,16,76,"851823,29"
2025-04-10,Porto Real,B,2,Sedan-W,VIN000549,597,632,9,9,16,"68,9","1077221,46"
2025-01-18,Porto Real,D,1,SUV-X,VIN000550,385,421,0,14,18,"63,9","815553,91"
2025-05-17,Porto Real,B,2,SUV-X,VIN000551,429,447,1,9,18,"57,9","941186,12"
2025-05-07,Betim,D,2,Pickup-Z,VIN000552,517,528,14,54,20,"29,7","1265389,98"
2025-04-19,Betim,B,2,SUV-X,VIN000553,636,619,11,79,16,32,"1382641,99"
2025-03-03,Betim,B,1,Sedan-W,VIN000554,505,475,8,79,14,"33,1","1524237,81"
2025-02-02,Porto Real,B,1,Hatch-Y,VIN000555,588,565,4,89,16,"21,9","1559308,76"
2025-03-25,Betim,A,3,Hatch-Y,VIN000556,444,438,8,49,19,"100,1","809297,37"
2025-06-03,Porto Real,C,2,SUV-X,VIN000557,397,421,13,79,18,"32,8","1267534,52"
2025-01-23,Porto Real,D,2,SUV-X,VIN000558,539,534,4,42,18,"66,8","1686878,67"
2025-06-24,Betim,B,1,Hatch-Y,VIN000559,659,633,14,49,12,"73,1","1715042,51"
2025-03-03,Betim,D,2,Hatch-Y,VIN000560,471,443,3,71,17,51,"1488778,14"
2025-02-20,Betim,D,1,Pickup-Z,VIN000561,498,513,9,11,20,"81,7","1429023,44"
2025-05-28,Porto Real,B,1,SUV-X,VIN000562,581,569,3,5,9,"5,1","1087368,89"
2025-06-15,Betim,C,2,Hatch-Y,VIN000563,483,493,8,62,11,"55,3","905196,4"
2025-01-25,Porto Real,B,1,Hatch-Y,VIN000564,468,463,1,60,12,"23,6","1062112,48"
2025-04-23,Betim,B,2,Sedan-W,VIN000565,553,566,12,36,12,"83,9","1294069,88"
2025-04-29,Betim,C,1,SUV-X,VIN000566,636,614,14,77,8,"23,6","1975944,44"
2025-05-16,Goiana,C,3,Pickup-Z,VIN000567,432,432,2,64,9,28,"1107108,46"
2025-05-09,Porto Real,B,2,Hatch-Y,VIN000568,640,634,3,0,14,"31,8","1311839,21"
2025-06-02,Betim,C,1,SUV-X,VIN000569,561,529,12,45,19,55,"1189179,61"
2025-04-29,Betim,B,2,Sedan-W,VIN000570,642,614,1,6,16,"107,4","1361866,19"
2025-01-20,Betim,A,1,Hatch-Y,VIN000571,596,624,3,9,14,"24,3","1189801,36"
2025-06-05,Porto Real,D,2,Hatch-Y,VIN000572,477,483,6,5,11,"41,5","950942,77"
2025-03-25,Betim,D,2,Sedan-W,VIN000573,556,549,7,27,16,"51,4","1323196,52"
2025-01-30,Goiana,D,2,Sedan-W,VIN000574,614,600,2,71,14,"99,3","1943090,44"
2025-03-13,Goiana,B,3,Pickup-Z,VIN000575,440,462,9,16,12,"83,7","846355,01"
2025-03-03,Goiana,A,3,Pickup-Z,VIN000576,491,488,6,14,9,"82,6","1374684,23"
2025-03-01,Betim,A,2,SUV-X,VIN000577,421,447,4,10,12,"90,4","1131203,68"
2025-03-20,Betim,B,1,Hatch-Y,VIN000578,602,625,10,77,10,"34,2","1763098,44"
2025-04-19,Betim,B,2,Sedan-W,VIN000579,423,462,13,54,20,"82,4","896978,33"
2025-06-28,Goiana,C,3,Hatch-Y,VIN000580,502,507,8,23,13,"17,5","1162665,05"
2025-03-07,Goiana,C,2,SUV-X,VIN000581,530,559,3,9,13,"86,3","1379296,91"
2025-04-23,Porto Real,A,1,SUV-X,VIN000582,520,495,6,53,16,"53,4","1447278,07"
2025-03-03,Betim,A,2,Sedan-W,VIN000583,566,553,2,15,13,"41,6","1151643,41"
2025-05-01,Goiana,D,2,SUV-X,VIN000584,502,471,10,89,10,"100,9","1281820,06"
2025-03-12,Betim,A,3,SUV-X,VIN000585,554,588,8,35,15,"45,2","1460195,74"
2025-04-24,Goiana,C,1,SUV-X,VIN000586,625,648,14,67,15,"113,2","1872281,56"
2025-01-23,Porto Real,C,2,Pickup-Z,VIN000587,644,630,11,4,18,"60,2","1314381,42"
2025-06-10,Betim,A,3,Pickup-Z,VIN000588,458,423,0,16,18,101,"1189911,4"
2025-02-11,Goiana,A,3,Pickup-Z,VIN000589,408,420,15,57,17,"25,8","1086761,44"
2025-04-21,Goiana,C,2,Sedan-W,VIN000590,443,480,5,79,9,"37,1","888920,15"
2025-01-16,Porto Real,B,1,SUV-X,VIN000591,419,440,8,63,19,13,"808181,74"
2025-03-27,Betim,B,1,Pickup-Z,VIN000592,534,532,14,69,12,"77,6","1657545,47"
2025-01-13,Betim,A,2,SUV-X,VIN000593,562,539,14,77,18,"111,3","1303303,58"
2025-01-27,Betim,B,1,Sedan-W,VIN000594,640,618,9,43,20,"41,6","1886313,3"
2025-05-16,Porto Real,D,1,Sedan-W,VIN000595,535,547,4,74,19,"91,1","1209301,79"
2025-01-06,Betim,D,3,Hatch-Y,VIN000596,571,608,5,87,20,"58,5","1073428,07"
2025-01-31,Porto Real,A,3,SUV-X,VIN000597,473,449,11,23,13,"84,4","1031158,46"
2025-04-28,Betim,A,3,SUV-X,VIN000598,567,547,5,37,9,"32,3","1059290,25"
2025-02-28,Goiana,D,1,SUV-X,VIN000599,436,445,10,26,10,"52,4","914707,42"
2025-02-25,Porto Real,A,1,Sedan-W,VIN000600,485,475,10,77,8,"81,5","1149206,87"
2025-04-17,Goiana,A,3,Pickup-Z,VIN000601,519,530,8,32,8,"20,8","1373473,07"
2025-03-26,Goiana,C,2,Hatch-Y,VIN000602,512,530,4,47,18,"106,4","1119806,42"
2025-04-06,Porto Real,B,1,Pickup-Z,VIN000603,428,461,3,37,17,"110,9","1037341,27"
2025-01-17,Betim,D,2,Hatch-Y,VIN000604,460,483,9,34,9,"39,4","885329,05"
2025-01-20,Goiana,C,2,SUV-X,VIN000605,602,614,5,54,19,"21,8","1523406,04"
2025-03-21,Porto Real,D,2,Pickup-Z,VIN000606,504,504,13,30,9,"94,7","1340382,55"
2025-05-07,Porto Real,A,1,Sedan-W,VIN000607,532,562,15,40,15,"20,9","1466095,41"
2025-04-27,Goiana,A,3,Pickup-Z,VIN000608,497,507,10,71,13,"110,6","1584042,24"
2025-02-01,Goiana,D,3,Hatch-Y,VIN000609,465,488,9,43,18,"62,1","1431881,52"
2025-05-01,Porto Real,D,1,Hatch-Y,VIN000610,566,547,2,12,18,"98,2","1263974,06"
2025-04-21,Goiana,C,1,Sedan-W,VIN000611,492,520,0,60,9,"54,6","1427813,6"
2025-03-15,Betim,D,1,Hatch-Y,VIN000612,513,538,7,59,19,51,"1049242,79"
2025-04-21,Betim,A,3,Hatch-Y,VIN000613,635,616,4,19,12,"64,1","1888329,85"
2025-06-06,Goiana,C,3,SUV-X,VIN000614,608,581,7,5,13,"43,3","1436527,03"
2025-05-03,Goiana,D,2,SUV-X,VIN000615,528,561,11,1,15,"98,8","1571234,79"
2025-05-03,Goiana,C,1,SUV-X,VIN000616,450,431,3,13,16,"63,5","1149246,29"
2025-06-20,Goiana,B,2,Pickup-Z,VIN000617,454,491,0,11,12,"118,9","1366691,44"
2025-06-27,Betim,C,3,Sedan-W,VIN000618,533,527,5,51,9,"72,7","1589314,86"
2025-05-23,Porto Real,A,3,Hatch-Y,VIN000619,497,462,5,65,19,"71,8","1100786,05"
2025-02-12,Goiana,D,1,SUV-X,VIN000620,512,530,13,14,17,"26,3","1475454,33"
2025-04-01,Betim,D,2,Hatch-Y,VIN000621,671,641,5,79,19,"37,4","1274998,84"
2025-05-23,Goiana,C,1,SUV-X,VIN000622,493,505,13,18,14,"89,9","1444958,59"
2025-02-05,Porto Real,A,3,Pickup-Z,VIN000623,427,453,6,23,18,"62,9","910140,21"
2025-04-02,Porto Real,D,1,Sedan-W,VIN000624,517,520,8,60,13,"112,8","1567438,79"
2025-04-15,Goiana,A,2,SUV-X,VIN000625,628,632,11,29,12,"36,2","1327085,53"
2025-04-07,Betim,D,2,Hatch-Y,VIN000626,525,505,15,77,20,"38,2","1171415,47"
2025-06-28,Goiana,A,2,Sedan-W,VIN000627,666,633,11,68,11,"92,7","1674585,87"
2025-01-22,Goiana,C,2,Sedan-W,VIN000628,599,579,7,35,20,"96,1","1343224,87"
2025-05-03,Goiana,C,1,SUV-X,VIN000629,530,525,11,70,19,"104,1","1481929,92"
2025-01-02,Betim,A,2,SUV-X,VIN000630,487,507,8,75,13,"113,2","1372998,82"
2025-06-24,Porto Real,C,1,Pickup-Z,VIN000631,603,624,3,57,18,"103,9","1111456,69"
2025-05-02,Betim,B,2,SUV-X,VIN000632,521,517,5,83,14,"14,3","1296354,53"
2025-03-03,Porto Real,C,2,Pickup-Z,VIN000633,492,468,2,45,19,"108,3","1514911,45"
2025-05-19,Betim,D,2,SUV-X,VIN000634,498,523,4,24,17,"52,5","1329691,68"
2025-04-15,Goiana,A,2,Sedan-W,VIN000635,418,430,5,10,12,"79,5","1329453,46"
2025-04-27,Betim,C,2,Sedan-W,VIN000636,564,547,10,27,9,"42,5","1467396,38"
2025-06-23,Porto Real,A,3,Sedan-W,VIN000637,502,486,10,39,17,"85,2","1078808,84"
2025-02-26,Betim,A,3,SUV-X,VIN000638,591,560,14,85,16,55,"1688385,81"
2025-05-02,Goiana,B,1,SUV-X,VIN000639,506,528,7,59,18,"50,6","915806,67"
2025-01-25,Betim,B,3,SUV-X,VIN000640,541,513,4,14,9,"89,9","1291240,14"
2025-06-28,Porto Real,A,1,Pickup-Z,VIN000641,605,617,4,2,16,"70,8","1915642,19"
2025-05-04,Goiana,A,2,Pickup-Z,VIN000642,470,484,3,15,14,"15,8","1208605,04"
2025-02-03,Goiana,B,1,Pickup-Z,VIN000643,559,559,8,68,13,"107,3","1197260,25"
2025-05-25,Porto Real,C,1,SUV-X,VIN000644,429,458,0,23,17,46,"960229,1"
2025-06-23,Porto Real,B,2,SUV-X,VIN000645,443,476,1,27,13,"16,6","995016,27"
2025-02-07,Porto Real,D,1,SUV-X,VIN000646,620,625,4,2,16,"69,7","1328484,68"
2025-04-06,Porto Real,B,3,SUV-X,VIN000647,457,429,9,42,18,"9,4","1171771,02"
2025-04-28,Porto Real,B,3,Sedan-W,VIN000648,443,440,15,38,18,"19,7","1246007,02"
2025-06-20,Goiana,B,1,Hatch-Y,VIN000649,624,620,13,4,16,"82,4","1846034,13"
2025-05-13,Betim,C,1,Pickup-Z,VIN000650,583,551,6,32,8,"55,3","1462069,44"
2025-03-03,Porto Real,C,1,Hatch-Y,VIN000651,449,459,9,38,9,"61,5","941892,75"
2025-03-14,Porto Real,C,1,Hatch-Y,VIN000652,495,529,3,19,16,"51,6","1511330,83"
2025-02-21,Betim,B,3,Pickup-Z,VIN000653,523,496,5,34,13,15,"1461989,69"
2025-06-08,Goiana,A,2,Sedan-W,VIN000654,517,551,14,4,9,"83,1","1167291,25"
2025-06-02,Goiana,B,3,Hatch-Y,VIN000655,440,434,12,53,8,"42,4","1337858,99"
2025-01-09,Goiana,A,2,Hatch-Y,VIN000656,565,599,10,38,14,"40,7","1603463,06"
2025-03-11,Goiana,D,1,SUV-X,VIN000657,413,434,15,32,11,"8,4","1063290,97"
2025-04-25,Betim,B,2,Sedan-W,VIN000658,493,499,1,44,8,"87,1","1197234,46"
2025-01-02,Goiana,A,3,Sedan-W,VIN000659,623,620,6,52,15,"15,7","1636797,95"
2025-04-03,Goiana,C,3,Pickup-Z,VIN000660,471,451,9,4,11,"48,8","1213430,5"
2025-02-05,Porto Real,B,2,Sedan-W,VIN000661,613,608,7,1,12,"24,5","1817681,35"
2025-04-25,Goiana,B,2,Pickup-Z,VIN000662,499,508,12,48,11,103,"1080670,3"
2025-03-22,Porto Real,C,2,SUV-X,VIN000663,516,519,9,34,13,"17,6","1031607,87"
2025-04-15,Goiana,A,2,Pickup-Z,VIN000664,476,515,11,58,19,"44,5","885707,67"
2025-03-28,Betim,D,1,SUV-X,VIN000665,595,572,4,45,19,"108,1","1672587,31"
2025-04-13,Porto Real,A,2,SUV-X,VIN000666,624,650,9,50,11,"69,5","1378304,94"
2025-05-28,Porto Real,A,3,SUV-X,VIN000667,531,568,10,68,17,"21,7","1626030,56"
2025-04-04,Betim,A,2,Sedan-W,VIN000668,488,503,3,53,12,"29,4","894915,41"
2025-02-15,Porto Real,C,2,Sedan-W,VIN000669,459,449,3,37,13,"81,5","962352,2"
2025-05-06,Porto Real,C,2,Sedan-W,VIN000670,625,622,10,10,19,"48,9","1752503,22"
2025-03-11,Porto Real,C,1,SUV-X,VIN000671,422,443,14,21,17,"51,1","993023,22"
2025-01-28,Betim,D,3,Pickup-Z,VIN000672,591,595,2,61,17,"60,7","1760783,08"
2025-05-22,Goiana,B,3,Hatch-Y,VIN000673,524,559,2,68,11,"90,2","1106393,56"
2025-05-17,Betim,C,2,Pickup-Z,VIN000674,452,479,8,67,12,"105,5","878343,32"
2025-02-17,Porto Real,A,2,Pickup-Z,VIN000675,650,628,10,38,11,"100,3","1291569,65"
2025-01-30,Goiana,D,2,Pickup-Z,VIN000676,558,598,13,18,11,"111,7","1331941,6"
2025-03-16,Goiana,C,2,Sedan-W,VIN000677,492,509,9,0,10,51,"1129573,05"
2025-01-20,Porto Real,C,2,Hatch-Y,VIN000678,572,592,12,27,16,"73,7","1393027,05"
2025-04-27,Goiana,C,3,Sedan-W,VIN000679,640,626,13,36,12,"112,3","1828241,16"
2025-02-04,Goiana,B,3,Sedan-W,VIN000680,496,482,10,56,8,118,"1403495,33"
2025-02-26,Goiana,A,3,Pickup-Z,VIN000681,607,639,1,84,17,"15,8","1292722,93"
2025-02-19,Goiana,D,3,Hatch-Y,VIN000682,414,444,6,48,13,"98,4","959343,51"
2025-06-29,Betim,A,1,Hatch-Y,VIN000683,562,596,11,49,10,"44,5","1420143,53"
2025-03-09,Porto Real,A,2,Hatch-Y,VIN000684,407,437,15,77,18,47,"1235396,19"
2025-02-20,Goiana,A,3,Sedan-W,VIN000685,554,540,1,30,12,"106,1","1335622,51"
2025-06-16,Goiana,C,1,Sedan-W,VIN000686,489,488,15,43,18,"37,6","1232803,87"
2025-06-28,Betim,C,3,Sedan-W,VIN000687,517,527,10,25,15,55,"1133373,6"
2025-06-08,Porto Real,C,2,Hatch-Y,VIN000688,407,436,14,47,19,"54,4","961490,03"
2025-01-07,Goiana,B,2,Pickup-Z,VIN000689,387,422,4,84,18,"21,4","909361,13"
2025-02-26,Porto Real,C,3,Sedan-W,VIN000690,507,520,12,43,9,10,"1467150,4"
2025-05-15,Porto Real,C,1,SUV-X,VIN000691,395,430,6,32,19,93,"984149,05"
2025-01-12,Porto Real,C,1,Hatch-Y,VIN000692,565,573,1,24,20,48,"1033534,7"
2025-03-31,Porto Real,C,2,Pickup-Z,VIN000693,596,624,9,83,17,"14,4","1109893,22"
2025-06-04,Betim,A,3,SUV-X,VIN000694,614,587,7,78,13,"112,9","1758359,96"
2025-04-17,Betim,A,2,Sedan-W,VIN000695,546,529,0,35,20,"10,9","1607254,36"
2025-06-27,Goiana,B,3,Sedan-W,VIN000696,450,451,10,66,8,"63,3","1129805,32"
2025-01-28,Goiana,B,3,SUV-X,VIN000697,585,565,9,55,9,"66,7","1788063,35"
2025-02-08,Goiana,A,2,SUV-X,VIN000698,514,529,9,60,18,"88,6","1564631,87"
2025-01-27,Betim,C,3,Hatch-Y,VIN000699,538,566,7,80,17,"56,3","1331850,53"
2025-04-02,Betim,B,3,Hatch-Y,VIN000700,489,502,6,36,8,"97,2","1063751,01"
2025-06-01,Goiana,C,2,Hatch-Y,VIN000701,400,436,2,53,16,"64,3","813472,49"
2025-03-13,Porto Real,B,2,Pickup-Z,VIN000702,609,640,10,88,14,48,"1730448,57"
2025-01-19,Goiana,B,2,SUV-X,VIN000703,538,563,5,38,13,"105,3","1074529,07"
2025-02-09,Betim,B,3,Pickup-Z,VIN000704,452,439,1,16,13,"79,1","1290016,55"
2025-02-02,Betim,B,3,Hatch-Y,VIN000705,445,471,11,72,12,"51,4","1386737,87"
2025-04-29,Betim,A,1,SUV-X,VIN000706,682,648,12,85,16,"20,4","1614871,44"
2025-03-18,Betim,C,1,Sedan-W,VIN000707,462,500,0,70,19,"51,3","1283249,31"
2025-04-15,Goiana,D,1,Hatch-Y,VIN000708,611,643,11,44,17,"25,8","1148022,99"
2025-04-06,Goiana,B,1,SUV-X,VIN000709,553,566,1,57,8,"14,9","1694579,25"
2025-03-06,Goiana,A,2,SUV-X,VIN000710,565,541,0,67,8,"43,6","1183394,92"
2025-04-27,Betim,B,3,Pickup-Z,VIN000711,591,620,15,77,12,57,"1195977,39"
2025-06-21,Betim,B,2,Pickup-Z,VIN000712,469,481,10,70,16,"83,8","1267578,45"
2025-02-16,Goiana,C,3,Pickup-Z,VIN000713,610,625,6,60,14,"87,9","1286057,92"
2025-05-29,Betim,B,1,SUV-X,VIN000714,448,488,3,67,20,"46,7","1264013,74"
2025-03-08,Goiana,A,2,Hatch-Y,VIN000715,474,450,11,71,18,"70,2","895593,87"
2025-06-09,Goiana,B,1,SUV-X,VIN000716,603,569,14,24,15,"63,2","1895154,39"
2025-05-25,Porto Real,A,3,Sedan-W,VIN000717,569,535,5,80,14,"107,3","1309144,9"
2025-02-10,Goiana,C,2,Sedan-W,VIN000718,507,538,0,45,15,"118,7","1570481,06"
2025-05-08,Porto Real,D,2,Pickup-Z,VIN000719,603,622,11,71,14,"64,7","1624798,93"
2025-03-11,Porto Real,C,2,Hatch-Y,VIN000720,548,577,3,3,10,"93,4","1513504,71"
2025-03-31,Goiana,D,1,SUV-X,VIN000721,484,475,5,7,19,"15,8","883518,97"
2025-01-22,Porto Real,D,1,Pickup-Z,VIN000722,647,637,2,19,15,"111,9","1415721,23"
2025-03-08,Porto Real,B,2,Sedan-W,VIN000723,579,580,5,18,20,"54,6","1383872,58"
2025-04-25,Goiana,A,1,Sedan-W,VIN000724,633,627,8,50,16,"13,7","1220880,9"
2025-03-21,Goiana,B,1,Hatch-Y,VIN000725,553,548,2,52,8,"11,4","1660783,49"
2025-05-01,Goiana,B,3,Pickup-Z,VIN000726,560,591,4,32,15,"55,9","1158580,58"
2025-05-24,Porto Real,C,3,SUV-X,VIN000727,590,616,10,46,18,"67,4","1813761,99"
2025-02-21,Goiana,C,3,Sedan-W,VIN000728,413,452,10,35,19,"107,9","1284157,24"
2025-04-24,Goiana,A,2,SUV-X,VIN000729,464,439,15,17,17,"18,8","1192781,78"
2025-03-24,Porto Real,D,3,Pickup-Z,VIN000730,633,605,1,47,15,"46,9","1981595,94"
2025-02-25,Betim,C,3,Hatch-Y,VIN000731,447,428,2,65,9,"44,7","868669,9"
2025-02-11,Betim,A,1,Sedan-W,VIN000732,537,566,11,51,14,"15,1","1344246,41"
2025-02-27,Porto Real,A,2,Hatch-Y,VIN000733,665,639,1,70,20,"55,2","1324034,44"
2025-03-20,Porto Real,C,3,Sedan-W,VIN000734,539,542,2,7,11,"111,3","1501834,53"
2025-04-05,Porto Real,C,2,Hatch-Y,VIN000735,628,632,5,24,13,"15,6","1293778,08"
2025-06-07,Betim,D,1,Sedan-W,VIN000736,593,583,6,7,17,"84,5","1514942,66"
2025-05-30,Betim,D,2,SUV-X,VIN000737,549,557,3,19,18,"75,4","1543615,42"
2025-03-28,Porto Real,C,2,SUV-X,VIN000738,562,566,15,26,14,"79,7","1403816,95"
2025-05-13,Porto Real,A,1,Sedan-W,VIN000739,496,478,3,8,13,"53,9","1355091,17"
2025-06-17,Porto Real,A,2,Hatch-Y,VIN000740,507,491,6,67,14,"114,3","994868,99"
2025-02-28,Betim,D,1,Hatch-Y,VIN000741,583,570,13,14,12,"84,4","1738124,27"
2025-02-10,Betim,D,3,Sedan-W,VIN000742,584,590,15,23,9,103,"1314802,81"
2025-05-29,Betim,C,2,Pickup-Z,VIN000743,532,506,3,27,20,"39,1","1445884,92"
2025-05-20,Betim,D,3,Hatch-Y,VIN000744,550,559,8,69,8,"61,3","1341349,22"
2025-03-30,Betim,A,3,Pickup-Z,VIN000745,416,445,10,42,11,"56,3",804249
2025-05-03,Betim,B,1,SUV-X,VIN000746,475,456,12,89,20,"42,8","1390500,42"
2025-06-01,Betim,B,2,SUV-X,VIN000747,546,570,11,34,20,"45,7","1634314,34"
2025-04-03,Porto Real,D,1,Hatch-Y,VIN000748,513,525,0,72,20,"20,4",1010290
2025-03-12,Betim,C,1,Pickup-Z,VIN000749,597,579,3,41,19,"68,8","1085699,17"
2025-06-10,Goiana,C,2,Sedan-W,VIN000750,546,585,9,26,10,"17,2","1266888,54"
2025-05-14,Porto Real,C,3,SUV-X,VIN000751,454,458,1,48,19,"117,2","1440523,49"
2025-03-13,Goiana,C,2,Sedan-W,VIN000752,518,532,13,49,8,"84,6","1552151,92"
2025-02-27,Betim,B,2,Sedan-W,VIN000753,526,525,2,59,17,"109,9","1664932,29"
2025-04-30,Porto Real,A,3,Sedan-W,VIN000754,550,538,14,69,19,"34,3","1287270,6"
2025-03-12,Betim,D,2,Hatch-Y,VIN000755,581,615,15,35,16,"65,1","1117031,17"
2025-02-05,Betim,D,2,Sedan-W,VIN000756,533,515,15,27,8,"109,5","1202285,69"
2025-06-28,Betim,C,3,Sedan-W,VIN000757,592,624,9,24,9,"13,7","1807841,68"
2025-04-01,Porto Real,A,1,SUV-X,VIN000758,382,420,0,47,8,"63,1","872997,05"
2025-01-14,Betim,D,2,Sedan-W,VIN000759,467,434,0,65,12,"50,6","941273,65"
2025-03-11,Goiana,A,1,SUV-X,VIN000760,663,628,7,44,11,"111,3","1294209,05"
2025-03-04,Goiana,B,2,Pickup-Z,VIN000761,632,633,5,84,20,97,"1914220,15"
2025-03-31,Betim,A,3,Hatch-Y,VIN000762,607,640,0,29,13,"79,8","1315066,84"
2025-04-09,Betim,D,2,SUV-X,VIN000763,580,591,13,52,18,"64,3","1310338,8"
2025-03-05,Goiana,C,2,Hatch-Y,VIN000764,516,482,13,49,10,"18,3","1404090,05"
2025-05-30,Porto Real,A,2,Pickup-Z,VIN000765,473,462,5,0,10,"70,2","1261382,7"
2025-02-13,Betim,C,1,Hatch-Y,VIN000766,534,504,9,38,12,"76,4","1103568,7"
2025-02-26,Porto Real,A,1,SUV-X,VIN000767,538,567,7,17,13,"96,8","997818,09"
2025-04-19,Betim,B,1,Hatch-Y,VIN000768,520,541,1,44,16,79,"1362936,07"
2025-06-06,Goiana,D,3,Hatch-Y,VIN000769,521,541,8,88,15,"83,8","947029,82"
2025-06-12,Betim,C,3,SUV-X,VIN000770,458,444,0,75,12,"14,8","1035385,36"
2025-06-02,Porto Real,A,2,Hatch-Y,VIN000771,496,507,7,22,11,"99,6","1192120,83"
2025-05-06,Porto Real,A,1,Hatch-Y,VIN000772,546,516,8,23,20,"101,7","1416576,58"
2025-03-17,Betim,D,3,Sedan-W,VIN000773,643,624,11,55,17,"106,6","1660436,54"
2025-04-24,Betim,B,1,SUV-X,VIN000774,478,506,13,42,10,"99,3","1210270,27"
2025-06-19,Goiana,C,1,Pickup-Z,VIN000775,569,546,6,85,9,"42,2","1193599,3"
2025-01-24,Porto Real,B,3,Pickup-Z,VIN000776,489,505,12,6,9,"101,6","1403027,13"
2025-05-12,Goiana,C,2,Hatch-Y,VIN000777,624,601,11,86,9,"30,7","1218269,27"
2025-02-06,Betim,B,3,Hatch-Y,VIN000778,615,609,8,33,15,"95,7","1200396,22"
2025-05-09,Goiana,C,2,SUV-X,VIN000779,676,647,8,13,20,"102,5","1497237,25"
2025-03-04,Betim,D,2,Hatch-Y,VIN000780,509,487,10,56,15,"21,2","1121869,35"
2025-06-27,Porto Real,C,3,Hatch-Y,VIN000781,479,486,9,19,19,"112,9","915620,07"
2025-06-09,Goiana,D,3,Pickup-Z,VIN000782,423,439,6,47,12,"48,9","1085662,51"
2025-06-26,Goiana,C,1,SUV-X,VIN000783,454,433,1,21,17,"36,6","1400040,89"
2025-02-23,Goiana,C,3,SUV-X,VIN000784,442,430,1,68,8,"118,6","1105547,18"
2025-03-21,Porto Real,B,3,Pickup-Z,VIN000785,471,468,7,78,16,"73,9","1442253,8"
2025-03-02,Porto Real,C,3,Pickup-Z,VIN000786,615,592,8,82,10,"68,4","1251527,46"
2025-02-21,Porto Real,A,2,Hatch-Y,VIN000787,524,525,1,72,13,"111,9","1221473,9"
2025-04-15,Goiana,C,1,Sedan-W,VIN000788,597,594,15,11,15,"44,7","1482735,79"
2025-01-09,Goiana,A,3,Hatch-Y,VIN000789,513,505,6,37,19,"79,7","1047917,14"
2025-04-25,Porto Real,C,3,Pickup-Z,VIN000790,442,438,3,89,20,"52,2","894886,44"
2025-05-17,Goiana,D,1,Pickup-Z,VIN000791,458,462,0,67,11,"37,4","1117987,73"
2025-04-12,Porto Real,A,3,Hatch-Y,VIN000792,598,577,14,63,14,"38,6","1470434,84"
2025-02-02,Porto Real,D,1,Pickup-Z,VIN000793,574,545,13,35,11,"28,9","1534988,1"
2025-03-19,Porto Real,A,2,SUV-X,VIN000794,553,522,2,30,11,"108,8","1235065,89"
2025-06-02,Betim,A,3,Pickup-Z,VIN000795,601,623,7,28,20,"47,4","1648109,3"
2025-01-26,Betim,A,1,Hatch-Y,VIN000796,452,492,6,45,12,88,"1106514,2"
2025-03-01,Goiana,C,3,Pickup-Z,VIN000797,496,536,2,0,9,46,"1007861,83"
2025-03-18,Porto Real,D,2,SUV-X,VIN000798,566,572,12,34,20,"90,3","1716953,73"
2025-04-25,Porto Real,D,3,Sedan-W,VIN000799,591,564,10,20,12,96,"1211462,27"
2025-03-09,Betim,A,2,Sedan-W,VIN000800,556,525,15,62,14,"57,5","1496546,5"
2025-03-25,Goiana,C,2,Sedan-W,VIN000801,538,541,11,46,14,"51,2","1581489,41"
2025-04-10,Betim,C,1,SUV-X,VIN000802,595,616,0,7,19,"110,9","1084378,17"
2025-04-06,Betim,C,2,Pickup-Z,VIN000803,638,614,11,44,18,103,"1300744,32"
2025-05-24,Betim,B,2,Pickup-Z,VIN000804,537,565,14,39,14,"115,3","1298594,35"
2025-05-19,Porto Real,D,2,Sedan-W,VIN000805,607,642,15,38,18,"95,6","1855988,03"
2025-05-25,Porto Real,D,3,Pickup-Z,VIN000806,501,499,0,29,10,"112,1","1500191,87"
2025-06-29,Betim,B,3,Hatch-Y,VIN000807,647,627,11,83,14,"23,4","1217207,9"
2025-06-23,Betim,C,3,Pickup-Z,VIN000808,489,481,9,59,15,"110,9","1372820,7"
2025-01-12,Goiana,C,3,Pickup-Z,VIN000809,486,492,15,33,13,"69,9","1298495,24"
2025-02-22,Betim,C,1,Sedan-W,VIN000810,614,602,5,74,13,"46,1","1328805,01"
2025-06-21,Betim,C,1,SUV-X,VIN000811,613,644,6,5,8,"33,6","1683701,98"
2025-04-21,Goiana,A,2,Pickup-Z,VIN000812,451,448,12,31,12,"96,2","838765,23"
2025-05-09,Porto Real,D,3,Pickup-Z,VIN000813,592,627,0,29,15,"47,5","1349983,91"
2025-04-15,Betim,A,2,SUV-X,VIN000814,463,429,2,33,13,"111,7","1000518,46"
2025-02-04,Goiana,A,2,SUV-X,VIN000815,487,516,6,25,18,"46,5","1373466,12"
2025-04-02,Goiana,C,2,SUV-X,VIN000816,481,515,13,49,18,"51,2","1414326,7"
2025-06-05,Porto Real,C,1,SUV-X,VIN000817,616,589,13,69,8,"27,7","1119922,06"
2025-02-06,Goiana,A,1,Pickup-Z,VIN000818,533,508,12,61,16,"93,2","1433639,69"
2025-05-23,Goiana,A,2,Hatch-Y,VIN000819,465,488,15,59,10,"43,6","1066271,86"
2025-01-20,Goiana,D,2,Hatch-Y,VIN000820,564,550,0,89,11,"84,7","1173808,58"
2025-04-13,Porto Real,B,2,Hatch-Y,VIN000821,554,557,6,72,11,"95,6","1498318,55"
2025-05-21,Betim,A,2,Pickup-Z,VIN000822,477,492,9,65,13,"82,1","1399534,23"
2025-01-10,Porto Real,D,2,Pickup-Z,VIN000823,580,613,1,64,15,"88,7","1087673,98"
2025-03-09,Goiana,B,3,Hatch-Y,VIN000824,635,608,9,88,16,"102,8","1534720,3"
2025-04-14,Betim,B,1,Pickup-Z,VIN000825,604,569,1,54,13,"52,5","1664251,51"
2025-05-25,Goiana,D,2,Pickup-Z,VIN000826,498,515,4,56,20,"68,5","949378,89"
2025-01-30,Porto Real,B,3,Sedan-W,VIN000827,392,426,0,8,11,"30,2","831599,13"
2025-05-22,Goiana,B,2,Sedan-W,VIN000828,596,625,3,90,16,"103,7","1693089,07"
2025-01-07,Betim,C,1,Pickup-Z,VIN000829,590,619,11,2,11,"114,4","1319499,01"
2025-02-19,Betim,B,1,Hatch-Y,VIN000830,560,553,15,45,9,"48,7","1032676,59"
2025-02-15,Porto Real,B,2,Hatch-Y,VIN000831,582,618,12,20,10,40,"1145456,96"
2025-02-12,Betim,C,3,Pickup-Z,VIN000832,554,548,2,33,9,"22,4","1422299,9"
2025-01-24,Porto Real,B,3,SUV-X,VIN000833,502,483,14,32,16,"77,7","1030888,13"
2025-04-24,Goiana,A,1,Pickup-Z,VIN000834,598,566,2,6,9,"87,7","1837671,04"
2025-06-23,Betim,B,1,Pickup-Z,VIN000835,531,522,14,54,17,33,"1220487,2"
2025-02-27,Betim,C,1,Pickup-Z,VIN000836,602,590,3,19,14,"14,1","1690125,69"
2025-01-15,Porto Real,B,1,Sedan-W,VIN000837,628,605,7,3,9,"109,3","1392938,93"
2025-05-10,Porto Real,B,2,SUV-X,VIN000838,573,556,5,30,11,"38,1","1814913,62"
2025-01-31,Goiana,A,3,Pickup-Z,VIN000839,463,485,0,36,15,"29,2","993064,21"
2025-03-31,Porto Real,A,3,Hatch-Y,VIN000840,509,539,14,27,15,"79,2","1434646,5"
2025-02-15,Betim,D,2,Pickup-Z,VIN000841,639,627,14,8,10,"91,6","1871457,07"
2025-02-02,Porto Real,D,1,Sedan-W,VIN000842,456,463,9,23,17,"28,4","938778,92"
2025-03-13,Porto Real,C,1,Sedan-W,VIN000843,563,586,10,58,12,"21,5","1133047,4"
2025-05-27,Betim,A,3,Pickup-Z,VIN000844,389,420,13,14,16,"36,9","722533,96"
2025-03-14,Goiana,D,3,Sedan-W,VIN000845,640,643,6,78,14,"24,9","1815622,93"
2025-06-09,Porto Real,D,2,SUV-X,VIN000846,504,491,13,76,14,48,"1296830,31"
2025-01-29,Goiana,A,1,Hatch-Y,VIN000847,616,646,0,31,11,"70,9","1749781,93"
2025-01-20,Goiana,B,1,Hatch-Y,VIN000848,416,428,8,3,9,"40,5","1234362,94"
2025-06-18,Porto Real,D,1,SUV-X,VIN000849,496,462,2,76,18,"31,7","1221720,53"
2025-06-20,Porto Real,B,2,Pickup-Z,VIN000850,575,564,12,75,14,53,"1812070,19"
2025-02-19,Goiana,C,1,Sedan-W,VIN000851,629,639,13,47,10,"21,1","1484966,57"
2025-02-24,Betim,C,3,Hatch-Y,VIN000852,417,453,14,62,16,"107,4","1145362,71"
2025-03-28,Betim,D,2,Hatch-Y,VIN000853,470,437,7,2,16,"102,1","1164829,53"
2025-02-20,Goiana,D,2,Hatch-Y,VIN000854,428,424,12,22,10,"91,7","850196,6"
2025-01-06,Betim,C,3,Hatch-Y,VIN000855,668,639,13,83,15,"11,4","2108426,36"
2025-01-03,Betim,A,2,Pickup-Z,VIN000856,439,461,7,73,16,"62,9","975721,78"
2025-05-17,Goiana,D,2,Pickup-Z,VIN000857,614,599,11,75,19,"74,3","1790214,15"
2025-06-25,Porto Real,B,3,Sedan-W,VIN000858,534,534,0,30,9,"99,5","1506642,48"
2025-06-20,Goiana,A,2,Pickup-Z,VIN000859,627,611,5,52,9,"39,3","1749260,64"
2025-05-22,Goiana,A,1,Sedan-W,VIN000860,570,602,15,27,11,"68,5","1375418,4"
2025-06-23,Porto Real,A,2,Pickup-Z,VIN000861,533,518,5,61,13,"45,4","1373121,06"
2025-03-06,Porto Real,D,2,Pickup-Z,VIN000862,595,605,15,54,17,"84,1","1894055,02"
2025-05-14,Betim,A,3,SUV-X,VIN000863,515,490,3,46,17,"6,8","1069055,51"
2025-05-27,Porto Real,D,1,Sedan-W,VIN000864,653,639,3,73,14,"7,7","1249454,45"
2025-04-28,Goiana,D,1,Pickup-Z,VIN000865,546,541,2,68,17,11,"1625601,49"
2025-04-29,Porto Real,A,1,SUV-X,VIN000866,512,479,6,35,19,"99,5","1393856,39"
2025-03-26,Betim,D,2,Hatch-Y,VIN000867,545,570,13,16,12,"85,1","1406748,98"
2025-04-05,Goiana,B,3,SUV-X,VIN000868,509,479,14,71,18,"118,8","1404714,01"
2025-04-21,Porto Real,C,3,Hatch-Y,VIN000869,509,542,8,27,8,"38,6","1285864,54"
2025-03-28,Goiana,B,3,Hatch-Y,VIN000870,580,602,8,82,14,"57,7","1490992,33"
2025-01-01,Porto Real,C,1,Pickup-Z,VIN000871,457,437,6,26,12,"111,5","1315003,36"
2025-05-29,Betim,B,1,Sedan-W,VIN000872,465,473,5,40,15,"79,5","1169161,83"
2025-04-12,Porto Real,B,1,Sedan-W,VIN000873,638,640,15,25,13,"52,5","1492604,23"
2025-06-03,Betim,D,3,Pickup-Z,VIN000874,517,482,2,41,10,"101,5","1554574,6"
2025-06-05,Betim,D,2,Pickup-Z,VIN000875,579,599,5,7,20,"40,9","1801049,4"
2025-06-16,Goiana,B,1,Pickup-Z,VIN000876,460,453,9,72,16,"35,8","1019520,89"
2025-03-21,Porto Real,D,3,Pickup-Z,VIN000877,484,495,5,2,10,"55,8","974140,7"
2025-06-22,Porto Real,B,3,Pickup-Z,VIN000878,431,434,13,47,17,"49,3","1301368,35"
2025-02-01,Goiana,D,1,SUV-X,VIN000879,502,496,14,75,14,"62,8","1565013,69"
2025-06-06,Goiana,C,3,Hatch-Y,VIN000880,589,586,4,12,17,"15,7","1794865,38"
2025-02-20,Porto Real,B,2,Sedan-W,VIN000881,650,648,7,73,14,39,"1267190,15"
2025-01-22,Goiana,C,3,SUV-X,VIN000882,620,633,10,54,16,"76,3","1497014,32"
2025-02-04,Porto Real,B,1,Sedan-W,VIN000883,449,478,12,22,17,"109,9","1258055,66"
2025-01-29,Porto Real,C,2,Sedan-W,VIN000884,491,507,5,40,12,"106,7","1277995,54"
2025-06-25,Porto Real,D,2,Pickup-Z,VIN000885,418,421,12,44,13,"7,7","1325871,65"
2025-02-21,Goiana,A,3,Sedan-W,VIN000886,557,559,10,57,16,"64,7","1192543,13"
2025-04-24,Goiana,C,1,Hatch-Y,VIN000887,446,462,13,20,20,"36,6","976074,84"
2025-05-03,Porto Real,C,1,Hatch-Y,VIN000888,604,643,14,80,9,"57,8","1219306,29"
2025-03-25,Goiana,A,2,Sedan-W,VIN000889,546,541,14,26,13,"68,2","1180954,08"
2025-04-06,Goiana,D,2,Sedan-W,VIN000890,504,498,0,12,13,"16,3","1525723,72"
2025-02-25,Goiana,D,1,Sedan-W,VIN000891,613,636,9,61,13,"115,6","1507017,7"
2025-01-04,Porto Real,C,2,Pickup-Z,VIN000892,597,599,12,56,8,"23,7","1339219,68"
2025-04-04,Betim,C,3,Pickup-Z,VIN000893,478,462,4,4,19,"74,9","1523231,5"
2025-04-27,Betim,B,3,Hatch-Y,VIN000894,585,586,4,61,18,"80,1","1301976,39"
2025-01-16,Goiana,C,2,Sedan-W,VIN000895,506,506,14,25,12,"97,5","923209,59"
2025-03-10,Goiana,A,1,Sedan-W,VIN000896,560,531,10,5,11,"90,9","1274492,8"
2025-04-12,Porto Real,A,3,Hatch-Y,VIN000897,582,558,8,46,16,5,"1745745,56"
2025-06-22,Goiana,B,1,Hatch-Y,VIN000898,614,650,12,88,8,"110,4","1473245,4"
2025-01-09,Goiana,D,1,Hatch-Y,VIN000899,527,562,12,82,18,"36,1","1217632,46"
2025-06-12,Goiana,D,2,SUV-X,VIN000900,649,648,7,3,11,"103,8","1869858,93"
2025-01-11,Porto Real,A,1,SUV-X,VIN000901,541,524,11,17,16,"80,5","1307521,33"
2025-02-03,Betim,B,2,Sedan-W,VIN000902,538,564,14,74,14,97,"1083728,8"
2025-05-01,Goiana,C,3,SUV-X,VIN000903,517,531,6,8,8,"51,1","1173793,76"
2025-05-12,Betim,A,1,Hatch-Y,VIN000904,494,467,1,76,9,"78,1","1299371,36"
2025-01-08,Porto Real,A,1,Hatch-Y,VIN000905,641,634,13,11,14,"102,2","1492915,21"
2025-05-29,Betim,C,2,SUV-X,VIN000906,533,532,15,6,19,"70,5","1698296,37"
2025-01-22,Porto Real,A,3,Hatch-Y,VIN000907,623,611,1,17,18,"40,7","1432879,9"
2025-05-18,Goiana,C,3,Sedan-W,VIN000908,580,568,4,7,16,"46,9","1394245,25"
2025-04-20,Betim,B,3,Pickup-Z,VIN000909,499,517,10,89,18,"19,9","903247,34"
2025-06-10,Goiana,A,2,Hatch-Y,VIN000910,562,550,6,75,15,"65,3","1176056,18"
2025-04-24,Porto Real,B,2,Sedan-W,VIN000911,606,614,6,17,17,"89,1","1190718,89"
2025-04-01,Goiana,C,3,Hatch-Y,VIN000912,447,422,1,63,16,"74,4","885678,71"
2025-04-15,Porto Real,B,1,SUV-X,VIN000913,411,440,9,50,14,"72,6","793330,08"
2025-04-19,Porto Real,B,3,Pickup-Z,VIN000914,608,597,14,6,12,"112,8","1262336,99"
2025-05-29,Porto Real,D,2,Hatch-Y,VIN000915,519,553,9,28,19,104,"1293233,89"
2025-01-08,Betim,C,3,Hatch-Y,VIN000916,478,459,3,18,18,"31,5","1498584,91"
2025-06-13,Goiana,B,3,Pickup-Z,VIN000917,603,600,1,56,11,"30,5","1698998,5"
2025-03-17,Betim,B,1,Pickup-Z,VIN000918,495,517,1,55,8,"64,9","1409325,45"
2025-01-31,Betim,D,1,Pickup-Z,VIN000919,465,498,13,22,14,"33,2","978058,49"
2025-03-13,Porto Real,A,1,Hatch-Y,VIN000920,604,583,2,49,17,113,"1359007,47"
2025-05-06,Goiana,D,3,Pickup-Z,VIN000921,615,593,15,75,12,84,"1659569,56"
2025-05-21,Goiana,A,2,SUV-X,VIN000922,621,625,15,41,20,"68,9","1612165,04"
2025-05-08,Betim,D,3,Hatch-Y,VIN000923,627,641,1,80,11,"88,3","1640115,67"
2025-06-07,Goiana,A,3,Hatch-Y,VIN000924,633,645,0,20,14,114,"1642326,59"
2025-06-08,Betim,B,3,SUV-X,VIN000925,469,475,11,63,16,"31,4","1278065,18"
2025-04-08,Goiana,D,1,Hatch-Y,VIN000926,617,582,5,10,12,"7,5","1759942,21"
2025-03-16,Betim,C,1,SUV-X,VIN000927,408,421,3,34,9,"109,6","989042,38"
2025-04-29,Goiana,D,2,Sedan-W,VIN000928,493,461,12,28,20,"90,5","1081964,32"
2025-06-11,Betim,B,1,Pickup-Z,VIN000929,548,528,7,88,11,43,"1258460,45"
2025-06-26,Porto Real,A,3,Hatch-Y,VIN000930,452,486,0,11,17,103,"1413941,51"
2025-03-14,Porto Real,B,3,SUV-X,VIN000931,531,498,2,16,9,"115,5","1047543,69"
2025-01-18,Porto Real,B,1,Sedan-W,VIN000932,466,483,13,62,13,"28,1","853197,02"
2025-04-15,Goiana,C,3,Hatch-Y,VIN000933,519,518,8,61,20,"57,2","1656365,83"
2025-06-28,Porto Real,A,1,SUV-X,VIN000934,537,557,0,69,10,"67,7","1282312,63"
2025-01-23,Porto Real,D,2,Sedan-W,VIN000935,573,563,3,47,8,"18,6","1161042,16"
2025-01-30,Goiana,B,3,Sedan-W,VIN000936,580,585,6,66,12,"89,5","1466235,01"
2025-03-28,Porto Real,A,3,Hatch-Y,VIN000937,408,437,13,87,17,"27,4","1197885,42"
2025-06-05,Goiana,D,2,Hatch-Y,VIN000938,590,611,9,72,14,"28,1","1296111,5"
2025-06-02,Goiana,B,2,Pickup-Z,VIN000939,647,623,3,65,13,70,"1341650,97"
2025-06-06,Betim,C,2,Sedan-W,VIN000940,534,555,4,33,9,"19,6","1524171,94"
2025-06-01,Goiana,C,1,Sedan-W,VIN000941,526,532,1,75,14,"98,8","1106028,08"
2025-04-16,Betim,D,2,Sedan-W,VIN000942,532,503,7,72,11,"91,5","1657593,84"
2025-03-14,Goiana,D,2,Pickup-Z,VIN000943,455,492,7,61,14,"83,1","854715,43"
2025-05-11,Betim,D,3,SUV-X,VIN000944,456,423,15,14,13,"74,5","1077045,25"
2025-02-26,Goiana,B,2,Pickup-Z,VIN000945,559,526,8,75,19,"34,5","1265433,83"
2025-02-20,Goiana,A,1,Pickup-Z,VIN000946,529,539,15,32,17,"49,8","1194789,85"
2025-03-20,Goiana,A,2,Pickup-Z,VIN000947,478,505,2,57,14,"18,6","909084,5"
2025-03-12,Goiana,C,1,Hatch-Y,VIN000948,470,449,8,85,15,"55,7","1394811,95"
2025-02-06,Goiana,B,3,Sedan-W,VIN000949,549,558,15,8,9,"48,8","1275451,33"
2025-03-21,Porto Real,A,2,Sedan-W,VIN000950,489,479,14,1,10,"48,4",1533321
2025-05-31,Goiana,D,3,Hatch-Y,VIN000951,548,582,14,85,14,"112,2","1442762,45"
2025-02-22,Goiana,D,3,SUV-X,VIN000952,439,470,7,42,12,"81,4","811429,57"
2025-02-07,Betim,D,3,SUV-X,VIN000953,455,472,3,58,12,"14,5","1231227,88"
2025-04-23,Betim,D,3,Hatch-Y,VIN000954,523,541,12,28,16,"54,9","1013968,72"
2025-04-16,Porto Real,D,1,SUV-X,VIN000955,523,532,11,82,12,"36,3","1195473,88"
2025-02-02,Goiana,C,2,Pickup-Z,VIN000956,672,643,14,37,14,"112,7","1903220,62"
2025-03-22,Goiana,C,1,Pickup-Z,VIN000957,484,497,1,56,18,"51,1","1289145,7"
2025-04-08,Porto Real,A,2,Pickup-Z,VIN000958,526,516,14,49,18,"36,2","1023062,75"
2025-06-01,Porto Real,C,1,Pickup-Z,VIN000959,532,505,0,23,9,"5,4","1135250,85"
2025-01-31,Goiana,C,2,Hatch-Y,VIN000960,459,425,14,54,16,"46,6","844753,43"
2025-06-16,Betim,C,3,Hatch-Y,VIN000961,429,448,0,57,9,27,"828498,33"
2025-04-18,Porto Real,D,1,Pickup-Z,VIN000962,534,506,12,30,16,"39,2","962563,25"
2025-03-24,Porto Real,A,1,Pickup-Z,VIN000963,383,423,4,2,17,"60,7","720955,74"
2025-01-07,Goiana,A,1,Sedan-W,VIN000964,452,481,1,2,20,"48,6","1136437,81"
2025-02-14,Porto Real,C,2,Hatch-Y,VIN000965,566,551,8,20,17,"48,8","1208978,15"
2025-01-08,Betim,A,2,SUV-X,VIN000966,467,506,12,32,20,"75,3","1314234,67"
2025-04-20,Betim,C,3,Hatch-Y,VIN000967,523,551,11,41,13,"61,4","1564114,87"
2025-06-06,Goiana,C,3,SUV-X,VIN000968,459,491,14,5,16,"103,6","841422,86"
2025-06-05,Betim,C,1,SUV-X,VIN000969,438,431,7,69,10,"53,4","972040,37"
2025-06-01,Goiana,B,1,Sedan-W,VIN000970,598,574,0,75,8,"9,6","1534703,42"
2025-05-03,Goiana,D,1,Pickup-Z,VIN000971,440,477,11,24,19,"69,2","972888,47"
2025-01-21,Goiana,C,2,Pickup-Z,VIN000972,442,433,6,27,9,"102,6","1052131,33"
2025-04-16,Porto Real,C,3,Sedan-W,VIN000973,640,634,11,6,8,"106,5","1255409,94"
2025-01-17,Porto Real,A,3,Pickup-Z,VIN000974,653,646,3,74,16,"94,4","1560119,33"
2025-02-28,Betim,B,3,Pickup-Z,VIN000975,628,624,13,47,19,74,"1852812,05"
2025-03-27,Goiana,C,3,Pickup-Z,VIN000976,621,619,13,83,17,"64,9","1837580,62"
2025-04-02,Porto Real,B,2,SUV-X,VIN000977,611,631,14,54,18,"74,3","1474709,69"
2025-02-02,Porto Real,A,2,Sedan-W,VIN000978,542,532,4,64,8,"7,4","1440113,88"
2025-06-21,Goiana,D,1,Pickup-Z,VIN000979,533,524,3,14,16,"22,7","1374607,12"
2025-06-20,Betim,D,2,Sedan-W,VIN000980,544,518,14,84,11,"43,8","1637063,11"
2025-06-11,Porto Real,C,1,Pickup-Z,VIN000981,557,562,8,57,19,"7,1","1591934,58"
2025-05-10,Porto Real,C,2,Pickup-Z,VIN000982,585,589,6,57,19,62,"1097663,59"
2025-03-22,Betim,D,1,Hatch-Y,VIN000983,608,578,15,22,14,"10,2","1118253,52"
2025-05-28,Porto Real,B,3,SUV-X,VIN000984,413,427,7,37,11,"117,8","1020639,29"
2025-05-03,Goiana,D,2,Pickup-Z,VIN000985,429,432,6,59,18,"80,3","982902,02"
2025-04-22,Betim,B,3,Sedan-W,VIN000986,465,464,4,40,9,"59,9","1221010,29"
2025-01-20,Goiana,C,3,Hatch-Y,VIN000987,456,471,8,83,10,"72,6","934285,12"
2025-03-16,Betim,A,1,Pickup-Z,VIN000988,547,529,13,78,20,"30,3","1234723,54"
2025-05-07,Betim,C,1,Hatch-Y,VIN000989,558,547,1,68,11,"98,6","1282254,06"
2025-03-29,Betim,C,3,Sedan-W,VIN000990,567,590,1,37,20,57,"1336528,53"
2025-06-05,Betim,D,1,Sedan-W,VIN000991,432,442,3,6,13,97,"1330248,66"
2025-04-19,Betim,D,1,SUV-X,VIN000992,472,510,2,84,8,"57,3","1399256,27"
2025-02-08,Porto Real,A,3,SUV-X,VIN000993,615,614,3,27,11,"110,2","1250903,07"
2025-03-23,Porto Real,A,3,Sedan-W,VIN000994,540,518,6,76,13,"50,7","1371392,53"
2025-04-22,Betim,B,2,SUV-X,VIN000995,606,628,0,10,11,"50,3","1585642,64"
2025-03-19,Porto Real,D,3,Pickup-Z,VIN000996,482,476,15,69,15,"33,7","1229295,88"
2025-01-18,Goiana,C,2,SUV-X,VIN000997,597,566,10,57,10,"103,9","1280925,49"
2025-04-10,Porto Real,C,1,SUV-X,VIN000998,604,595,11,16,16,30,"1675076,11"
2025-05-16,Goiana,A,3,Sedan-W,VIN000999,579,559,14,38,19,"65,9","1344407,32"
2025-03-30,Porto Real,C,1,SUV-X,VIN001000,497,524,7,2,12,"29,5","1002985,28"
2025-05-08,Porto Real,B,3,Hatch-Y,VIN001001,638,632,0,40,19,"41,2","1871956,04"
2025-05-29,Goiana,D,2,Hatch-Y,VIN001002,519,549,3,13,11,"80,3","1258001,08"
2025-05-03,Goiana,B,2,SUV-X,VIN001003,475,500,9,59,19,27,"1080888,96"
2025-04-10,Porto Real,C,1,Pickup-Z,VIN001004,546,533,2,84,20,"107,1","1734979,36"
2025-06-23,Goiana,A,1,SUV-X,VIN001005,555,538,10,1,8,"36,3","1589443,37"
2025-03-11,Betim,C,1,SUV-X,VIN001006,570,538,11,68,19,"49,8","1319733,83"
2025-05-05,Porto Real,C,2,Hatch-Y,VIN001007,404,437,4,44,17,114,"1020632,67"
2025-02-12,Porto Real,B,3,Pickup-Z,VIN001008,409,448,10,65,15,"112,4","1081157,74"
2025-01-15,Betim,D,3,Hatch-Y,VIN001009,466,473,7,54,14,"117,9","1093285,69"
2025-02-10,Goiana,C,3,SUV-X,VIN001010,623,633,2,42,13,"103,1","1784264,5"
2025-01-24,Betim,D,3,Sedan-W,VIN001011,526,551,8,61,20,"62,3","1517954,64"
2025-01-12,Betim,A,1,SUV-X,VIN001012,479,486,13,65,8,"110,5","912380,37"
2025-06-13,Goiana,D,1,SUV-X,VIN001013,475,498,10,58,9,45,"1195683,43"
2025-01-24,Porto Real,D,2,Hatch-Y,VIN001014,638,620,2,25,20,"76,1","1938668,05"
2025-03-01,Betim,A,3,SUV-X,VIN001015,514,512,1,33,19,"115,8","1042020,92"
2025-01-30,Goiana,B,2,SUV-X,VIN001016,520,542,7,20,12,"25,2","1465841,28"
2025-02-16,Goiana,D,2,Pickup-Z,VIN001017,473,497,15,80,11,"107,4","1220306,32"
2025-03-25,Betim,C,2,SUV-X,VIN001018,628,630,10,10,19,"113,2","1233967,07"
2025-06-09,Betim,B,3,SUV-X,VIN001019,467,505,9,28,17,"94,5","949245,51"
2025-02-16,Betim,B,1,Pickup-Z,VIN001020,632,640,7,79,20,"80,1","1346393,48"
2025-04-10,Betim,C,2,Sedan-W,VIN001021,644,620,13,0,9,"91,2","1256080,69"
2025-03-17,Betim,C,2,Pickup-Z,VIN001022,570,546,14,18,16,"25,1","1530328,05"
2025-04-09,Goiana,A,1,Sedan-W,VIN001023,591,611,2,85,14,72,"1383277,06"
2025-06-20,Goiana,A,1,Sedan-W,VIN001024,620,604,14,8,19,"76,6","1679118,06"
2025-01-04,Porto Real,C,2,Hatch-Y,VIN001025,549,587,7,61,17,"5,9","1115296,7"
2025-06-05,Goiana,D,3,SUV-X,VIN001026,534,511,12,12,17,"111,8","1111469,11"
2025-05-05,Betim,C,3,Hatch-Y,VIN001027,445,443,11,38,17,"70,6","972084,49"
2025-03-19,Goiana,A,3,Sedan-W,VIN001028,465,470,13,64,10,"26,5","1352702,19"
2025-05-09,Porto Real,B,3,Hatch-Y,VIN001029,635,630,2,63,14,"6,8","1267842,07"
2025-05-31,Goiana,D,1,Sedan-W,VIN001030,556,577,3,67,15,"62,6","1148057,5"
2025-01-26,Betim,D,3,Hatch-Y,VIN001031,503,539,11,10,15,"49,2","1463620,64"
2025-02-13,Betim,A,3,Pickup-Z,VIN001032,642,644,4,23,20,"12,3","1575453,85"
2025-01-10,Porto Real,A,1,Sedan-W,VIN001033,550,515,10,17,20,"13,9","1318086,79"
2025-05-25,Betim,D,1,Pickup-Z,VIN001034,503,496,14,53,17,"64,6","1256359,53"
2025-03-01,Porto Real,B,3,Sedan-W,VIN001035,555,533,11,28,16,"22,6","1739596,2"
2025-06-20,Goiana,C,1,Pickup-Z,VIN001036,485,484,13,9,18,"32,9","884633,2"
2025-04-12,Porto Real,C,3,Hatch-Y,VIN001037,450,423,12,47,15,"39,8","818895,04"
2025-01-15,Porto Real,B,3,Pickup-Z,VIN001038,475,510,3,76,10,"14,2","1174628,33"
2025-01-14,Betim,B,1,Pickup-Z,VIN001039,441,461,2,42,11,"87,1","1100117,84"
2025-05-28,Betim,B,2,Hatch-Y,VIN001040,561,550,13,57,9,"50,7","1745168,68"
2025-01-05,Porto Real,C,1,Pickup-Z,VIN001041,539,579,10,37,16,"29,6","1182414,26"
2025-05-16,Betim,A,3,SUV-X,VIN001042,591,580,11,3,12,45,1442703
2025-05-07,Porto Real,B,1,Hatch-Y,VIN001043,635,639,5,1,19,"99,8","1977465,03"
2025-04-17,Betim,B,1,Sedan-W,VIN001044,609,629,6,74,14,"119,7","1934158,8"
2025-06-20,Porto Real,A,1,Sedan-W,VIN001045,532,554,15,36,20,"88,8","1507747,86"
2025-04-20,Goiana,C,2,Sedan-W,VIN001046,441,422,13,54,20,"100,4","1024752,28"
2025-03-27,Porto Real,D,2,Hatch-Y,VIN001047,577,550,10,24,17,"27,6","1277701,65"
2025-04-27,Porto Real,B,1,Pickup-Z,VIN001048,622,612,6,73,14,"71,5","1766774,89"
2025-03-23,Goiana,B,2,Hatch-Y,VIN001049,455,454,0,63,16,"31,7","1304965,59"
2025-06-23,Betim,A,3,Hatch-Y,VIN001050,430,449,14,28,9,"50,5","847849,18"
2025-02-24,Goiana,B,1,SUV-X,VIN001051,534,522,9,51,11,"65,3","1283599,13"
2025-02-27,Goiana,B,2,Sedan-W,VIN001052,652,641,12,63,17,83,"1862415,01"
2025-02-27,Porto Real,C,3,Sedan-W,VIN001053,501,505,5,46,10,"98,8","1341790,94"
2025-06-18,Porto Real,D,3,Sedan-W,VIN001054,660,641,2,82,9,"41,7","1289977,48"
2025-02-27,Porto Real,A,3,Sedan-W,VIN001055,622,632,9,42,15,"14,1","1675465,48"
2025-01-17,Goiana,C,2,Hatch-Y,VIN001056,471,454,11,57,12,"85,4","1242269,64"
2025-05-27,Goiana,C,1,Pickup-Z,VIN001057,593,559,14,23,12,"87,5","1146224,49"
2025-04-22,Goiana,C,1,Pickup-Z,VIN001058,574,611,4,86,20,"113,6","1352300,31"
2025-03-13,Goiana,C,1,SUV-X,VIN001059,423,424,7,17,20,"96,4","1006818,32"
2025-04-24,Porto Real,D,3,Sedan-W,VIN001060,464,497,15,61,9,"59,3","1331046,99"
2025-05-07,Betim,A,3,SUV-X,VIN001061,521,502,2,40,16,107,"1267604,44"
2025-02-06,Porto Real,C,2,Sedan-W,VIN001062,564,543,4,63,15,"98,9","1560143,14"
2025-05-18,Goiana,C,2,Hatch-Y,VIN001063,548,564,0,64,20,56,"1602664,98"
2025-02-15,Betim,C,3,SUV-X,VIN001064,639,645,10,26,9,14,"1804668,3"
2025-03-24,Porto Real,A,3,SUV-X,VIN001065,632,619,14,50,15,"100,2","1497560,53"
2025-03-27,Goiana,A,1,Sedan-W,VIN001066,533,555,7,64,13,"52,2","1448266,41"
2025-06-18,Porto Real,B,3,SUV-X,VIN001067,516,496,4,70,17,"57,9","1297250,63"
2025-04-11,Porto Real,D,2,Pickup-Z,VIN001068,551,588,8,56,9,"22,3","1587327,06"
2025-02-25,Porto Real,B,3,SUV-X,VIN001069,455,431,13,34,14,"106,2","1372511,31"
2025-03-23,Betim,A,2,Sedan-W,VIN001070,493,526,14,35,17,"95,2","946286,27"
2025-02-02,Porto Real,D,2,Sedan-W,VIN001071,434,472,2,43,16,"36,1","901410,66"
2025-06-03,Goiana,C,2,Sedan-W,VIN001072,451,477,7,88,19,"76,5","1429788,26"
2025-02-24,Betim,D,3,Hatch-Y,VIN001073,624,621,6,55,12,"9,3","1436345,08"
2025-01-14,Porto Real,A,3,Hatch-Y,VIN001074,528,545,9,14,12,"91,4",1229958
2025-04-22,Betim,C,3,Hatch-Y,VIN001075,618,643,9,76,18,"81,5","1557833,47"
2025-03-03,Porto Real,A,3,Pickup-Z,VIN001076,507,488,15,5,9,"15,8","1075093,08"
2025-06-03,Porto Real,D,3,Hatch-Y,VIN001077,415,440,8,90,19,74,"821754,69"
2025-06-01,Betim,A,2,Sedan-W,VIN001078,583,617,11,88,19,"64,8","1587987,35"
2025-01-20,Porto Real,C,3,Hatch-Y,VIN001079,407,427,9,78,17,"38,6","1107009,51"
2025-03-03,Goiana,B,3,SUV-X,VIN001080,544,567,2,55,13,"22,6","1385068,44"
2025-01-09,Porto Real,A,1,Hatch-Y,VIN001081,465,461,0,44,9,"37,7","1448787,7"
2025-06-13,Betim,C,1,Pickup-Z,VIN001082,545,574,2,38,19,"25,5","1264863,67"
2025-02-16,Goiana,A,3,Pickup-Z,VIN001083,458,451,11,53,19,"9,7","1072751,57"
2025-04-06,Porto Real,B,1,Hatch-Y,VIN001084,464,500,5,35,13,"51,7","893719,88"
2025-05-30,Goiana,A,3,Pickup-Z,VIN001085,611,606,8,35,10,"44,5","1850959,29"
2025-06-05,Betim,C,1,Sedan-W,VIN001086,521,506,5,45,16,"67,5","1469920,64"
2025-06-06,Betim,C,1,Pickup-Z,VIN001087,409,441,8,14,8,"78,7","746592,51"
2025-05-20,Goiana,B,2,Pickup-Z,VIN001088,580,583,9,59,20,29,"1259288,75"
2025-06-25,Porto Real,B,3,SUV-X,VIN001089,604,631,4,49,13,"98,7","1227451,31"
2025-02-08,Porto Real,A,2,Pickup-Z,VIN001090,524,534,7,74,10,"40,8","1671955,56"
2025-03-02,Betim,B,1,Hatch-Y,VIN001091,386,426,4,48,14,"21,5","1001309,92"
2025-04-18,Porto Real,A,1,Hatch-Y,VIN001092,430,442,10,23,17,"84,8","809896,47"
2025-02-01,Porto Real,B,1,SUV-X,VIN001093,522,533,15,68,20,"100,9","1376825,67"
2025-04-02,Porto Real,C,1,Pickup-Z,VIN001094,666,631,1,20,15,75,"1990493,34"
2025-02-03,Porto Real,B,3,Pickup-Z,VIN001095,558,577,12,3,10,"107,2","1554039,85"
2025-05-25,Porto Real,A,2,Hatch-Y,VIN001096,577,611,5,85,17,"55,2","1363728,79"
2025-05-16,Betim,C,3,SUV-X,VIN001097,470,438,12,14,9,"118,7","1059176,84"
2025-03-24,Porto Real,A,3,SUV-X,VIN001098,542,534,8,42,18,"95,4","1456602,24"
2025-02-18,Porto Real,D,3,Hatch-Y,VIN001099,582,604,15,2,10,"81,2","1290165,2"
2025-06-22,Goiana,A,2,Sedan-W,VIN001100,556,564,11,38,20,64,"1768967,72"
2025-06-29,Goiana,A,3,SUV-X,VIN001101,479,487,10,13,16,"69,8","931492,35"
2025-03-25,Betim,B,1,Sedan-W,VIN001102,541,574,9,6,16,"42,2","1051324,32"
2025-01-04,Goiana,B,1,Pickup-Z,VIN001103,487,484,12,4,20,30,"1459777,42"
2025-01-30,Goiana,C,3,SUV-X,VIN001104,497,497,13,82,9,"73,2","1423234,49"
2025-01-18,Porto Real,C,3,Pickup-Z,VIN001105,433,435,12,53,18,"91,1","1285238,1"
2025-06-03,Betim,C,2,Sedan-W,VIN001106,611,608,10,18,19,"119,2","1629330,21"
2025-06-22,Goiana,A,2,Hatch-Y,VIN001107,602,637,8,67,20,"96,3","1178221,71"
2025-01-27,Betim,B,3,Sedan-W,VIN001108,557,543,9,43,11,"46,3","1686743,47"
2025-06-14,Goiana,B,1,Pickup-Z,VIN001109,528,493,5,56,17,"18,8","1032439,32"
2025-03-12,Betim,B,3,Sedan-W,VIN001110,613,645,11,40,8,"72,5","1935707,69"
2025-06-28,Porto Real,D,1,Sedan-W,VIN001111,497,516,14,59,17,"90,5","1431815,75"
2025-05-22,Porto Real,C,2,Hatch-Y,VIN001112,389,424,13,49,17,"70,5","741983,47"
2025-05-03,Goiana,C,2,Pickup-Z,VIN001113,464,461,4,18,11,"102,1","1137463,82"
2025-01-24,Betim,A,3,SUV-X,VIN001114,581,602,12,55,15,"16,9","1484707,99"
2025-06-22,Goiana,C,1,Pickup-Z,VIN001115,573,545,4,65,8,37,"1341994,33"
2025-01-02,Porto Real,B,2,Sedan-W,VIN001116,524,511,14,77,8,"54,1","1249564,1"
2025-01-07,Porto Real,B,2,SUV-X,VIN001117,494,507,8,45,14,"93,6","893143,02"
2025-06-25,Betim,B,2,Pickup-Z,VIN001118,621,630,6,89,19,107,"1955420,97"
2025-05-16,Betim,B,2,SUV-X,VIN001119,560,570,1,12,10,"68,7","1724367,73"
2025-06-04,Goiana,B,1,Hatch-Y,VIN001120,500,511,6,17,16,"51,4","1497411,49"
2025-05-08,Porto Real,B,2,Sedan-W,VIN001121,528,541,11,9,14,"26,6","1358240,76"
2025-03-21,Goiana,D,1,Hatch-Y,VIN001122,559,568,13,70,8,"75,3","1460052,49"
2025-04-27,Goiana,C,3,SUV-X,VIN001123,579,559,13,64,10,"80,3","1678831,43"
2025-05-10,Goiana,A,2,SUV-X,VIN001124,666,643,7,43,20,"79,6","1368373,76"
2025-04-08,Goiana,B,3,Hatch-Y,VIN001125,497,470,14,25,19,"29,5","1026448,74"
2025-03-07,Goiana,D,3,Sedan-W,VIN001126,485,453,2,86,12,"42,3","931295,34"
2025-01-06,Goiana,B,2,SUV-X,VIN001127,495,520,9,77,9,"84,8","1133053,89"
2025-01-11,Betim,B,1,Pickup-Z,VIN001128,508,509,11,77,12,"37,1","1032324,77"
2025-06-06,Betim,D,1,SUV-X,VIN001129,464,441,3,24,19,"11,5","1175153,7"
2025-05-04,Porto Real,B,3,Pickup-Z,VIN001130,433,470,5,45,12,"60,7","850629,06"
2025-01-03,Goiana,B,1,Pickup-Z,VIN001131,623,610,1,23,11,"89,2","1598578,53"
2025-01-19,Goiana,C,3,Hatch-Y,VIN001132,547,584,4,3,10,"72,3","1454548,96"
2025-05-15,Goiana,A,2,SUV-X,VIN001133,577,597,5,27,20,84,"1631982,86"
2025-05-25,Goiana,A,3,Pickup-Z,VIN001134,482,494,14,82,8,"11,3","1503880,97"
2025-06-06,Porto Real,B,2,Hatch-Y,VIN001135,443,481,13,2,11,"8,8","1352528,86"
2025-03-06,Betim,C,2,Pickup-Z,VIN001136,515,493,12,17,18,"53,3","1415560,98"
2025-01-21,Betim,B,2,Sedan-W,VIN001137,401,422,10,21,9,"99,4","1024358,61"
2025-06-12,Porto Real,B,3,Sedan-W,VIN001138,509,509,9,51,10,34,"1175440,86"
2025-05-03,Goiana,B,2,Sedan-W,VIN001139,521,519,0,24,18,"36,6","1560813,08"
2025-06-18,Porto Real,D,3,Hatch-Y,VIN001140,553,525,4,34,13,"19,7","1187513,94"
2025-01-29,Betim,B,2,Pickup-Z,VIN001141,452,457,12,5,12,"69,6","927956,39"
2025-06-19,Betim,C,2,SUV-X,VIN001142,465,438,5,88,19,"33,6","1204147,99"
2025-05-20,Porto Real,A,1,Pickup-Z,VIN001143,508,548,13,24,16,"37,7","1172813,17"
2025-06-11,Porto Real,C,1,Hatch-Y,VIN001144,444,466,10,81,16,"119,6","1164906,14"
2025-05-11,Porto Real,D,2,Pickup-Z,VIN001145,504,507,7,79,13,"5,9","1382083,21"
2025-02-11,Goiana,C,2,Sedan-W,VIN001146,599,605,0,66,9,"33,8","1903125,48"
2025-05-08,Porto Real,D,3,SUV-X,VIN001147,544,581,9,55,14,"84,7","1031681,66"
2025-05-24,Porto Real,C,1,SUV-X,VIN001148,675,642,1,31,20,"117,8","1255677,62"
2025-06-08,Betim,C,1,Sedan-W,VIN001149,601,592,11,13,12,"59,3","1882024,54"
2025-01-14,Betim,C,1,Sedan-W,VIN001150,523,517,6,45,14,"19,3","1557694,95"
2025-02-02,Goiana,B,3,Pickup-Z,VIN001151,566,540,10,39,9,"45,4","1672871,08"
2025-03-05,Betim,A,2,Hatch-Y,VIN001152,554,549,1,28,10,"93,4","1531542,77"
2025-06-29,Goiana,A,1,Sedan-W,VIN001153,618,605,4,28,13,82,"1374472,96"
2025-01-02,Goiana,A,1,Pickup-Z,VIN001154,471,493,8,82,8,"59,3","1355523,83"
2025-05-12,Betim,B,1,Pickup-Z,VIN001155,539,510,4,27,17,"32,9","1274143,08"
2025-01-16,Porto Real,A,3,Pickup-Z,VIN001156,578,553,12,34,12,"75,2","1518372,56"
2025-04-29,Betim,B,3,Sedan-W,VIN001157,445,441,15,32,18,"92,8","1032318,43"
2025-05-19,Goiana,D,1,Hatch-Y,VIN001158,573,600,7,82,9,112,"1354749,85"
2025-03-04,Goiana,C,2,Hatch-Y,VIN001159,531,546,14,23,10,"14,3","964233,45"
2025-04-02,Betim,D,2,Pickup-Z,VIN001160,521,530,9,37,18,"58,4","1347106,45"
2025-05-14,Porto Real,D,2,Hatch-Y,VIN001161,579,595,1,25,9,"56,5","1232915,81"
2025-01-09,Betim,A,1,Pickup-Z,VIN001162,396,422,10,61,14,"114,3","829947,03"
2025-02-24,Betim,A,3,SUV-X,VIN001163,475,449,5,40,9,"27,8","1394124,87"
2025-02-08,Betim,A,1,Sedan-W,VIN001164,609,633,7,40,10,"85,1","1560619,51"
2025-06-05,Goiana,C,3,SUV-X,VIN001165,588,614,10,86,17,119,"1362210,73"
2025-02-21,Porto Real,D,3,SUV-X,VIN001166,566,562,4,59,17,"119,9","1623061,92"
2025-01-04,Betim,C,3,Hatch-Y,VIN001167,420,440,12,86,14,"43,2","757683,45"
2025-04-22,Betim,B,3,Pickup-Z,VIN001168,654,650,12,72,8,"44,1","1308564,31"
2025-02-22,Betim,A,3,Hatch-Y,VIN001169,617,608,13,12,13,"114,1","1261427,58"
2025-04-15,Betim,C,2,Sedan-W,VIN001170,516,547,9,36,16,"59,8","1366455,58"
2025-06-08,Goiana,D,3,Sedan-W,VIN001171,383,423,8,90,16,"67,1","1188953,64"
2025-02-23,Porto Real,C,3,SUV-X,VIN001172,527,554,3,68,15,"14,2","1181547,48"
2025-05-14,Betim,C,3,Hatch-Y,VIN001173,573,585,9,22,12,"93,6","1828732,13"
2025-01-16,Betim,A,2,Pickup-Z,VIN001174,464,481,5,87,16,"54,8","1371329,6"
2025-02-13,Goiana,B,1,Sedan-W,VIN001175,571,597,6,51,14,"116,6","1057434,99"
2025-01-16,Porto Real,B,2,Pickup-Z,VIN001176,572,598,3,54,9,"38,8","1250082,74"
2025-06-23,Porto Real,B,1,SUV-X,VIN001177,395,431,7,11,10,"34,5","1042082,58"
2025-03-07,Betim,C,3,Hatch-Y,VIN001178,573,607,6,30,8,"90,8","1060824,32"
2025-02-18,Goiana,C,2,SUV-X,VIN001179,509,481,2,32,12,"53,7","975518,99"
2025-05-07,Goiana,D,2,Hatch-Y,VIN001180,474,468,5,14,19,"81,8","963087,49"
2025-04-11,Betim,A,2,Hatch-Y,VIN001181,466,448,13,10,17,"48,3","934084,9"
2025-02-05,Porto Real,D,1,Pickup-Z,VIN001182,662,632,5,70,12,"104,3","2067978,91"
2025-04-28,Betim,D,2,Pickup-Z,VIN001183,605,633,7,50,19,"118,3","1331821,53"
2025-04-22,Goiana,C,1,Sedan-W,VIN001184,625,622,1,48,8,108,"1509960,86"
2025-06-06,Porto Real,A,2,SUV-X,VIN001185,530,511,4,64,11,"63,6","1408984,88"
2025-05-17,Betim,A,3,Sedan-W,VIN001186,547,564,15,53,12,"72,4","1037555,84"
2025-03-18,Porto Real,C,3,Hatch-Y,VIN001187,539,553,0,67,15,"93,9","1193367,21"
2025-05-05,Betim,A,3,Sedan-W,VIN001188,598,576,9,73,17,"19,1","1894861,82"
2025-06-01,Goiana,A,2,SUV-X,VIN001189,612,646,12,36,14,"52,4","1678448,52"
2025-04-11,Betim,A,3,Hatch-Y,VIN001190,444,478,6,18,17,"89,7","1397472,89"
2025-05-19,Porto Real,A,3,SUV-X,VIN001191,610,625,10,67,16,"34,7","1574621,17"
2025-01-25,Goiana,B,2,SUV-X,VIN001192,537,520,6,31,13,"18,4","1541537,89"
2025-01-18,Goiana,D,2,Hatch-Y,VIN001193,632,647,2,1,16,"110,6","1396160,83"
2025-05-15,Porto Real,D,1,Pickup-Z,VIN001194,612,648,5,7,15,"69,6","1836256,56"
2025-05-06,Goiana,A,1,SUV-X,VIN001195,473,496,6,84,16,"117,3","1278930,05"
2025-06-23,Goiana,B,3,Sedan-W,VIN001196,630,643,11,30,20,"29,8","1981117,98"
2025-01-25,Porto Real,C,2,SUV-X,VIN001197,608,638,11,64,15,"107,9","1648056,95"
2025-04-05,Porto Real,A,2,Pickup-Z,VIN001198,621,611,1,3,13,36,"1910714,15"
2025-02-18,Porto Real,B,3,Pickup-Z,VIN001199,580,602,3,5,20,"24,5","1047754,56"
2025-02-20,Goiana,D,1,SUV-X,VIN001200,459,469,7,82,9,"43,2","1264864,76"
2025-03-29,Goiana,A,1,SUV-X,VIN001201,407,427,4,15,14,"61,5","750456,84"
2025-02-18,Goiana,A,2,SUV-X,VIN001202,458,445,10,46,18,107,"1214790,6"
2025-05-22,Betim,D,3,SUV-X,VIN001203,499,477,8,67,14,"6,4","948059,83"
2025-01-04,Betim,A,2,Pickup-Z,VIN001204,558,596,10,44,19,"97,6","1510342,27"
2025-05-28,Goiana,D,3,SUV-X,VIN001205,436,436,1,13,20,"67,8","1051397,45"
2025-06-25,Goiana,C,3,Pickup-Z,VIN001206,537,529,11,79,11,"70,9","1057608,9"
2025-05-13,Betim,C,3,Sedan-W,VIN001207,665,631,6,65,14,"62,8","1694224,13"
2025-01-23,Porto Real,B,1,Hatch-Y,VIN001208,506,481,10,19,13,"41,3","1145401,45"
2025-05-02,Goiana,D,2,Sedan-W,VIN001209,409,422,7,13,9,"42,7","1168833,25"
2025-04-10,Porto Real,C,1,Pickup-Z,VIN001210,601,589,9,52,11,"6,1","1306530,27"
2025-01-04,Goiana,A,2,SUV-X,VIN001211,492,464,5,65,18,"31,3","1255382,64"
2025-05-27,Betim,D,1,Hatch-Y,VIN001212,587,613,8,27,17,"64,4","1348020,86"
2025-02-04,Betim,D,3,Sedan-W,VIN001213,487,495,15,54,17,"89,8","887924,85"
2025-06-01,Goiana,A,3,Sedan-W,VIN001214,479,470,2,37,15,"15,4","1270973,59"
2025-01-28,Betim,B,1,SUV-X,VIN001215,550,581,14,66,16,"61,1","1466846,11"
2025-01-05,Porto Real,B,2,Sedan-W,VIN001216,417,457,9,86,8,"92,5","948808,33"
2025-03-25,Goiana,A,3,Pickup-Z,VIN001217,606,597,15,54,20,99,"1241386,24"
2025-05-18,Goiana,C,2,Sedan-W,VIN001218,514,508,3,72,13,"102,5","1003772,17"
2025-03-29,Porto Real,A,1,Sedan-W,VIN001219,433,440,8,29,8,"107,5","957129,72"
2025-03-10,Goiana,B,1,SUV-X,VIN001220,465,497,0,42,10,"13,6","1050484,95"
2025-06-04,Porto Real,A,2,Sedan-W,VIN001221,575,550,10,80,9,"44,8","1089821,81"
2025-04-27,Porto Real,C,1,Sedan-W,VIN001222,422,444,10,37,15,"61,9","1096017,68"
2025-06-01,Betim,A,3,Hatch-Y,VIN001223,596,573,7,75,15,"9,2","1134049,25"
2025-05-14,Betim,A,2,Pickup-Z,VIN001224,596,623,2,64,8,"61,4","1623294,69"
2025-04-07,Betim,C,3,SUV-X,VIN001225,483,458,15,87,13,"27,4","1196585,75"
2025-04-08,Goiana,B,2,SUV-X,VIN001226,564,564,6,76,11,"29,7","1117692,68"
2025-01-07,Porto Real,B,2,Sedan-W,VIN001227,480,503,8,54,9,"91,6","986289,41"
2025-04-15,Betim,B,3,SUV-X,VIN001228,574,596,10,89,19,"28,7","1760732,49"
2025-06-20,Porto Real,A,3,Hatch-Y,VIN001229,411,443,7,82,12,100,"855534,71"
2025-06-16,Goiana,A,1,Sedan-W,VIN001230,499,477,10,65,16,"20,1","1047725,35"
2025-06-05,Porto Real,C,2,Pickup-Z,VIN001231,500,512,6,58,9,"31,6","1231619,34"
2025-06-18,Porto Real,B,3,Sedan-W,VIN001232,633,649,0,53,8,105,"1960177,4"
2025-04-16,Goiana,A,2,SUV-X,VIN001233,483,487,9,33,14,"54,4","1533597,02"
2025-04-14,Goiana,A,1,Sedan-W,VIN001234,515,530,10,27,16,"111,3","1005349,41"
2025-05-02,Goiana,B,2,Pickup-Z,VIN001235,481,468,5,82,18,"91,2","1425552,75"
2025-01-12,Porto Real,B,2,Pickup-Z,VIN001236,641,628,14,80,19,6,"1673065,7"
2025-05-26,Goiana,A,3,Hatch-Y,VIN001237,508,480,13,24,8,"13,4","998512,07"
2025-05-30,Goiana,D,1,Sedan-W,VIN001238,520,511,8,78,10,"28,9","1280881,87"
2025-01-30,Porto Real,D,2,Hatch-Y,VIN001239,442,471,0,82,18,"103,1","945647,04"
2025-06-26,Porto Real,B,1,SUV-X,VIN001240,606,587,0,68,13,"114,2","1268483,08"
2025-05-13,Goiana,D,2,Hatch-Y,VIN001241,644,643,11,36,11,"71,7","1710814,96"
2025-06-24,Porto Real,A,3,SUV-X,VIN001242,523,500,7,10,8,"67,9","1336883,12"
2025-02-03,Porto Real,B,1,SUV-X,VIN001243,523,531,9,38,16,"113,1","1065480,08"
2025-02-02,Betim,A,2,Sedan-W,VIN001244,470,449,4,53,17,"85,3","1005598,83"
2025-03-13,Goiana,D,3,SUV-X,VIN001245,490,525,8,46,8,"13,7","1139688,65"
2025-01-20,Goiana,D,1,Pickup-Z,VIN001246,561,556,12,0,16,"85,4","1170105,47"
2025-05-27,Porto Real,B,3,Pickup-Z,VIN001247,399,421,0,21,19,"113,5","1156203,76"
2025-03-14,Porto Real,D,2,Hatch-Y,VIN001248,628,629,5,76,19,"104,4","1319683,67"
2025-06-11,Porto Real,D,1,Hatch-Y,VIN001249,656,643,10,41,12,40,"1891197,71"
2025-02-28,Porto Real,B,3,Hatch-Y,VIN001250,598,572,4,76,17,"35,1","1220468,24"
2025-01-30,Betim,B,3,Sedan-W,VIN001251,597,581,15,40,18,"12,1","1588793,04"
2025-03-18,Goiana,D,1,Sedan-W,VIN001252,449,479,6,61,18,"75,2","1199858,02"
2025-01-01,Porto Real,A,1,Sedan-W,VIN001253,490,492,1,86,18,106,"1193901,51"
2025-06-27,Porto Real,D,2,Pickup-Z,VIN001254,645,640,4,90,19,"56,6","1963146,01"
2025-04-30,Goiana,C,1,SUV-X,VIN001255,519,513,2,65,14,"41,3","1361539,58"
2025-01-10,Goiana,D,2,Pickup-Z,VIN001256,557,531,4,80,20,"42,5","1758749,44"
2025-02-14,Porto Real,A,1,Pickup-Z,VIN001257,548,514,2,23,10,"24,7","992975,36"
2025-04-26,Porto Real,B,3,Hatch-Y,VIN001258,463,473,13,19,17,"39,2","1253243,49"
2025-05-05,Betim,D,3,Hatch-Y,VIN001259,520,504,2,35,16,"115,4","1350658,51"
2025-06-22,Porto Real,A,1,Sedan-W,VIN001260,558,542,7,39,15,"105,8","1133329,62"
2025-01-14,Goiana,A,2,Sedan-W,VIN001261,580,606,3,11,13,"62,5","1420888,87"
2025-05-17,Goiana,A,3,Sedan-W,VIN001262,451,481,5,34,16,"54,1","1391146,51"
2025-05-11,Betim,B,2,Hatch-Y,VIN001263,657,631,10,51,19,"32,6","1354450,44"
2025-04-14,Goiana,A,3,Sedan-W,VIN001264,416,453,4,41,15,"110,1","1043771,41"
2025-05-01,Betim,A,3,SUV-X,VIN001265,556,546,14,72,13,"38,7","1716721,45"
2025-05-24,Betim,C,2,Sedan-W,VIN001266,558,595,8,61,11,"36,1","1025311,19"
2025-05-10,Goiana,C,3,Sedan-W,VIN001267,585,602,10,0,13,"40,7","1756377,72"
2025-02-28,Goiana,C,2,Sedan-W,VIN001268,551,568,7,29,8,40,"1005901,54"
2025-02-10,Betim,D,3,Hatch-Y,VIN001269,472,456,7,19,8,"19,8","1090107,03"
2025-01-14,Betim,D,3,Hatch-Y,VIN001270,421,421,3,46,9,"84,9","1125622,71"
2025-06-22,Porto Real,B,1,Pickup-Z,VIN001271,473,459,12,44,16,"17,9","1135084,19"
2025-04-03,Goiana,B,3,Pickup-Z,VIN001272,640,633,13,29,11,"55,8","1322197,39"
2025-06-06,Goiana,B,1,SUV-X,VIN001273,631,598,12,82,12,35,"1357600,8"
2025-06-01,Porto Real,D,3,Pickup-Z,VIN001274,454,424,0,48,10,"116,2","1281220,57"
2025-02-01,Goiana,C,3,Pickup-Z,VIN001275,484,489,10,9,11,"102,5","935364,13"
2025-04-14,Betim,B,1,SUV-X,VIN001276,467,457,10,28,15,"110,4",848236
2025-04-27,Goiana,A,3,Hatch-Y,VIN001277,653,629,9,13,18,"35,7","1192238,67"
2025-02-12,Porto Real,D,2,SUV-X,VIN001278,596,610,11,83,17,"40,6","1447122,78"
2025-02-15,Goiana,D,1,Sedan-W,VIN001279,447,420,4,0,11,"63,2","1391404,88"
2025-01-10,Goiana,B,3,Sedan-W,VIN001280,565,539,11,19,14,"34,3","1039908,13"
2025-06-11,Porto Real,C,1,Sedan-W,VIN001281,600,589,3,20,16,"116,7","1792833,38"
2025-01-25,Betim,C,1,Hatch-Y,VIN001282,527,532,7,49,18,93,"1615888,7"
2025-04-08,Goiana,D,1,Pickup-Z,VIN001283,643,649,9,29,15,"91,7","1782391,25"
2025-05-23,Betim,A,2,Pickup-Z,VIN001284,607,607,3,4,8,"77,7","1442411,69"
2025-05-28,Betim,A,3,Sedan-W,VIN001285,577,559,3,51,19,"24,2","1107430,52"
2025-06-07,Porto Real,D,1,Sedan-W,VIN001286,517,505,10,7,11,"44,2","1171942,32"
2025-03-26,Porto Real,D,3,SUV-X,VIN001287,636,637,13,62,12,"96,5","1835208,27"
2025-02-24,Goiana,B,2,Pickup-Z,VIN001288,442,432,14,74,19,"23,9","1010172,4"
2025-06-26,Betim,B,2,SUV-X,VIN001289,632,648,9,41,20,"50,8","1761255,85"
2025-02-25,Porto Real,D,3,Pickup-Z,VIN001290,441,434,3,66,20,"12,1","1052242,18"
2025-02-15,Porto Real,B,2,Sedan-W,VIN001291,579,585,3,8,15,"22,6","1775962,2"
2025-03-22,Porto Real,C,3,Hatch-Y,VIN001292,420,448,4,33,13,"67,4","1321012,82"
2025-03-04,Porto Real,A,3,Hatch-Y,VIN001293,476,501,15,22,12,"41,2","1140894,15"
2025-02-04,Betim,C,1,Pickup-Z,VIN001294,581,548,0,45,18,"72,8","1369043,68"
2025-03-06,Porto Real,A,1,SUV-X,VIN001295,581,604,7,30,13,"74,6","1712306,34"
2025-05-07,Betim,D,3,Pickup-Z,VIN001296,495,519,14,36,11,"6,8","915939,35"
2025-06-28,Goiana,B,3,Sedan-W,VIN001297,609,615,7,63,9,"78,1","1804809,33"
2025-06-21,Betim,B,2,Hatch-Y,VIN001298,644,609,14,60,17,85,"2016170,44"
2025-03-04,Betim,B,1,Sedan-W,VIN001299,455,465,1,58,20,46,"1180719,75"
2025-02-03,Goiana,D,3,Sedan-W,VIN001300,543,572,7,50,14,"26,3","1586651,82"
2025-01-17,Betim,D,2,Sedan-W,VIN001301,476,445,11,35,15,"84,5","1446049,39"
2025-06-06,Goiana,A,1,Sedan-W,VIN001302,503,479,1,49,15,"11,7","1577602,82"
2025-06-07,Porto Real,A,3,Pickup-Z,VIN001303,439,464,0,48,13,"65,7","1164456,27"
2025-03-16,Porto Real,A,2,Sedan-W,VIN001304,530,537,0,64,15,"73,2","1441278,85"
2025-03-27,Goiana,C,2,Hatch-Y,VIN001305,511,483,2,43,11,"56,9","1353734,78"
2025-06-06,Porto Real,A,1,Sedan-W,VIN001306,538,548,15,85,20,"21,5","1015785,28"
2025-02-23,Goiana,A,1,Sedan-W,VIN001307,540,551,4,89,15,"71,1","1625375,85"
2025-02-26,Goiana,C,2,Hatch-Y,VIN001308,554,574,3,19,11,"87,1","1535110,72"
2025-03-26,Porto Real,A,2,Sedan-W,VIN001309,479,459,6,36,16,"33,6","1157150,88"
2025-03-14,Betim,B,2,Hatch-Y,VIN001310,635,612,12,48,11,"16,4","1235628,83"
2025-04-07,Betim,B,1,Pickup-Z,VIN001311,500,536,2,64,19,10,"900720,14"
2025-06-02,Betim,C,3,Hatch-Y,VIN001312,452,450,4,33,17,"44,8","1353515,21"
2025-02-17,Betim,A,3,Sedan-W,VIN001313,650,615,7,11,11,"96,8","1335304,64"
2025-01-18,Porto Real,A,1,Pickup-Z,VIN001314,488,519,8,1,16,"105,3","1450931,58"
2025-01-30,Porto Real,A,1,Sedan-W,VIN001315,611,603,2,2,20,"28,8","1150139,89"
2025-04-04,Goiana,B,3,Hatch-Y,VIN001316,512,503,12,37,14,"101,9","1259061,17"
2025-03-13,Betim,B,3,Pickup-Z,VIN001317,446,468,9,10,12,"68,1","1279801,49"
2025-04-08,Goiana,A,1,Pickup-Z,VIN001318,602,602,15,79,14,"80,2","1760503,15"
2025-01-07,Porto Real,A,2,Pickup-Z,VIN001319,507,497,11,58,14,"74,2","1496918,35"
2025-04-28,Betim,D,1,Hatch-Y,VIN001320,599,585,14,73,14,"54,4","1305486,3"
2025-02-18,Betim,D,2,SUV-X,VIN001321,648,631,13,46,16,"77,4","1623470,51"
2025-06-03,Porto Real,C,1,SUV-X,VIN001322,588,614,0,83,19,"21,2","1555451,47"
2025-04-06,Betim,A,1,Sedan-W,VIN001323,601,631,10,24,17,"35,2","1330445,15"
2025-01-12,Goiana,A,2,Sedan-W,VIN001324,522,546,8,21,17,"75,7","1193552,85"
2025-02-09,Goiana,D,3,Pickup-Z,VIN001325,532,567,3,3,9,"52,7","1439146,05"
2025-01-17,Betim,C,1,Sedan-W,VIN001326,558,553,15,89,18,"102,3","1639470,5"
2025-03-03,Goiana,B,2,Hatch-Y,VIN001327,445,427,9,19,10,"117,2","1240865,51"
2025-01-18,Betim,A,3,SUV-X,VIN001328,509,492,0,68,10,69,"1593269,45"
2025-01-25,Betim,C,1,SUV-X,VIN001329,509,500,11,52,17,"39,5","1557275,65"
2025-01-20,Goiana,A,2,Hatch-Y,VIN001330,637,613,10,55,16,"7,2","1957669,68"
2025-05-14,Goiana,B,3,Sedan-W,VIN001331,593,576,10,38,11,"6,4","1409840,22"
2025-01-01,Goiana,C,3,SUV-X,VIN001332,658,637,3,83,13,"73,2","1915374,46"
2025-04-23,Betim,D,3,Hatch-Y,VIN001333,517,487,1,28,13,82,"1594599,58"
2025-05-29,Porto Real,A,3,SUV-X,VIN001334,518,511,7,4,15,"50,4","1354078,25"
2025-06-13,Goiana,D,3,SUV-X,VIN001335,598,627,2,9,17,"37,4","1099698,31"
2025-04-19,Betim,D,3,Hatch-Y,VIN001336,499,514,11,45,13,"103,4","1199086,48"
2025-01-06,Betim,D,3,Sedan-W,VIN001337,610,611,5,27,13,"47,3","1655765,98"
2025-04-27,Betim,D,3,Sedan-W,VIN001338,514,510,2,50,18,"114,8","1230364,72"
2025-06-23,Betim,A,3,Pickup-Z,VIN001339,472,496,8,0,11,"49,5","1077916,86"
2025-06-21,Goiana,A,2,Hatch-Y,VIN001340,517,491,4,82,18,"35,9","1291345,34"
2025-02-05,Goiana,B,2,Sedan-W,VIN001341,395,426,2,29,16,"67,9","850347,72"
2025-05-08,Porto Real,B,3,Hatch-Y,VIN001342,539,577,0,24,13,"59,5","996489,22"
2025-01-01,Betim,C,3,Hatch-Y,VIN001343,391,420,14,39,12,"53,4","1199543,04"
2025-02-16,Goiana,A,1,SUV-X,VIN001344,575,603,14,23,15,"19,7","1540795,33"
2025-06-11,Betim,A,1,Hatch-Y,VIN001345,423,434,5,10,11,"85,6","1054605,87"
2025-03-12,Porto Real,C,2,SUV-X,VIN001346,534,508,3,80,9,"98,6","1351093,15"
2025-06-02,Porto Real,A,2,Pickup-Z,VIN001347,478,464,0,51,14,"105,3","1329350,75"
2025-01-30,Goiana,A,2,SUV-X,VIN001348,526,520,6,12,13,"117,2","1395873,48"
2025-06-25,Porto Real,D,1,Hatch-Y,VIN001349,431,429,3,24,20,"46,5","1197810,88"
2025-04-13,Goiana,B,2,Hatch-Y,VIN001350,542,544,10,17,13,"28,1","1317182,79"
2025-06-10,Goiana,A,3,Pickup-Z,VIN001351,574,543,4,83,11,"56,8","1677864,85"
2025-05-13,Goiana,B,3,Sedan-W,VIN001352,424,444,15,88,8,"68,7","961324,16"
2025-02-07,Betim,A,2,Hatch-Y,VIN001353,460,468,1,52,14,"11,2","1050938,12"
2025-02-21,Porto Real,C,2,Hatch-Y,VIN001354,587,626,5,44,8,"30,1","1261609,36"
2025-01-19,Betim,D,2,Sedan-W,VIN001355,644,622,2,58,12,"18,5","1635696,02"
2025-02-08,Porto Real,D,3,Pickup-Z,VIN001356,610,615,10,8,13,74,"1713088,64"
2025-06-29,Porto Real,B,3,Sedan-W,VIN001357,544,530,2,46,9,"104,4","1450010,92"
2025-01-28,Porto Real,B,1,SUV-X,VIN001358,556,578,10,82,18,"54,3","1175991,4"
2025-04-17,Porto Real,B,1,SUV-X,VIN001359,561,579,10,87,20,"46,9","1583339,65"
2025-01-20,Goiana,C,2,Hatch-Y,VIN001360,662,637,4,79,11,"76,1","1410131,57"
2025-06-08,Goiana,C,3,SUV-X,VIN001361,571,593,7,81,10,103,"1260375,26"
2025-02-06,Betim,B,1,Pickup-Z,VIN001362,509,475,0,34,17,"72,4","1328972,19"
2025-02-18,Goiana,B,3,Hatch-Y,VIN001363,682,647,13,39,11,"117,5","1971163,91"
2025-03-13,Porto Real,C,2,Pickup-Z,VIN001364,489,520,11,75,18,"11,6","1029506,71"
2025-03-18,Betim,B,1,Hatch-Y,VIN001365,474,463,15,60,10,"44,4","1429098,88"
2025-06-14,Betim,C,2,Hatch-Y,VIN001366,649,649,4,34,10,115,"1303190,49"
2025-04-16,Porto Real,C,2,SUV-X,VIN001367,445,457,5,67,10,"68,9","1406112,34"
2025-04-09,Porto Real,A,3,Pickup-Z,VIN001368,627,596,14,45,10,"18,1","1465669,23"
2025-05-16,Porto Real,B,3,Hatch-Y,VIN001369,613,649,4,81,12,"50,8","1159057,16"
2025-02-24,Goiana,D,1,SUV-X,VIN001370,458,484,9,32,14,"99,2","929678,14"
2025-03-12,Betim,C,2,Sedan-W,VIN001371,599,619,5,19,16,"68,8","1446226,44"
2025-06-10,Goiana,A,2,Hatch-Y,VIN001372,682,650,2,12,12,"57,8","1247321,35"
2025-01-21,Porto Real,B,3,SUV-X,VIN001373,505,517,5,5,20,"99,7","1579793,72"
2025-04-01,Goiana,A,1,SUV-X,VIN001374,568,576,8,75,17,"77,7","1041547,5"
2025-04-04,Porto Real,A,2,Hatch-Y,VIN001375,475,458,8,46,10,17,"1437991,5"
2025-02-17,Betim,D,3,Sedan-W,VIN001376,563,556,1,82,12,"76,1","1225475,46"
2025-04-19,Porto Real,A,2,SUV-X,VIN001377,431,456,8,21,16,"72,6","816946,37"
2025-05-29,Goiana,A,3,Hatch-Y,VIN001378,517,497,5,77,13,"21,5","947426,05"
2025-04-08,Betim,D,3,Hatch-Y,VIN001379,417,456,0,64,17,"37,1","901404,65"
2025-05-02,Porto Real,B,3,Pickup-Z,VIN001380,497,514,15,21,20,"40,5","947829,7"
2025-04-20,Goiana,A,2,Pickup-Z,VIN001381,638,624,11,73,8,"5,9","1901775,79"
2025-01-28,Goiana,A,3,Hatch-Y,VIN001382,571,561,1,87,12,"75,6",1683860
2025-01-19,Porto Real,D,1,SUV-X,VIN001383,485,521,4,18,8,"66,6","1382391,91"
2025-02-22,Betim,A,1,Sedan-W,VIN001384,463,461,0,18,12,"91,5","1100442,17"
2025-05-18,Porto Real,D,3,Sedan-W,VIN001385,475,510,15,79,10,"59,9","1503419,23"
2025-03-21,Betim,C,3,SUV-X,VIN001386,598,610,0,47,19,41,"1885717,3"
2025-03-04,Betim,D,3,Sedan-W,VIN001387,520,533,11,4,8,"21,7","1608702,13"
2025-01-21,Betim,B,2,Pickup-Z,VIN001388,605,592,6,16,15,13,"1573899,74"
2025-01-26,Porto Real,C,1,SUV-X,VIN001389,560,586,10,42,8,50,"1147537,94"
2025-01-06,Goiana,D,1,Pickup-Z,VIN001390,477,466,15,22,18,"63,8","1063026,45"
2025-04-12,Porto Real,C,3,SUV-X,VIN001391,532,572,7,51,17,"93,1","1258007,79"
2025-06-24,Goiana,C,3,SUV-X,VIN001392,425,455,4,85,14,"86,9","1132963,2"
2025-04-05,Goiana,C,1,Pickup-Z,VIN001393,540,574,15,21,16,"37,9","1688197,06"
2025-01-16,Porto Real,B,1,Pickup-Z,VIN001394,440,424,4,18,15,6,"871819,35"
2025-03-10,Betim,D,1,SUV-X,VIN001395,498,493,15,64,18,"56,6","991457,79"
2025-03-24,Betim,C,3,SUV-X,VIN001396,588,558,11,29,16,"14,4","1228391,78"
2025-01-14,Porto Real,D,2,Sedan-W,VIN001397,576,607,11,48,14,"52,6","1703500,16"
2025-03-05,Goiana,C,3,Pickup-Z,VIN001398,580,578,11,56,17,"24,2","1388871,03"
2025-01-04,Betim,A,3,Sedan-W,VIN001399,410,439,6,43,16,"52,6","932962,63"
2025-03-05,Goiana,D,1,Sedan-W,VIN001400,553,574,8,52,20,"106,3","1287229,63"
2025-01-23,Betim,D,2,Hatch-Y,VIN001401,402,425,13,51,13,"58,6","776478,68"
2025-04-23,Porto Real,A,1,Hatch-Y,VIN001402,554,542,12,89,9,"90,2","1436665,99"
2025-02-15,Porto Real,C,2,Pickup-Z,VIN001403,615,616,15,44,20,"62,9","1159539,91"
2025-04-12,Betim,A,1,SUV-X,VIN001404,392,430,11,75,8,"56,6",721998
2025-06-05,Betim,D,3,SUV-X,VIN001405,461,463,7,31,12,"52,2","1022237,8"
2025-03-10,Betim,D,2,Sedan-W,VIN001406,589,575,12,90,16,"31,2","1546342,48"
2025-02-02,Goiana,D,3,Sedan-W,VIN001407,612,620,6,90,15,"27,4","1655639,92"
2025-04-02,Betim,D,1,Sedan-W,VIN001408,628,632,11,76,17,"100,7","1138047,81"
2025-06-17,Betim,A,2,Pickup-Z,VIN001409,602,631,2,53,13,"23,8","1170079,14"
2025-05-13,Goiana,D,3,Sedan-W,VIN001410,488,528,9,36,12,"111,1","959683,73"
2025-05-25,Betim,C,2,Pickup-Z,VIN001411,515,511,15,77,18,"64,2","1225779,38"
2025-04-27,Goiana,B,1,Pickup-Z,VIN001412,473,453,15,2,20,"23,1","1480681,2"
2025-06-23,Goiana,B,2,Sedan-W,VIN001413,526,509,13,30,17,"14,3","1404954,65"
2025-06-08,Porto Real,C,3,Hatch-Y,VIN001414,493,523,15,78,10,"18,5","1283966,64"
2025-05-11,Betim,A,2,Hatch-Y,VIN001415,602,627,4,77,13,"31,2","1153664,15"
2025-01-21,Goiana,A,1,Pickup-Z,VIN001416,593,598,5,18,15,"100,2",1361544
2025-04-15,Porto Real,C,2,Pickup-Z,VIN001417,494,467,0,87,19,"56,4","1422243,39"
2025-01-30,Betim,D,2,SUV-X,VIN001418,482,508,2,28,19,"36,2","974518,49"
2025-06-23,Porto Real,D,1,Sedan-W,VIN001419,435,451,8,51,11,31,"837075,14"
2025-03-27,Goiana,D,2,SUV-X,VIN001420,431,458,7,67,8,111,"1024653,52"
2025-06-18,Goiana,B,1,SUV-X,VIN001421,547,549,13,17,17,9,"1742310,84"
2025-01-06,Betim,D,3,Hatch-Y,VIN001422,518,537,5,42,8,"95,3","932652,45"
2025-05-30,Porto Real,A,2,Hatch-Y,VIN001423,506,538,15,57,18,"98,5","930021,67"
2025-04-25,Goiana,B,2,Pickup-Z,VIN001424,562,598,2,13,15,45,"1691524,69"
2025-04-22,Goiana,A,1,Hatch-Y,VIN001425,562,599,5,3,11,"69,5","1263708,85"
2025-05-05,Goiana,C,3,Pickup-Z,VIN001426,587,582,8,61,10,"32,7","1526136,06"
2025-01-22,Goiana,A,3,SUV-X,VIN001427,464,433,10,28,14,"113,1","1058348,88"
2025-03-31,Betim,A,1,Hatch-Y,VIN001428,599,589,4,46,14,"102,6","1471348,1"
2025-04-28,Betim,B,1,SUV-X,VIN001429,394,427,11,41,18,"114,5","1250521,42"
2025-05-15,Porto Real,C,3,SUV-X,VIN001430,615,649,15,33,13,"98,8","1319211,75"
2025-05-26,Betim,D,2,Sedan-W,VIN001431,511,502,1,3,9,"36,4","993491,45"
2025-03-26,Betim,B,1,Pickup-Z,VIN001432,467,471,3,23,19,"59,9","1010383,86"
2025-02-23,Goiana,B,3,Sedan-W,VIN001433,433,457,7,80,17,"41,8","1230480,66"
2025-03-04,Goiana,B,1,Sedan-W,VIN001434,507,501,4,49,14,"101,6","1220370,37"
2025-03-09,Porto Real,D,2,Hatch-Y,VIN001435,537,552,12,75,18,"35,2","1390119,28"
2025-03-02,Goiana,D,1,Sedan-W,VIN001436,523,491,13,24,8,"52,2","1615789,25"
2025-03-30,Betim,B,3,SUV-X,VIN001437,470,459,9,27,12,"31,7","1450221,77"
2025-06-23,Porto Real,C,3,Hatch-Y,VIN001438,412,423,5,56,11,13,"920645,79"
2025-06-06,Betim,C,1,Pickup-Z,VIN001439,566,586,12,3,14,"17,7","1542644,74"
2025-02-13,Porto Real,D,2,Hatch-Y,VIN001440,544,538,1,52,11,"61,5","1647208,7"
2025-05-10,Betim,D,3,SUV-X,VIN001441,538,567,9,4,16,"90,4","1656474,77"
2025-02-23,Betim,D,1,Sedan-W,VIN001442,589,586,13,77,11,"72,6","1766696,95"
2025-06-10,Porto Real,B,1,SUV-X,VIN001443,617,586,6,43,9,"61,2","1585876,88"
2025-01-09,Goiana,C,1,Sedan-W,VIN001444,634,626,4,31,15,"9,4","1744146,62"
2025-05-26,Goiana,A,3,Pickup-Z,VIN001445,473,464,7,18,17,109,"1220937,41"
2025-06-16,Goiana,D,2,SUV-X,VIN001446,486,506,0,72,10,"36,3","1466559,28"
2025-01-13,Porto Real,A,3,Pickup-Z,VIN001447,517,491,4,58,17,72,"1169799,13"
2025-01-24,Betim,B,3,SUV-X,VIN001448,542,551,12,48,12,"62,3","1308967,83"
2025-05-14,Goiana,C,1,SUV-X,VIN001449,554,525,11,7,17,"47,8","1014264,33"
2025-01-19,Betim,D,3,Pickup-Z,VIN001450,457,479,10,78,16,82,"946690,71"
2025-01-30,Betim,C,3,SUV-X,VIN001451,628,643,13,21,18,"27,3","1817819,23"
2025-05-13,Goiana,D,2,Sedan-W,VIN001452,642,650,1,53,16,"116,7","1883172,92"
2025-04-30,Betim,B,2,Sedan-W,VIN001453,590,596,9,44,16,58,"1519145,67"
2025-06-25,Porto Real,B,1,SUV-X,VIN001454,639,614,10,10,17,"37,7","1383494,02"
2025-04-17,Goiana,A,1,SUV-X,VIN001455,393,430,9,79,8,"107,7","868969,89"
2025-03-19,Goiana,A,3,Hatch-Y,VIN001456,605,621,13,7,8,"68,1","1757721,47"
2025-03-29,Betim,B,1,Sedan-W,VIN001457,457,445,2,17,14,"24,1","1028555,38"
2025-03-03,Porto Real,B,1,Sedan-W,VIN001458,461,456,11,71,8,"7,3","1008631,7"
2025-02-05,Porto Real,D,3,Hatch-Y,VIN001459,604,609,6,16,8,"103,2","1327680,41"
2025-01-31,Goiana,C,1,SUV-X,VIN001460,425,428,3,2,12,"98,6","1075144,42"
2025-03-05,Goiana,C,2,Hatch-Y,VIN001461,519,558,0,84,12,"55,7","1488230,13"
2025-01-15,Goiana,C,1,SUV-X,VIN001462,574,609,13,32,20,"52,7","1058033,84"
2025-05-04,Goiana,A,3,Pickup-Z,VIN001463,515,547,10,9,13,"70,5","1406833,79"
2025-01-03,Goiana,D,1,Hatch-Y,VIN001464,460,453,10,4,14,"35,7","1025561,42"
2025-05-27,Goiana,A,2,Pickup-Z,VIN001465,606,578,1,80,8,"105,4","1706195,94"
2025-01-15,Porto Real,C,1,SUV-X,VIN001466,529,527,0,62,15,"58,3","1398031,14"
2025-06-21,Betim,C,1,SUV-X,VIN001467,396,420,14,80,19,"31,1","851362,48"
2025-06-10,Betim,C,1,SUV-X,VIN001468,467,437,6,15,18,"83,6","871040,04"
2025-05-15,Goiana,D,1,Sedan-W,VIN001469,629,638,3,83,12,"6,7","1990283,48"
2025-06-23,Betim,D,1,Hatch-Y,VIN001470,573,552,7,67,15,"101,3","1053916,08"
2025-05-04,Betim,D,2,Hatch-Y,VIN001471,486,505,2,7,11,"48,5","1404908,01"
2025-03-29,Goiana,C,2,SUV-X,VIN001472,490,506,8,5,13,"6,2","1352616,66"
2025-02-10,Porto Real,A,2,Sedan-W,VIN001473,404,429,1,40,11,"108,1","995178,95"
2025-04-02,Goiana,A,2,Pickup-Z,VIN001474,600,638,7,20,18,23,"1520569,61"
2025-05-04,Betim,A,3,Pickup-Z,VIN001475,650,628,8,18,9,"6,3","1352882,11"
2025-02-07,Betim,D,3,Hatch-Y,VIN001476,424,421,0,10,9,"9,4","1254946,09"
2025-01-25,Goiana,D,3,Sedan-W,VIN001477,646,621,14,23,18,"31,6","1726480,13"
2025-06-18,Goiana,B,3,SUV-X,VIN001478,452,466,12,63,9,"22,6","949419,61"
2025-02-05,Porto Real,C,3,SUV-X,VIN001479,530,559,11,38,18,"53,9","1260085,6"
2025-03-13,Porto Real,B,2,Pickup-Z,VIN001480,567,543,4,6,16,"61,9","1404269,27"
2025-04-29,Porto Real,D,2,Pickup-Z,VIN001481,523,510,14,41,8,"69,1","1356702,8"
2025-06-29,Porto Real,B,2,Hatch-Y,VIN001482,599,585,14,81,16,"107,6","1199944,41"
2025-06-10,Porto Real,A,3,Hatch-Y,VIN001483,600,602,6,57,9,"102,7","1189988,61"
2025-03-19,Porto Real,D,1,Sedan-W,VIN001484,463,469,3,88,18,"31,2","1011672,39"
2025-01-15,Betim,A,2,Sedan-W,VIN001485,458,469,1,36,17,"117,6","1274185,74"
2025-05-05,Porto Real,D,2,Hatch-Y,VIN001486,506,508,7,20,11,"90,4","1193942,15"
2025-06-17,Goiana,B,3,Sedan-W,VIN001487,639,625,10,86,20,"26,7","1769287,07"
2025-06-02,Goiana,C,2,Sedan-W,VIN001488,494,461,2,57,12,"31,3","1138932,33"
2025-04-02,Betim,D,1,SUV-X,VIN001489,513,487,15,72,14,"28,6","1634354,52"
2025-03-04,Betim,C,3,SUV-X,VIN001490,575,559,8,24,13,"84,6","1658805,35"
2025-04-29,Porto Real,A,3,Sedan-W,VIN001491,464,474,5,48,16,"93,3","1178015,42"
2025-04-27,Betim,B,2,Hatch-Y,VIN001492,591,602,9,57,8,"48,5","1198485,74"
2025-06-07,Porto Real,C,3,Sedan-W,VIN001493,464,482,6,66,9,"113,6","1350410,26"
2025-01-07,Goiana,B,1,Sedan-W,VIN001494,463,447,1,64,12,"118,1","1107946,88"
2025-02-16,Porto Real,A,2,Pickup-Z,VIN001495,541,509,8,72,11,"53,3","1490483,9"
2025-04-19,Betim,B,2,Pickup-Z,VIN001496,552,532,12,15,15,"34,1","1495316,52"
2025-06-24,Porto Real,C,1,Pickup-Z,VIN001497,536,574,14,29,13,"45,9","1264148,74"
2025-04-05,Goiana,C,3,Sedan-W,VIN001498,400,423,2,35,16,"91,1","1053025,7"
2025-04-24,Goiana,A,1,Hatch-Y,VIN001499,632,610,1,87,13,"48,8","1363759,58"
2025-02-11,Porto Real,C,3,SUV-X,VIN001500,636,620,8,8,17,"97,2","1183262,71"
2025-03-09,Porto Real,A,2,Pickup-Z,VIN001501,517,501,13,70,11,"39,5","958145,49"
2025-02-21,Goiana,D,3,Sedan-W,VIN001502,600,623,11,6,15,"119,4","1543960,24"
2025-05-08,Betim,C,2,SUV-X,VIN001503,663,633,15,88,13,"65,9","1601852,09"
2025-04-10,Betim,C,2,Sedan-W,VIN001504,615,586,2,16,14,"34,4","1247406,2"
2025-05-01,Porto Real,D,1,Pickup-Z,VIN001505,643,639,9,87,13,"18,6","1888820,46"
2025-04-13,Porto Real,C,1,Sedan-W,VIN001506,531,547,6,79,15,"25,7","1031580,41"
2025-05-20,Porto Real,C,3,Pickup-Z,VIN001507,582,569,15,34,12,"72,7","1078463,88"
2025-06-28,Goiana,D,2,SUV-X,VIN001508,475,478,1,44,10,"110,6","970395,63"
2025-02-25,Goiana,D,2,Sedan-W,VIN001509,473,502,12,20,15,"32,6","997155,96"
2025-06-03,Porto Real,A,1,Hatch-Y,VIN001510,615,631,12,14,14,"46,1","1219307,69"
2025-01-02,Porto Real,D,2,Sedan-W,VIN001511,607,583,14,87,11,"89,8","1821835,87"
2025-03-21,Porto Real,B,3,Hatch-Y,VIN001512,451,461,5,48,11,"16,1","921350,54"
2025-01-24,Porto Real,D,3,Sedan-W,VIN001513,521,509,14,1,16,"26,8","1242508,86"
2025-05-17,Porto Real,C,2,Pickup-Z,VIN001514,536,553,5,0,16,66,"1651888,49"
2025-04-13,Goiana,C,3,Pickup-Z,VIN001515,586,626,11,46,9,"104,8","1158561,11"
2025-04-29,Betim,A,3,Sedan-W,VIN001516,562,557,4,51,11,"26,4","1408723,84"
2025-03-08,Betim,C,3,Pickup-Z,VIN001517,531,521,7,36,18,"67,9","1295324,03"
2025-06-15,Betim,B,1,SUV-X,VIN001518,458,483,9,32,10,"50,1","1346219,06"
2025-01-31,Porto Real,A,1,Sedan-W,VIN001519,651,635,3,14,18,"95,4","1664228,19"
2025-06-21,Porto Real,B,2,SUV-X,VIN001520,476,512,13,39,10,49,"862898,36"
2025-02-15,Goiana,C,3,Sedan-W,VIN001521,461,475,12,28,13,"93,8","892266,36"
2025-04-16,Goiana,B,3,Sedan-W,VIN001522,423,454,6,57,9,"71,3","1086901,1"
2025-06-15,Porto Real,B,3,Sedan-W,VIN001523,499,509,15,61,11,"8,4","982241,13"
2025-03-22,Goiana,A,2,Sedan-W,VIN001524,603,602,6,57,19,"22,2","1120197,19"
2025-03-29,Goiana,B,2,SUV-X,VIN001525,584,578,5,64,20,"77,4","1059593,3"
2025-03-15,Betim,D,2,SUV-X,VIN001526,445,421,5,20,12,"13,3","1108434,82"
2025-04-01,Goiana,B,1,SUV-X,VIN001527,494,467,15,88,14,"96,7","1579086,05"
2025-03-09,Betim,A,2,SUV-X,VIN001528,508,521,8,34,8,"116,1","1372535,26"
2025-05-04,Porto Real,B,1,Pickup-Z,VIN001529,465,463,3,70,11,"116,4","1282027,72"
2025-05-24,Porto Real,B,1,SUV-X,VIN001530,660,647,7,47,16,"67,3",2111447
2025-06-14,Goiana,B,1,Pickup-Z,VIN001531,398,420,1,6,8,118,"801013,57"
2025-06-16,Porto Real,B,3,Pickup-Z,VIN001532,534,523,7,59,13,"67,7","1274847,37"
2025-05-10,Porto Real,A,1,Sedan-W,VIN001533,577,613,7,78,14,66,"1614979,84"
2025-04-30,Betim,C,1,Pickup-Z,VIN001534,523,548,15,90,18,"95,2","954946,69"
2025-06-10,Goiana,D,3,Hatch-Y,VIN001535,530,553,2,15,14,"80,4","1024464,68"
2025-01-23,Goiana,A,3,Hatch-Y,VIN001536,416,443,7,56,8,"38,3","1154244,66"
2025-02-01,Goiana,D,3,Pickup-Z,VIN001537,479,517,4,6,20,"83,4","1156618,76"
2025-05-04,Betim,C,2,Hatch-Y,VIN001538,551,564,8,42,9,87,"1355518,29"
2025-01-09,Goiana,D,2,SUV-X,VIN001539,525,518,7,4,11,"61,4","1086432,47"
2025-01-08,Betim,B,1,SUV-X,VIN001540,605,622,13,33,20,"79,6","1189396,78"
2025-05-29,Porto Real,C,2,Sedan-W,VIN001541,466,504,6,17,14,"68,3","979078,39"
2025-03-07,Betim,A,2,Sedan-W,VIN001542,538,574,3,27,9,"80,9","1659966,58"
2025-05-15,Porto Real,A,1,Hatch-Y,VIN001543,563,539,14,6,17,72,"1094905,17"
2025-05-23,Porto Real,C,1,Hatch-Y,VIN001544,458,450,12,90,19,"68,8","1140022,32"
2025-02-20,Betim,C,3,SUV-X,VIN001545,437,447,15,53,12,"40,9","1358589,86"
2025-05-18,Porto Real,B,1,Sedan-W,VIN001546,580,567,6,90,13,"92,5","1758515,46"
2025-05-29,Betim,B,2,SUV-X,VIN001547,625,619,14,9,15,"91,6","1867751,74"
2025-02-07,Porto Real,A,2,SUV-X,VIN001548,566,589,6,55,11,"42,6","1353497,39"
2025-02-02,Porto Real,A,2,SUV-X,VIN001549,422,462,6,35,10,"61,6",1306580
2025-02-01,Betim,C,3,Sedan-W,VIN001550,484,512,1,64,11,"12,7","1499919,13"
2025-05-15,Betim,A,1,Pickup-Z,VIN001551,539,569,7,85,15,"91,5","1209494,43"
2025-03-16,Betim,D,1,Pickup-Z,VIN001552,472,509,1,62,18,"62,5","1093180,12"
2025-04-12,Betim,B,1,Pickup-Z,VIN001553,525,544,14,52,15,"17,5","1330200,09"
2025-05-17,Betim,B,3,Hatch-Y,VIN001554,604,613,6,9,10,"78,9","1479412,51"
2025-01-26,Betim,A,2,Sedan-W,VIN001555,568,586,0,8,8,"100,7","1109342,9"
2025-02-24,Betim,D,1,Sedan-W,VIN001556,593,629,2,0,15,"76,2","1873336,94"
2025-06-08,Goiana,B,2,Pickup-Z,VIN001557,451,488,5,44,10,"75,8","1379783,38"
2025-06-05,Betim,B,2,Hatch-Y,VIN001558,414,420,8,8,17,"13,3","981130,42"
2025-03-22,Goiana,A,2,Pickup-Z,VIN001559,437,443,6,24,16,"46,9","1327633,38"
2025-03-11,Goiana,A,1,SUV-X,VIN001560,480,462,3,28,8,"53,1","1156213,12"
2025-01-07,Porto Real,C,2,Hatch-Y,VIN001561,444,432,1,6,11,"91,3","833204,33"
2025-06-03,Goiana,A,3,Sedan-W,VIN001562,506,529,0,41,14,"116,2","1406078,68"
2025-01-09,Porto Real,B,2,Sedan-W,VIN001563,547,525,5,84,10,38,"1248295,96"
2025-02-24,Goiana,C,3,Hatch-Y,VIN001564,446,434,2,46,11,"54,8","946901,03"
2025-03-15,Porto Real,B,2,SUV-X,VIN001565,622,635,8,59,8,"100,5","1821288,2"
2025-05-12,Goiana,A,2,Sedan-W,VIN001566,520,545,7,2,12,"81,1","1268369,99"
2025-01-02,Betim,A,1,Hatch-Y,VIN001567,615,610,10,22,11,"90,8","1600638,41"
2025-04-06,Betim,A,1,Sedan-W,VIN001568,523,503,7,36,14,"6,9","1346389,52"
2025-01-11,Goiana,B,3,SUV-X,VIN001569,574,552,11,69,12,"28,4","1469718,91"
2025-02-07,Betim,D,1,Pickup-Z,VIN001570,515,496,3,75,10,"63,9","1200501,01"
2025-02-18,Goiana,A,2,Pickup-Z,VIN001571,647,617,4,63,19,"34,9","1555106,64"
2025-02-10,Goiana,B,1,Hatch-Y,VIN001572,577,583,3,44,8,"15,2","1419469,32"
2025-01-13,Porto Real,B,3,Pickup-Z,VIN001573,568,603,14,15,11,"66,7","1142135,89"
2025-06-27,Goiana,B,1,Sedan-W,VIN001574,545,526,6,39,17,"43,1","1668634,48"
2025-01-29,Goiana,D,1,Hatch-Y,VIN001575,468,498,5,70,9,"70,8","1063322,57"
2025-04-15,Betim,C,3,SUV-X,VIN001576,459,436,14,69,18,"89,3","931060,72"
2025-05-05,Goiana,D,2,Sedan-W,VIN001577,631,637,15,41,12,44,"1965592,1"
2025-05-06,Betim,C,3,Pickup-Z,VIN001578,563,539,14,26,14,"27,2","1138675,18"
2025-06-27,Goiana,D,2,SUV-X,VIN001579,528,555,7,65,16,"87,5","1024307,28"
2025-04-13,Goiana,B,1,SUV-X,VIN001580,545,513,5,2,18,"21,1","1573496,74"
2025-06-16,Porto Real,C,3,Sedan-W,VIN001581,515,547,6,41,8,"85,1","1211316,54"
2025-02-02,Betim,A,3,SUV-X,VIN001582,601,604,2,23,9,"103,2","1342350,4"
2025-02-11,Porto Real,B,1,Sedan-W,VIN001583,616,606,2,75,18,87,"1693340,92"
2025-02-08,Goiana,C,1,Pickup-Z,VIN001584,443,425,11,45,14,"78,4","816793,92"
2025-01-28,Porto Real,B,2,Pickup-Z,VIN001585,530,496,9,81,8,"75,2","1008447,19"
2025-04-30,Betim,C,2,Pickup-Z,VIN001586,593,632,13,80,11,"32,4","1646329,36"
2025-04-15,Goiana,C,1,Hatch-Y,VIN001587,463,463,2,21,13,"34,1","895746,15"
2025-01-18,Betim,A,1,Hatch-Y,VIN001588,674,649,2,17,12,"33,4","1642991,84"
2025-02-03,Porto Real,B,1,Pickup-Z,VIN001589,525,502,7,64,18,"92,2","1537394,8"
2025-03-03,Porto Real,B,1,Sedan-W,VIN001590,518,525,13,65,12,"89,2","1195361,32"
2025-04-01,Betim,D,2,Hatch-Y,VIN001591,464,437,15,66,8,"16,6","884989,24"
2025-06-16,Porto Real,B,2,Hatch-Y,VIN001592,502,477,15,54,14,"49,8","960462,51"
2025-03-02,Goiana,A,3,SUV-X,VIN001593,541,508,10,21,13,"35,8","1237024,45"
2025-02-25,Goiana,D,1,Hatch-Y,VIN001594,632,642,15,60,20,"46,4","1355410,79"
2025-05-12,Porto Real,C,3,Sedan-W,VIN001595,651,622,15,88,14,"95,7","1707501,53"
2025-03-09,Betim,A,1,Pickup-Z,VIN001596,412,448,15,35,12,"102,6","1250074,96"
2025-02-21,Goiana,C,1,Pickup-Z,VIN001597,659,626,14,15,9,"15,8","1570400,49"
2025-04-04,Goiana,C,1,SUV-X,VIN001598,585,566,2,62,10,"19,3","1431656,5"
2025-04-30,Porto Real,B,1,Pickup-Z,VIN001599,559,559,4,54,16,"97,1","1729056,14"
2025-04-01,Goiana,D,3,Sedan-W,VIN001600,536,531,0,70,11,"31,8","1130791,71"
2025-01-22,Goiana,A,2,SUV-X,VIN001601,423,441,9,44,8,"45,1","1314240,69"
2025-05-17,Porto Real,A,1,Hatch-Y,VIN001602,546,548,15,19,13,"112,4","1294207,59"
2025-01-17,Goiana,D,1,Sedan-W,VIN001603,414,442,2,81,18,"75,6","1132814,92"
2025-05-31,Goiana,A,2,Pickup-Z,VIN001604,472,468,1,88,13,119,"981709,86"
2025-04-02,Betim,A,2,SUV-X,VIN001605,556,561,1,7,19,"109,1","1754398,04"
2025-04-20,Porto Real,C,3,SUV-X,VIN001606,574,612,9,72,16,"38,3","1380466,4"
2025-05-23,Goiana,B,1,Sedan-W,VIN001607,582,550,8,87,14,"19,2","1723107,41"
2025-01-11,Porto Real,B,2,Sedan-W,VIN001608,441,466,13,47,20,"105,1","1314531,94"
2025-06-15,Goiana,A,1,Sedan-W,VIN001609,547,527,14,19,11,"16,8","1312839,95"
2025-06-15,Goiana,C,1,SUV-X,VIN001610,466,495,4,45,11,"56,9","1282538,76"
2025-02-20,Goiana,C,1,Sedan-W,VIN001611,578,570,0,19,19,"22,9","1758749,33"
2025-03-31,Goiana,C,2,Hatch-Y,VIN001612,552,528,0,12,8,18,"1613460,35"
2025-01-08,Betim,D,3,SUV-X,VIN001613,418,438,9,77,12,94,"999265,76"
2025-02-03,Goiana,A,1,Sedan-W,VIN001614,467,476,2,87,20,"25,8","1429734,82"
2025-06-22,Goiana,B,2,SUV-X,VIN001615,558,557,6,18,15,"83,4","1075094,23"
2025-01-20,Porto Real,B,1,Pickup-Z,VIN001616,551,590,15,24,9,"20,2","1372350,49"
2025-02-27,Goiana,C,1,Sedan-W,VIN001617,647,644,14,66,12,"64,7","1264751,55"
2025-02-13,Goiana,D,1,Hatch-Y,VIN001618,481,514,10,78,12,"37,1","1506920,92"
2025-01-06,Porto Real,B,2,Sedan-W,VIN001619,532,529,7,24,16,"29,5","1298391,51"
2025-01-04,Porto Real,C,1,Hatch-Y,VIN001620,494,473,13,78,15,"20,2","967754,13"
2025-01-04,Porto Real,B,3,Pickup-Z,VIN001621,570,547,5,53,10,"59,5","1223831,56"
2025-06-17,Porto Real,B,1,Hatch-Y,VIN001622,429,448,10,52,10,"113,3","1078993,89"
2025-03-23,Betim,A,1,Pickup-Z,VIN001623,523,553,9,37,10,"13,9","987041,71"
2025-02-25,Betim,A,2,Hatch-Y,VIN001624,621,610,10,48,9,"19,4","1764350,51"
2025-04-05,Porto Real,B,3,SUV-X,VIN001625,563,558,10,52,9,"72,3","1069228,63"
2025-06-25,Porto Real,C,1,Pickup-Z,VIN001626,496,522,0,35,12,29,"1461929,06"
2025-01-10,Porto Real,D,1,Pickup-Z,VIN001627,648,650,0,71,17,"8,5","1671130,22"
2025-04-05,Goiana,D,1,SUV-X,VIN001628,428,437,13,90,8,"27,2","1113530,31"
2025-01-26,Goiana,B,3,Sedan-W,VIN001629,570,603,14,81,11,"96,8","1098828,91"
2025-01-22,Goiana,D,3,SUV-X,VIN001630,505,534,8,81,14,"33,5","1073108,44"
2025-03-04,Goiana,D,3,SUV-X,VIN001631,497,494,3,17,15,"33,8","1495513,19"
2025-04-14,Goiana,A,2,Pickup-Z,VIN001632,650,618,11,77,14,"51,2","1394358,18"
2025-06-24,Betim,A,1,SUV-X,VIN001633,485,476,5,74,12,"100,3","1247718,26"
2025-01-27,Betim,D,2,SUV-X,VIN001634,622,636,0,0,15,"22,8","1959998,04"
2025-05-08,Porto Real,C,2,Pickup-Z,VIN001635,502,511,7,24,8,"23,7","1320995,46"
2025-04-17,Goiana,A,1,SUV-X,VIN001636,464,478,11,62,10,"105,8","1273866,98"
2025-05-17,Goiana,C,3,Hatch-Y,VIN001637,475,481,10,78,15,"71,2","1405116,8"
2025-01-09,Porto Real,B,1,SUV-X,VIN001638,439,432,13,74,19,"80,3","988989,99"
2025-05-24,Betim,C,1,Sedan-W,VIN001639,596,636,14,26,16,"19,3","1684935,99"
2025-01-01,Porto Real,A,1,Pickup-Z,VIN001640,600,610,12,88,9,"49,7","1751786,23"
2025-04-18,Goiana,A,2,Pickup-Z,VIN001641,482,479,6,70,13,"48,2","888878,23"
2025-06-19,Betim,C,1,SUV-X,VIN001642,517,500,6,23,8,"70,4","1536589,61"
2025-01-03,Betim,C,1,Hatch-Y,VIN001643,528,493,10,54,15,"44,5","1638160,01"
2025-05-04,Goiana,C,3,SUV-X,VIN001644,588,563,2,12,11,"95,3","1827701,37"
2025-02-18,Porto Real,B,3,Pickup-Z,VIN001645,434,455,0,64,11,118,"949236,12"
2025-01-23,Porto Real,C,2,Pickup-Z,VIN001646,468,438,0,40,9,"104,1","1215782,96"
2025-02-19,Goiana,C,3,Pickup-Z,VIN001647,518,520,5,87,14,"40,1","1519551,79"
2025-03-04,Betim,B,2,Pickup-Z,VIN001648,461,491,2,46,20,109,"857564,9"
2025-05-16,Goiana,C,3,Hatch-Y,VIN001649,646,650,0,88,19,"72,2","1949653,59"
2025-04-24,Betim,C,1,SUV-X,VIN001650,597,587,7,83,17,"21,8","1499899,13"
2025-02-23,Betim,B,2,Sedan-W,VIN001651,665,631,10,78,20,"39,2","1281183,2"
2025-04-19,Porto Real,A,1,Pickup-Z,VIN001652,459,480,7,66,11,43,"1353531,68"
2025-06-02,Betim,C,1,SUV-X,VIN001653,550,556,15,23,20,"12,5","1588305,63"
2025-02-09,Porto Real,B,1,Pickup-Z,VIN001654,541,544,9,84,11,"90,9","1502931,23"
2025-01-19,Goiana,B,2,SUV-X,VIN001655,598,605,1,53,20,"92,1","1731721,42"
2025-05-23,Betim,C,3,Pickup-Z,VIN001656,469,460,2,68,11,"81,3","1254388,78"
2025-05-30,Porto Real,D,2,Sedan-W,VIN001657,641,612,10,39,13,"118,2","1405950,89"
2025-05-12,Goiana,A,3,Pickup-Z,VIN001658,471,490,14,47,12,"100,2","1485984,46"
2025-01-20,Betim,A,2,SUV-X,VIN001659,441,446,7,70,18,"83,7","854016,76"
2025-03-17,Goiana,C,2,Pickup-Z,VIN001660,470,490,5,7,19,"96,8","1353556,26"
2025-04-09,Betim,B,2,Hatch-Y,VIN001661,451,478,7,75,12,"77,3","1060788,97"
2025-02-01,Goiana,A,2,Pickup-Z,VIN001662,584,613,14,75,16,"107,6","1596547,88"
2025-03-16,Porto Real,C,1,Hatch-Y,VIN001663,584,552,1,22,8,26,"1840573,52"
2025-03-24,Goiana,D,2,Sedan-W,VIN001664,622,627,15,68,9,"110,2","1640583,58"
2025-05-06,Porto Real,D,3,Hatch-Y,VIN001665,457,489,1,15,20,"113,7","1301432,91"
2025-05-23,Goiana,B,3,Hatch-Y,VIN001666,504,470,6,28,12,"27,2","1123214,17"
2025-02-17,Porto Real,B,3,Sedan-W,VIN001667,623,629,11,72,11,"78,3","1470438,98"
2025-04-19,Betim,A,2,Hatch-Y,VIN001668,626,596,1,74,14,"32,7","1659459,48"
2025-03-19,Porto Real,D,1,SUV-X,VIN001669,652,640,2,81,20,110,"1788077,18"
2025-05-12,Porto Real,D,2,Hatch-Y,VIN001670,627,621,12,85,20,"13,1","1254346,4"
2025-04-29,Betim,B,1,Hatch-Y,VIN001671,492,530,7,37,14,90,"1333718,11"
2025-02-26,Goiana,C,1,Pickup-Z,VIN001672,622,645,15,15,19,"66,6","1702442,2"
2025-03-02,Porto Real,D,1,Hatch-Y,VIN001673,661,650,5,55,10,"7,3","1502660,19"
2025-02-28,Goiana,C,3,Pickup-Z,VIN001674,409,430,1,76,14,"96,6","784844,69"
2025-06-29,Porto Real,B,1,Hatch-Y,VIN001675,506,491,15,53,11,"112,3","1069776,6"
2025-04-12,Goiana,A,2,Pickup-Z,VIN001676,466,449,14,26,13,82,"1162091,87"
2025-05-29,Porto Real,B,1,Pickup-Z,VIN001677,567,607,6,49,18,17,"1425056,41"
2025-02-21,Betim,C,1,Sedan-W,VIN001678,586,552,9,25,15,"110,7","1318497,31"
2025-03-23,Goiana,D,1,Sedan-W,VIN001679,593,620,10,16,13,111,"1637851,41"
2025-03-13,Betim,A,3,Sedan-W,VIN001680,405,425,5,50,11,20,"729767,48"
2025-06-19,Goiana,B,1,Sedan-W,VIN001681,496,535,10,51,10,"40,9","1503680,56"
2025-02-05,Betim,C,2,Pickup-Z,VIN001682,520,494,7,37,9,"86,4","1362361,92"
2025-02-08,Porto Real,B,2,SUV-X,VIN001683,668,637,4,56,14,"112,5","1838603,98"
2025-01-17,Betim,B,2,Sedan-W,VIN001684,540,554,13,52,12,"74,9","1437775,29"
2025-01-15,Betim,A,2,Pickup-Z,VIN001685,548,575,6,78,9,"94,2","1183741,85"
2025-02-14,Betim,A,1,Sedan-W,VIN001686,559,586,3,37,10,"106,4","1474765,2"
2025-05-13,Porto Real,C,1,Hatch-Y,VIN001687,577,556,0,74,19,"23,3","1073111,22"
2025-05-31,Goiana,B,1,Pickup-Z,VIN001688,443,437,13,47,10,"112,1","1191583,97"
2025-06-02,Goiana,A,3,Sedan-W,VIN001689,561,580,4,51,18,102,"1187015,95"
2025-06-07,Porto Real,A,1,Hatch-Y,VIN001690,394,424,7,3,16,"74,2","1222241,99"
2025-02-11,Goiana,A,2,Sedan-W,VIN001691,534,526,13,47,11,"74,4","1157698,84"
2025-01-19,Goiana,D,1,SUV-X,VIN001692,469,504,0,26,19,"70,8","1492745,59"
2025-01-31,Porto Real,D,3,SUV-X,VIN001693,540,577,6,56,9,"50,6","1006841,41"
2025-01-28,Betim,D,1,Sedan-W,VIN001694,550,537,4,16,15,"59,2","1589049,34"
2025-04-14,Porto Real,B,3,Hatch-Y,VIN001695,622,645,7,60,14,64,"1378188,96"
2025-03-28,Betim,C,1,SUV-X,VIN001696,585,604,5,17,9,86,"1482441,24"
2025-04-19,Betim,A,3,Pickup-Z,VIN001697,547,542,14,70,16,"28,7","1120897,12"
2025-02-09,Betim,D,1,Pickup-Z,VIN001698,548,587,7,39,12,49,"1298565,52"
2025-03-31,Goiana,B,3,Pickup-Z,VIN001699,612,585,14,89,8,"97,7","1944054,01"
2025-06-11,Porto Real,C,3,Sedan-W,VIN001700,558,581,12,38,15,"96,6","1006816,27"
2025-05-18,Goiana,C,3,Pickup-Z,VIN001701,547,514,8,22,19,"34,5","1017364,94"
2025-03-31,Goiana,A,3,Sedan-W,VIN001702,435,440,4,40,19,"17,8","1255912,58"
2025-03-21,Goiana,C,2,SUV-X,VIN001703,457,471,14,55,10,"84,5","918411,31"
2025-06-24,Goiana,C,1,Sedan-W,VIN001704,564,570,15,27,15,"84,8","1293606,42"
2025-03-19,Goiana,B,1,Sedan-W,VIN001705,597,602,9,27,15,"94,5","1214186,08"
2025-04-23,Goiana,B,2,Hatch-Y,VIN001706,489,512,4,55,17,"89,4","1114480,65"
2025-01-23,Betim,D,3,Pickup-Z,VIN001707,502,485,4,65,16,"40,2","1569379,72"
2025-02-04,Porto Real,B,2,Hatch-Y,VIN001708,631,616,3,35,20,107,"1517789,13"
2025-02-27,Porto Real,D,3,Sedan-W,VIN001709,450,447,11,78,13,"24,5","1428786,09"
2025-05-28,Porto Real,D,1,SUV-X,VIN001710,510,489,6,64,13,"73,7","1087868,65"
2025-04-29,Porto Real,C,1,Sedan-W,VIN001711,492,475,9,58,19,"14,2","1002902,44"
2025-03-06,Goiana,A,2,SUV-X,VIN001712,559,569,0,13,12,"46,6","1337570,91"
2025-05-13,Goiana,B,3,SUV-X,VIN001713,512,535,14,61,15,"89,2","1241130,73"
2025-05-08,Goiana,B,1,Hatch-Y,VIN001714,441,474,15,10,11,"38,5","942860,22"
2025-04-16,Porto Real,C,3,Pickup-Z,VIN001715,566,558,15,50,10,"49,3","1580647,06"
2025-06-03,Betim,C,2,SUV-X,VIN001716,461,466,1,72,19,"57,1","1472606,51"
2025-03-11,Goiana,B,3,Hatch-Y,VIN001717,588,628,6,37,20,82,"1810536,84"
2025-04-16,Porto Real,C,3,SUV-X,VIN001718,453,484,15,49,20,"109,5","1213203,79"
2025-02-18,Porto Real,B,2,Pickup-Z,VIN001719,448,429,12,53,17,"47,2","1073119,83"
2025-02-09,Porto Real,C,2,Sedan-W,VIN001720,439,455,9,33,11,"25,8","940502,51"
2025-03-16,Goiana,A,2,Pickup-Z,VIN001721,563,569,1,78,13,42,"1028071,67"
2025-06-09,Porto Real,C,3,Hatch-Y,VIN001722,527,540,15,23,10,"36,1","1513363,32"
2025-03-01,Betim,C,3,Sedan-W,VIN001723,442,427,13,13,20,"47,5","1199775,84"
2025-01-08,Porto Real,C,2,SUV-X,VIN001724,650,620,1,54,12,"48,4","1299295,38"
2025-02-18,Betim,D,3,Sedan-W,VIN001725,585,601,1,69,13,"62,7","1379098,81"
2025-01-29,Porto Real,A,1,SUV-X,VIN001726,485,488,0,56,9,"22,1","1194006,3"
2025-03-13,Goiana,B,2,Pickup-Z,VIN001727,463,435,0,28,17,"118,6","939045,43"
2025-02-17,Betim,C,1,SUV-X,VIN001728,411,432,5,20,11,"23,9","1053304,3"
2025-06-02,Goiana,B,2,Hatch-Y,VIN001729,469,495,12,5,8,"82,9","1387305,07"
2025-03-09,Porto Real,D,3,SUV-X,VIN001730,493,526,6,13,19,"46,8","1093083,55"
2025-06-23,Porto Real,A,3,Hatch-Y,VIN001731,627,638,9,32,8,"76,4","1294646,42"
2025-06-19,Betim,C,3,SUV-X,VIN001732,640,624,2,30,15,"61,3","1762249,23"
2025-03-01,Goiana,A,1,Hatch-Y,VIN001733,511,509,11,10,9,"10,1","1311638,46"
2025-05-27,Goiana,A,2,SUV-X,VIN001734,492,483,6,67,18,"43,7","1325679,42"
2025-03-12,Porto Real,A,2,SUV-X,VIN001735,539,506,9,16,13,"54,1","1627533,12"
2025-05-22,Porto Real,A,1,Hatch-Y,VIN001736,568,540,8,50,15,"51,8","1554628,4"
2025-05-30,Goiana,A,2,Hatch-Y,VIN001737,557,558,2,77,8,52,"1698739,54"
2025-04-24,Betim,B,3,Pickup-Z,VIN001738,517,494,0,69,16,"24,2","1101597,66"
2025-06-18,Betim,C,1,Sedan-W,VIN001739,509,482,12,88,8,"84,5","1593711,07"
2025-01-09,Betim,C,1,Sedan-W,VIN001740,456,447,8,42,17,19,"915649,25"
2025-01-21,Goiana,B,1,Hatch-Y,VIN001741,558,587,4,19,9,"119,9","1771721,64"
2025-03-01,Goiana,D,2,SUV-X,VIN001742,504,504,13,63,12,"17,8","1051681,16"
2025-02-01,Betim,C,1,Pickup-Z,VIN001743,555,545,8,54,14,10,"1033278,76"
2025-05-19,Betim,B,2,SUV-X,VIN001744,595,583,2,11,16,26,"1316165,07"
2025-01-15,Betim,C,3,Sedan-W,VIN001745,402,440,13,29,18,"72,3","939996,75"
2025-02-05,Goiana,A,3,Pickup-Z,VIN001746,463,502,3,35,20,"60,8","1436221,42"
2025-06-19,Goiana,C,2,SUV-X,VIN001747,468,506,5,30,20,"55,9","1039661,48"
2025-05-08,Betim,B,2,Pickup-Z,VIN001748,550,551,11,49,20,"55,9","1666460,64"
2025-01-22,Goiana,C,1,Sedan-W,VIN001749,619,600,7,11,14,"19,6","1185168,74"
2025-05-19,Goiana,B,2,SUV-X,VIN001750,573,556,12,74,19,"67,7","1195967,01"
2025-05-29,Goiana,A,3,SUV-X,VIN001751,637,628,7,82,20,"68,3","1326823,5"
2025-05-04,Betim,C,1,Pickup-Z,VIN001752,612,647,10,31,11,"62,4","1621006,1"
2025-05-21,Betim,B,3,SUV-X,VIN001753,550,590,2,69,16,"39,9","1272074,11"
2025-03-21,Betim,C,1,Sedan-W,VIN001754,591,620,7,48,19,"48,6","1139501,14"
2025-03-01,Betim,B,3,Pickup-Z,VIN001755,438,432,1,66,9,"119,9","1396909,59"
2025-05-09,Porto Real,C,1,SUV-X,VIN001756,473,498,11,83,10,"88,5","859894,82"
2025-05-29,Goiana,D,3,Hatch-Y,VIN001757,584,608,9,8,20,"99,5","1378894,84"
2025-02-18,Goiana,A,3,Hatch-Y,VIN001758,536,547,6,41,20,"28,6","1256064,13"
2025-01-16,Goiana,B,3,Hatch-Y,VIN001759,521,492,8,20,17,52,"1287706,67"
2025-02-28,Porto Real,D,3,Hatch-Y,VIN001760,487,452,1,42,8,"60,1","1397217,8"
2025-01-08,Betim,D,2,Hatch-Y,VIN001761,682,648,11,18,9,"85,9","1781681,53"
2025-04-18,Goiana,B,2,SUV-X,VIN001762,497,496,0,88,11,72,"1530160,5"
2025-03-25,Goiana,B,1,Pickup-Z,VIN001763,473,495,1,38,19,"71,1","1227203,32"
2025-06-21,Goiana,D,1,Hatch-Y,VIN001764,505,470,8,84,20,"53,3","1109129,96"
2025-03-24,Goiana,C,2,Pickup-Z,VIN001765,425,448,0,74,9,"74,1","1076348,16"
2025-04-05,Betim,D,1,Hatch-Y,VIN001766,600,639,7,85,12,"71,8","1229645,53"
2025-05-11,Goiana,D,1,Hatch-Y,VIN001767,513,506,15,89,9,"56,7","1585712,54"
2025-04-27,Betim,C,1,SUV-X,VIN001768,575,588,0,14,12,"84,8","1694462,92"
2025-02-26,Goiana,D,3,Sedan-W,VIN001769,603,625,5,65,11,"45,7","1632148,26"
2025-03-11,Porto Real,A,1,Pickup-Z,VIN001770,581,566,0,84,11,"33,1","1459995,07"
2025-04-29,Betim,D,1,SUV-X,VIN001771,613,585,6,36,13,"113,7","1141405,34"
2025-05-01,Porto Real,B,3,SUV-X,VIN001772,587,589,14,66,16,"78,3","1304233,38"
2025-05-08,Betim,B,1,SUV-X,VIN001773,470,509,12,79,8,"64,4","1067034,95"
2025-06-12,Betim,B,1,Pickup-Z,VIN001774,483,463,14,34,12,"83,5","952398,15"
2025-06-06,Goiana,D,2,Pickup-Z,VIN001775,639,625,6,85,9,77,"1777157,93"
2025-03-05,Betim,C,1,Pickup-Z,VIN001776,400,439,8,6,12,"16,1","1221227,57"
2025-03-29,Porto Real,A,3,SUV-X,VIN001777,482,509,6,41,16,"37,6","894832,01"
2025-01-14,Betim,C,3,Hatch-Y,VIN001778,440,430,12,65,18,"113,8","1190505,35"
2025-04-15,Goiana,B,2,Sedan-W,VIN001779,568,597,7,35,16,"94,7","1437127,61"
2025-04-01,Goiana,A,2,Hatch-Y,VIN001780,472,474,13,74,17,"9,5","910306,19"
2025-04-02,Betim,D,3,Hatch-Y,VIN001781,531,571,10,77,17,"77,9","1058013,3"
2025-05-20,Porto Real,B,3,Sedan-W,VIN001782,620,617,15,66,14,"7,6","1915530,69"
2025-02-05,Betim,B,2,Pickup-Z,VIN001783,485,475,0,19,12,"79,6","1050151,03"
2025-03-03,Goiana,A,2,Sedan-W,VIN001784,581,582,4,33,17,"60,7","1801321,85"
2025-01-06,Betim,D,3,Sedan-W,VIN001785,437,442,14,39,11,"63,3","1396619,7"
2025-01-13,Betim,C,3,SUV-X,VIN001786,476,489,8,88,15,"19,7","1049105,38"
2025-06-06,Porto Real,B,3,Pickup-Z,VIN001787,516,536,4,43,15,"43,6","1109812,29"
2025-05-10,Porto Real,A,3,Sedan-W,VIN001788,441,450,7,26,13,"88,4","1211058,9"
2025-01-25,Porto Real,A,1,SUV-X,VIN001789,586,580,1,76,16,"87,4","1164721,92"
2025-04-01,Porto Real,A,2,Hatch-Y,VIN001790,447,431,7,13,11,"114,4","1117826,16"
2025-02-18,Betim,C,3,SUV-X,VIN001791,519,488,15,0,16,"107,3","1321665,31"
2025-05-26,Betim,A,2,Pickup-Z,VIN001792,542,539,4,65,9,"37,9","1345585,56"
2025-01-12,Betim,A,1,Pickup-Z,VIN001793,500,484,3,83,14,"118,6","1289466,29"
2025-06-06,Goiana,C,2,Sedan-W,VIN001794,507,541,15,82,17,"54,5","1499019,68"
2025-05-02,Porto Real,B,2,Sedan-W,VIN001795,632,599,14,4,14,"67,3","1257084,04"
2025-03-15,Goiana,D,2,SUV-X,VIN001796,457,424,9,1,14,51,"1204963,37"
2025-03-15,Porto Real,C,2,SUV-X,VIN001797,543,572,10,4,17,"60,7","1249615,44"
2025-03-01,Porto Real,A,1,Pickup-Z,VIN001798,670,641,10,63,17,"92,6","1692060,59"
2025-06-09,Goiana,B,2,Pickup-Z,VIN001799,612,598,13,30,10,"58,9","1700876,7"
2025-04-20,Betim,C,1,Pickup-Z,VIN001800,590,571,14,49,19,"66,6","1180017,37"
2025-05-13,Goiana,D,2,SUV-X,VIN001801,609,640,9,15,9,"73,6","1293641,01"
2025-02-22,Goiana,D,1,Pickup-Z,VIN001802,575,541,13,69,16,"110,2","1615595,29"
2025-06-02,Porto Real,A,1,Hatch-Y,VIN001803,422,439,10,24,17,"45,3","1148629,03"
2025-03-10,Goiana,A,2,Pickup-Z,VIN001804,446,427,3,8,12,"51,4","870222,59"
2025-04-29,Betim,C,3,Pickup-Z,VIN001805,590,595,15,2,14,"91,8","1673167,58"
2025-01-28,Porto Real,D,3,Sedan-W,VIN001806,633,643,1,32,18,"97,4","1752775,54"
2025-06-10,Porto Real,D,2,Hatch-Y,VIN001807,482,516,1,35,20,"24,3","1448932,32"
2025-04-09,Goiana,A,1,Pickup-Z,VIN001808,588,575,3,56,10,"40,8","1593087,35"
2025-02-19,Porto Real,D,1,Pickup-Z,VIN001809,599,591,6,40,18,"36,4","1563390,13"
2025-04-06,Betim,C,1,Sedan-W,VIN001810,458,455,14,89,16,"69,1",1210503
2025-03-22,Betim,D,3,Sedan-W,VIN001811,622,589,3,18,12,"14,7","1739914,25"
2025-01-30,Porto Real,D,3,Hatch-Y,VIN001812,466,451,12,81,17,"94,4","1246141,93"
2025-02-22,Goiana,D,3,Hatch-Y,VIN001813,597,570,11,6,19,"14,6","1354768,04"
2025-03-30,Porto Real,A,3,Sedan-W,VIN001814,630,645,4,79,20,"102,9","1768408,75"
2025-01-08,Porto Real,D,3,Sedan-W,VIN001815,488,467,9,35,11,"16,3","1336592,49"
2025-01-03,Goiana,C,1,Sedan-W,VIN001816,450,468,10,19,15,"112,3","1006035,34"
2025-05-14,Goiana,A,3,Sedan-W,VIN001817,507,477,9,7,16,"19,4","991402,42"
2025-05-31,Porto Real,C,1,Sedan-W,VIN001818,568,569,7,44,9,"32,2","1572221,89"
2025-01-24,Goiana,A,2,SUV-X,VIN001819,478,457,13,25,8,"24,5","933776,7"
2025-06-02,Goiana,C,1,SUV-X,VIN001820,432,454,5,36,18,"72,4","1246214,33"
2025-02-10,Goiana,C,1,Hatch-Y,VIN001821,571,603,12,22,9,10,"1266018,7"
2025-05-21,Betim,D,2,Pickup-Z,VIN001822,671,647,0,51,19,"90,9","1440101,1"
2025-03-25,Goiana,D,3,Hatch-Y,VIN001823,539,553,13,54,14,"88,9","1297947,64"
2025-04-30,Porto Real,A,3,Pickup-Z,VIN001824,562,559,2,29,8,"57,4","1464774,21"
2025-03-10,Goiana,B,2,Pickup-Z,VIN001825,533,506,1,16,20,"9,2","1364108,02"
2025-05-21,Porto Real,D,3,Hatch-Y,VIN001826,450,476,5,27,9,"13,9","1136205,68"
2025-01-19,Betim,D,1,Sedan-W,VIN001827,619,644,3,36,16,"98,2","1570576,66"
2025-03-13,Goiana,C,2,Sedan-W,VIN001828,663,640,3,63,13,"94,9","1611227,58"
2025-03-20,Betim,C,2,SUV-X,VIN001829,617,622,0,76,17,"104,2","1744325,82"
2025-05-21,Goiana,A,1,SUV-X,VIN001830,544,513,1,80,9,"82,6","1122238,24"
2025-06-24,Goiana,C,1,Hatch-Y,VIN001831,535,518,11,63,14,"52,7",1587825
2025-06-03,Betim,D,3,SUV-X,VIN001832,537,512,10,50,12,"41,9","1090119,76"
2025-04-06,Betim,D,3,SUV-X,VIN001833,647,621,2,44,18,"92,3","1250867,27"
2025-05-14,Porto Real,C,1,Pickup-Z,VIN001834,438,461,7,48,20,"17,8","1239750,88"
2025-06-10,Betim,C,1,Hatch-Y,VIN001835,473,475,3,37,15,113,"1224944,78"
2025-06-17,Goiana,C,1,Pickup-Z,VIN001836,612,600,2,24,18,"94,1","1215494,96"
2025-01-28,Betim,B,1,Hatch-Y,VIN001837,502,502,1,13,10,90,"1004582,07"
2025-06-12,Porto Real,B,2,Hatch-Y,VIN001838,477,504,14,65,19,"75,2","1421348,28"
2025-05-09,Porto Real,A,2,Hatch-Y,VIN001839,596,632,11,7,12,"117,6","1381519,8"
2025-02-20,Goiana,A,3,Pickup-Z,VIN001840,627,614,10,67,9,"55,3","1872630,26"
2025-05-18,Goiana,D,1,Sedan-W,VIN001841,616,644,13,58,8,"47,7","1861867,65"
2025-05-07,Porto Real,D,2,Sedan-W,VIN001842,557,542,11,6,19,"56,6","1638515,18"
2025-06-26,Goiana,B,1,SUV-X,VIN001843,590,580,14,51,11,22,"1120236,62"
2025-06-22,Porto Real,A,3,Sedan-W,VIN001844,497,478,5,10,14,"118,9","1011632,17"
2025-05-31,Betim,C,1,Sedan-W,VIN001845,444,425,13,57,20,"35,5","1312001,02"
2025-02-21,Goiana,B,2,SUV-X,VIN001846,526,493,4,1,16,"51,8","1573178,61"
2025-03-02,Betim,B,1,Sedan-W,VIN001847,600,634,4,31,9,"94,8","1238697,36"
2025-03-18,Goiana,C,3,Hatch-Y,VIN001848,530,502,2,70,11,"77,2","1651794,39"
2025-03-20,Goiana,A,2,Sedan-W,VIN001849,470,506,7,56,20,"37,7","1445998,34"
2025-06-27,Porto Real,D,1,SUV-X,VIN001850,557,549,2,17,13,"38,8","1566109,98"
2025-01-24,Goiana,A,3,SUV-X,VIN001851,467,478,11,15,18,"27,8","1301620,34"
2025-01-11,Goiana,D,3,Sedan-W,VIN001852,611,611,2,29,16,"89,3","1244705,33"
2025-05-19,Goiana,D,2,SUV-X,VIN001853,468,452,4,12,18,"115,5","1188231,83"
2025-06-27,Betim,D,3,Hatch-Y,VIN001854,568,548,9,74,12,"43,5","1319763,6"
2025-02-15,Betim,D,1,Pickup-Z,VIN001855,647,625,6,40,12,"116,6","1241475,46"
2025-01-07,Porto Real,D,1,Pickup-Z,VIN001856,610,575,15,42,18,"65,1","1118822,23"
2025-04-30,Betim,D,2,Sedan-W,VIN001857,459,425,13,82,13,"91,6","1141226,32"
2025-04-04,Goiana,C,3,Sedan-W,VIN001858,488,456,13,24,12,"52,6","1282356,3"
2025-04-26,Porto Real,C,3,SUV-X,VIN001859,540,571,1,46,17,"92,7","1443389,01"
2025-02-27,Betim,C,3,Sedan-W,VIN001860,597,569,0,52,8,"37,7","1677888,1"
2025-03-02,Betim,B,2,Hatch-Y,VIN001861,618,633,12,57,12,"110,9","1858133,79"
2025-03-25,Betim,A,1,Sedan-W,VIN001862,597,609,14,51,20,"104,6","1414578,29"
2025-04-13,Porto Real,C,2,Hatch-Y,VIN001863,481,514,2,5,12,"8,5","931477,55"
2025-03-01,Porto Real,D,3,Sedan-W,VIN001864,620,633,11,15,18,"83,5","1604575,53"
2025-04-15,Goiana,C,1,Pickup-Z,VIN001865,609,633,15,71,18,"114,2","1463668,86"
2025-01-09,Goiana,B,1,SUV-X,VIN001866,480,516,11,24,14,"93,9","973235,77"
2025-05-15,Goiana,C,2,Pickup-Z,VIN001867,600,606,1,19,16,"86,3","1661546,26"
2025-01-12,Betim,A,2,SUV-X,VIN001868,462,433,1,44,19,"42,7","1270125,61"
2025-04-30,Goiana,C,3,Pickup-Z,VIN001869,653,634,11,20,17,"65,7","1991234,3"
2025-01-13,Betim,C,1,Hatch-Y,VIN001870,553,553,13,26,17,"5,3","1583214,61"
2025-06-25,Betim,B,3,Hatch-Y,VIN001871,624,650,12,80,15,"38,4","1337118,64"
2025-03-28,Betim,A,2,Sedan-W,VIN001872,464,494,2,55,12,"59,4","1200699,39"
2025-01-18,Porto Real,A,2,Pickup-Z,VIN001873,525,545,6,73,18,"65,8","1284971,41"
2025-01-15,Goiana,A,2,SUV-X,VIN001874,523,513,9,46,10,"80,8","1275090,68"
2025-05-06,Goiana,D,1,Hatch-Y,VIN001875,430,468,4,32,14,"104,3","1339564,34"
2025-01-31,Betim,A,2,Hatch-Y,VIN001876,516,488,4,80,20,"45,3","1251587,87"
2025-01-21,Betim,D,3,Sedan-W,VIN001877,585,566,8,25,14,"30,1",1839591
2025-04-30,Porto Real,C,2,Pickup-Z,VIN001878,594,620,12,26,14,"115,9","1257418,82"
2025-06-29,Goiana,C,3,SUV-X,VIN001879,425,433,2,52,16,63,"1006854,58"
2025-03-13,Porto Real,C,2,SUV-X,VIN001880,622,616,7,34,8,"58,1","1525897,58"
2025-05-15,Betim,A,2,SUV-X,VIN001881,559,584,7,37,9,"71,4","1433455,32"
2025-04-26,Goiana,C,1,Pickup-Z,VIN001882,480,516,9,37,10,64,"1389635,57"
2025-06-10,Betim,B,2,Sedan-W,VIN001883,492,493,7,41,8,"35,5","1437550,83"
2025-03-11,Goiana,A,3,SUV-X,VIN001884,636,649,5,74,15,"119,3","2026438,79"
2025-05-15,Porto Real,A,2,Sedan-W,VIN001885,462,446,13,80,19,"20,2","992873,77"
2025-04-08,Porto Real,C,3,Hatch-Y,VIN001886,535,504,9,1,19,"14,5","1476690,07"
2025-03-20,Betim,A,1,SUV-X,VIN001887,572,593,14,78,10,"100,3","1295633,12"
2025-05-30,Porto Real,C,1,Sedan-W,VIN001888,503,536,2,35,19,"81,8","1548970,96"
2025-02-03,Porto Real,C,1,Hatch-Y,VIN001889,560,594,10,78,18,"25,2","1242480,63"
2025-06-06,Betim,D,2,Hatch-Y,VIN001890,563,535,9,65,8,81,"1751424,79"
2025-04-15,Porto Real,C,3,Pickup-Z,VIN001891,533,536,2,28,8,"86,2","1175473,52"
2025-04-26,Betim,D,2,Pickup-Z,VIN001892,678,649,12,18,17,"47,3","1595793,25"
2025-02-07,Betim,D,2,Pickup-Z,VIN001893,538,573,4,55,8,"106,4","1460608,03"
2025-05-10,Goiana,B,1,SUV-X,VIN001894,551,528,1,4,11,"114,7","1731877,13"
2025-01-30,Porto Real,A,2,Hatch-Y,VIN001895,473,438,12,15,19,"93,7","934518,44"
2025-04-12,Porto Real,B,1,SUV-X,VIN001896,568,597,8,17,11,84,"1311163,49"
2025-02-14,Betim,C,2,SUV-X,VIN001897,585,589,9,15,10,"68,3","1321376,65"
2025-05-13,Goiana,B,1,Sedan-W,VIN001898,428,452,5,68,15,35,"1279840,22"
2025-03-26,Goiana,C,1,Pickup-Z,VIN001899,405,429,1,66,19,69,"1261645,73"
2025-04-06,Betim,A,1,Pickup-Z,VIN001900,613,617,0,53,14,"50,7","1335554,86"
2025-06-05,Betim,A,3,Sedan-W,VIN001901,515,491,10,29,10,"36,3","1456966,99"
2025-06-22,Goiana,A,3,Hatch-Y,VIN001902,444,421,5,65,16,"69,1","907991,08"
2025-04-06,Goiana,C,3,Sedan-W,VIN001903,455,483,11,8,10,"66,7","1321350,66"
2025-06-10,Betim,C,3,SUV-X,VIN001904,631,637,7,48,9,"58,6",1227841
2025-02-19,Porto Real,B,1,SUV-X,VIN001905,597,611,13,52,13,"21,7",1358364
2025-01-22,Porto Real,B,2,Sedan-W,VIN001906,643,632,14,79,20,"73,8","1645543,93"
2025-01-12,Goiana,A,2,Hatch-Y,VIN001907,443,469,0,89,17,"42,8","1359944,26"
2025-03-30,Betim,C,3,Sedan-W,VIN001908,521,544,9,57,16,"98,3","1444176,78"
2025-01-21,Betim,D,1,Sedan-W,VIN001909,506,545,0,55,19,"72,3","1416994,6"
2025-06-26,Porto Real,C,2,Sedan-W,VIN001910,521,525,0,32,15,"100,3","1265846,13"
2025-02-09,Betim,C,1,Pickup-Z,VIN001911,421,444,12,35,11,"18,2","1004403,12"
2025-02-12,Porto Real,C,2,SUV-X,VIN001912,657,638,11,79,11,"45,3","1906226,73"
2025-06-06,Porto Real,D,3,Sedan-W,VIN001913,639,648,11,8,15,"76,2","1657361,46"
2025-03-31,Porto Real,D,2,Hatch-Y,VIN001914,502,520,7,25,16,"114,6","1555944,08"
2025-05-21,Porto Real,D,3,SUV-X,VIN001915,497,491,7,19,18,"66,9","1390465,62"
2025-01-07,Porto Real,D,1,Sedan-W,VIN001916,621,640,3,54,12,"75,6","1436298,83"
2025-05-25,Goiana,D,2,Sedan-W,VIN001917,638,627,9,89,8,"20,4","1893729,89"
2025-03-22,Porto Real,A,1,Hatch-Y,VIN001918,529,497,13,29,14,"110,2","1019020,25"
2025-04-06,Betim,C,3,SUV-X,VIN001919,562,562,13,38,8,"52,9","1546501,45"
2025-02-07,Porto Real,B,1,Pickup-Z,VIN001920,641,615,11,67,12,"80,8","1331999,18"
2025-02-14,Goiana,C,1,Pickup-Z,VIN001921,557,564,12,82,18,"91,6","1201124,4"
2025-01-15,Betim,D,3,Sedan-W,VIN001922,488,499,0,1,18,"15,5","1274117,75"
2025-03-12,Goiana,C,3,SUV-X,VIN001923,606,599,1,74,13,"28,2","1108874,86"
2025-01-09,Porto Real,D,3,Hatch-Y,VIN001924,525,505,6,77,15,"82,4","1391929,86"
2025-03-24,Betim,A,1,Sedan-W,VIN001925,435,469,3,9,19,"71,1","1129933,67"
2025-04-24,Porto Real,C,2,Hatch-Y,VIN001926,505,525,11,15,9,58,"1491781,34"
2025-05-28,Goiana,C,1,Pickup-Z,VIN001927,430,437,13,72,9,"8,6","1072287,24"
2025-05-21,Betim,C,2,SUV-X,VIN001928,523,491,10,56,15,"69,1","1126205,32"
2025-02-02,Betim,A,1,SUV-X,VIN001929,586,617,6,83,16,"69,2","1286990,03"
2025-02-12,Betim,A,2,Hatch-Y,VIN001930,475,508,9,65,9,"34,8","1079885,74"
2025-04-24,Goiana,D,1,Hatch-Y,VIN001931,587,577,5,10,17,"27,9","1364456,2"
2025-05-05,Betim,C,3,Sedan-W,VIN001932,644,616,14,3,16,"114,2","1748517,17"
2025-02-08,Betim,A,1,Pickup-Z,VIN001933,473,511,4,90,11,"7,2","1086928,61"
2025-03-03,Porto Real,A,2,Sedan-W,VIN001934,627,614,0,52,9,"119,9","1845964,27"
2025-02-17,Porto Real,D,3,SUV-X,VIN001935,455,447,8,24,17,"82,3","909291,56"
2025-01-25,Goiana,C,1,Pickup-Z,VIN001936,650,640,2,67,12,"103,4","1634353,75"
2025-03-26,Goiana,A,3,Pickup-Z,VIN001937,426,447,5,77,8,6,"1282274,52"
2025-01-26,Betim,B,1,Pickup-Z,VIN001938,462,453,7,53,9,"39,7","1319966,27"
2025-02-28,Betim,C,2,SUV-X,VIN001939,433,441,1,19,10,"73,8","1227622,17"
2025-03-20,Betim,D,3,Sedan-W,VIN001940,445,459,15,70,18,"92,4","870644,37"
2025-01-17,Goiana,B,3,Hatch-Y,VIN001941,479,458,3,30,14,"119,4","1438284,01"
2025-06-23,Betim,C,3,SUV-X,VIN001942,444,477,1,87,18,"5,1","1105433,52"
2025-03-01,Goiana,D,1,SUV-X,VIN001943,562,585,1,13,14,"92,5","1652887,44"
2025-01-12,Betim,A,1,Pickup-Z,VIN001944,581,574,0,12,13,"117,7","1449169,47"
2025-03-21,Betim,C,3,SUV-X,VIN001945,582,593,11,38,12,"107,6","1714868,08"
2025-03-12,Betim,D,3,Sedan-W,VIN001946,508,547,15,48,12,"66,1","1592439,58"
2025-03-16,Porto Real,C,2,Hatch-Y,VIN001947,564,566,11,73,18,"50,1","1742873,45"
2025-01-16,Porto Real,C,2,SUV-X,VIN001948,443,429,15,26,20,"88,3","913081,8"
2025-01-29,Porto Real,A,2,Pickup-Z,VIN001949,481,472,9,31,19,"64,2","1328334,5"
2025-06-15,Betim,D,3,Hatch-Y,VIN001950,513,485,1,24,12,"110,6","1252037,02"
2025-06-11,Porto Real,B,1,Pickup-Z,VIN001951,506,507,2,87,9,"64,9","1585560,05"
2025-01-12,Porto Real,A,1,Hatch-Y,VIN001952,546,559,5,21,17,"50,8","1332255,19"
2025-01-13,Betim,D,3,SUV-X,VIN001953,590,573,0,78,8,"80,6","1241091,08"
2025-05-22,Goiana,C,2,SUV-X,VIN001954,560,584,11,57,8,"92,1","1429100,24"
2025-04-21,Betim,A,2,Sedan-W,VIN001955,573,601,9,30,8,"117,7","1510161,01"
2025-05-01,Goiana,C,2,SUV-X,VIN001956,536,548,0,31,17,"94,7","1347432,12"
2025-01-20,Porto Real,A,2,SUV-X,VIN001957,514,494,6,59,13,"22,2","1021015,02"
2025-04-04,Porto Real,C,2,Hatch-Y,VIN001958,602,635,12,88,18,"67,3","1331201,58"
2025-04-21,Porto Real,C,1,Pickup-Z,VIN001959,645,646,11,61,12,13,"1201378,36"
2025-05-04,Betim,B,2,SUV-X,VIN001960,614,593,2,44,14,31,"1377017,94"
2025-04-25,Porto Real,B,2,SUV-X,VIN001961,444,468,3,18,14,"36,9","1203744,39"
2025-05-21,Porto Real,B,2,Hatch-Y,VIN001962,430,452,7,66,19,"51,1","922312,23"
2025-01-04,Porto Real,B,1,Hatch-Y,VIN001963,628,620,10,44,17,"80,6","1867872,73"
2025-02-25,Goiana,D,3,Pickup-Z,VIN001964,485,499,12,81,14,"77,6","1402304,11"
2025-04-07,Betim,D,3,SUV-X,VIN001965,494,465,0,34,11,"7,6","1052213,84"
2025-01-07,Porto Real,A,2,Sedan-W,VIN001966,443,446,8,12,19,"19,2","1354369,02"
2025-01-10,Porto Real,A,2,Pickup-Z,VIN001967,586,563,4,36,10,"118,7","1165621,26"
2025-03-09,Goiana,C,1,Sedan-W,VIN001968,600,614,13,10,13,"35,5","1173096,67"
2025-03-29,Goiana,A,1,Hatch-Y,VIN001969,516,488,15,6,14,"48,6","1420635,64"
2025-02-27,Goiana,B,3,Hatch-Y,VIN001970,454,472,3,83,13,"73,3","1385613,15"
2025-03-05,Betim,A,3,Pickup-Z,VIN001971,458,485,15,31,16,"87,9","1065940,79"
2025-02-03,Betim,A,3,SUV-X,VIN001972,465,467,5,26,11,"32,9","995224,94"
2025-02-05,Goiana,D,1,Hatch-Y,VIN001973,462,500,2,78,10,"37,7","945946,74"
2025-03-24,Betim,B,2,SUV-X,VIN001974,620,644,0,72,12,"87,1","1599250,38"
2025-05-02,Goiana,B,2,SUV-X,VIN001975,622,610,12,7,14,"97,9","1827523,99"
2025-04-30,Goiana,C,3,SUV-X,VIN001976,646,612,8,42,14,"97,7","1307657,48"
2025-04-18,Betim,D,3,Hatch-Y,VIN001977,538,520,1,69,10,"42,5","1346500,32"
2025-02-26,Betim,D,1,Sedan-W,VIN001978,423,430,2,23,14,46,"1250668,05"
2025-01-17,Goiana,C,2,SUV-X,VIN001979,403,438,0,84,10,"51,2","965942,76"
2025-05-03,Betim,D,1,SUV-X,VIN001980,557,549,3,15,12,"67,8","1286957,5"
2025-06-13,Goiana,A,2,Sedan-W,VIN001981,622,610,15,18,14,"96,2","1620011,54"
2025-02-15,Porto Real,A,1,Hatch-Y,VIN001982,496,511,5,35,20,"17,3","1504039,3"
2025-01-18,Goiana,A,2,SUV-X,VIN001983,562,543,11,70,13,20,"1043772,06"
2025-01-07,Porto Real,C,3,Sedan-W,VIN001984,624,593,15,84,15,"57,2","1449247,95"
2025-06-06,Porto Real,B,3,Pickup-Z,VIN001985,683,650,15,33,17,"50,5","1351950,23"
2025-06-19,Betim,B,2,Hatch-Y,VIN001986,612,615,1,53,14,119,"1556350,68"
2025-06-03,Goiana,C,3,Pickup-Z,VIN001987,460,495,14,88,12,"118,9","1376985,88"
2025-03-30,Porto Real,B,2,Hatch-Y,VIN001988,574,551,12,46,12,"100,2","1820645,33"
2025-05-07,Goiana,A,1,Pickup-Z,VIN001989,519,540,7,64,14,"59,8","1313199,3"
2025-05-05,Porto Real,D,2,Pickup-Z,VIN001990,469,467,12,77,13,24,"1380943,25"
2025-04-06,Betim,C,1,Pickup-Z,VIN001991,658,639,9,56,19,"103,1",1844923
2025-06-01,Porto Real,B,3,Hatch-Y,VIN001992,604,604,3,57,19,"31,3","1328253,2"
2025-01-28,Betim,C,1,SUV-X,VIN001993,514,547,10,83,20,"116,2","1356112,4"
2025-05-06,Betim,C,1,Sedan-W,VIN001994,516,545,1,47,13,"102,1","1350183,31"
2025-02-16,Goiana,A,2,Pickup-Z,VIN001995,548,557,7,51,11,"79,1","1161003,36"
2025-03-17,Betim,C,2,Pickup-Z,VIN001996,561,541,11,58,9,"18,3","1108477,9"
2025-02-17,Goiana,C,1,Hatch-Y,VIN001997,406,437,9,35,9,"75,1","970557,36"
2025-05-25,Betim,A,2,Hatch-Y,VIN001998,540,533,3,82,12,"64,7","988328,46"
2025-01-22,Goiana,A,2,Pickup-Z,VIN001999,615,643,10,36,11,"80,3","1803145,29"
2025-06-27,Goiana,C,1,Pickup-Z,VIN002000,446,475,6,59,14,57,"1233116,87"
2025-02-06,Porto Real,B,2,Hatch-Y,VIN002001,519,532,2,75,10,"16,3","1020736,49"
2025-06-08,Goiana,B,1,Sedan-W,VIN002002,616,630,6,49,11,"25,8","1598974,39"
2025-01-02,Betim,A,3,Hatch-Y,VIN002003,504,506,6,39,8,"20,2","1290163,09"
2025-01-12,Porto Real,C,1,Pickup-Z,VIN002004,632,600,3,83,11,"70,5","1964883,11"
2025-04-17,Porto Real,C,3,SUV-X,VIN002005,539,516,12,20,15,"109,1","1091065,75"
2025-01-21,Porto Real,B,2,Hatch-Y,VIN002006,529,512,3,82,9,"77,6","1071443,94"
2025-01-12,Goiana,C,1,Sedan-W,VIN002007,472,442,1,16,13,"119,2","1034016,92"
2025-02-20,Goiana,B,2,SUV-X,VIN002008,646,617,13,62,13,"76,6","2039933,4"
2025-01-19,Porto Real,C,2,Sedan-W,VIN002009,549,533,6,2,10,"56,5","1149310,04"
2025-04-14,Porto Real,D,3,Pickup-Z,VIN002010,433,470,9,52,12,"117,2","839842,03"
2025-02-23,Porto Real,D,1,SUV-X,VIN002011,559,538,7,78,11,"11,8","1270581,82"
2025-02-18,Porto Real,D,1,Hatch-Y,VIN002012,479,467,8,63,20,"83,5","1232798,11"
2025-03-08,Goiana,D,3,Hatch-Y,VIN002013,533,542,10,42,11,"49,1","1139141,83"
2025-05-13,Betim,D,1,Sedan-W,VIN002014,599,622,11,33,16,55,"1263691,21"
2025-03-09,Betim,C,3,SUV-X,VIN002015,566,547,1,79,14,"85,9","1053185,52"
2025-05-27,Porto Real,C,1,Sedan-W,VIN002016,410,423,4,15,9,"117,9","1239971,11"
2025-04-05,Porto Real,C,2,Pickup-Z,VIN002017,557,590,6,73,18,"75,3","1627375,12"
2025-03-08,Betim,A,3,Sedan-W,VIN002018,470,451,15,75,14,"119,7","1180050,64"
2025-05-01,Betim,C,1,Sedan-W,VIN002019,544,530,11,6,15,"117,9","1533852,28"
2025-04-06,Betim,A,3,SUV-X,VIN002020,542,533,3,70,15,"106,6","1369627,74"
2025-02-25,Porto Real,C,1,Sedan-W,VIN002021,504,511,1,42,17,"74,5","1481381,31"
2025-05-08,Betim,A,2,Pickup-Z,VIN002022,648,631,2,66,9,"21,1","1833241,92"
2025-02-20,Goiana,A,2,Pickup-Z,VIN002023,543,508,11,38,8,"98,3","985081,96"
2025-03-29,Goiana,C,1,SUV-X,VIN002024,414,453,4,78,17,"112,7","923736,77"
2025-02-02,Betim,D,2,Pickup-Z,VIN002025,613,583,12,69,10,"64,5","1209247,81"
2025-01-05,Goiana,D,3,Pickup-Z,VIN002026,530,542,14,71,17,"87,6","1244911,5"
2025-02-04,Goiana,D,1,SUV-X,VIN002027,464,482,12,32,14,"27,6","975989,26"
2025-06-07,Porto Real,B,2,Pickup-Z,VIN002028,561,575,0,58,15,"58,4","1204773,9"
2025-01-17,Goiana,D,2,Hatch-Y,VIN002029,425,459,7,46,11,105,"929434,13"
2025-05-11,Betim,D,3,Sedan-W,VIN002030,488,519,2,9,18,"56,7","986487,18"
2025-05-16,Goiana,C,3,Hatch-Y,VIN002031,597,612,4,77,9,"14,6","1182067,32"
2025-02-23,Porto Real,A,2,Pickup-Z,VIN002032,484,485,1,27,13,"93,9","1410239,15"
2025-01-30,Betim,A,1,Pickup-Z,VIN002033,481,475,6,1,19,"25,2","1394818,87"
2025-02-13,Betim,D,1,SUV-X,VIN002034,416,449,0,81,8,"102,9","791624,18"
2025-03-16,Goiana,D,1,Sedan-W,VIN002035,542,510,3,42,18,"8,8","1156007,39"
2025-01-20,Betim,B,2,Sedan-W,VIN002036,530,568,6,22,16,88,"1640001,2"
2025-01-14,Goiana,C,2,SUV-X,VIN002037,475,457,7,13,11,10,"1444165,3"
2025-02-24,Porto Real,D,3,Sedan-W,VIN002038,468,440,0,40,18,"20,2","1136044,94"
2025-06-05,Porto Real,C,1,SUV-X,VIN002039,664,649,0,36,17,"73,5","1412742,89"
2025-03-16,Betim,A,2,Pickup-Z,VIN002040,499,514,14,84,8,"5,2","1289899,38"
2025-06-09,Porto Real,A,3,Sedan-W,VIN002041,580,579,12,15,14,"115,3","1825708,02"
2025-05-20,Betim,B,3,Pickup-Z,VIN002042,653,628,10,85,18,77,"1461848,92"
2025-04-01,Betim,A,3,SUV-X,VIN002043,507,508,7,43,14,"29,6","1295356,8"
2025-03-08,Betim,B,1,Pickup-Z,VIN002044,510,508,9,69,11,"25,9","1403037,08"
2025-03-11,Betim,A,1,Sedan-W,VIN002045,460,498,2,39,12,"30,4","1347734,65"
2025-04-09,Porto Real,D,3,Hatch-Y,VIN002046,657,648,0,7,19,"74,7","1231904,03"
2025-05-30,Porto Real,C,2,Pickup-Z,VIN002047,572,582,11,16,15,"35,2","1536501,6"
2025-04-22,Betim,C,3,Pickup-Z,VIN002048,553,534,2,57,15,"47,5","1528921,89"
2025-03-23,Goiana,D,2,SUV-X,VIN002049,519,517,7,65,16,"19,5","1431939,72"
2025-01-07,Porto Real,D,1,Pickup-Z,VIN002050,408,432,10,66,15,"5,2","1268486,24"
2025-05-11,Betim,A,3,Pickup-Z,VIN002051,633,642,10,82,14,"57,3","1661337,34"
2025-03-01,Betim,D,2,Pickup-Z,VIN002052,598,629,11,46,8,"96,3","1418766,05"
2025-03-30,Goiana,B,2,Hatch-Y,VIN002053,526,559,4,47,11,"6,7","1210675,7"
2025-05-27,Betim,C,3,Pickup-Z,VIN002054,470,508,13,74,10,"13,1","846079,55"
2025-01-20,Porto Real,D,3,Hatch-Y,VIN002055,512,532,15,56,19,"96,2","1001748,77"
2025-02-15,Betim,A,2,Pickup-Z,VIN002056,569,563,1,13,15,"23,8","1279109,44"
2025-06-11,Goiana,D,3,Hatch-Y,VIN002057,664,648,13,33,11,6,"1945607,59"
2025-01-21,Goiana,D,3,SUV-X,VIN002058,473,480,7,77,11,6,"895024,28"
2025-03-22,Betim,C,1,Sedan-W,VIN002059,624,631,7,54,18,"49,7","1942270,56"
2025-01-10,Goiana,D,3,Sedan-W,VIN002060,517,490,1,52,10,"26,2","1506731,43"
2025-01-11,Betim,B,2,Pickup-Z,VIN002061,427,422,6,78,20,"58,7",809415
2025-02-06,Betim,A,3,Hatch-Y,VIN002062,559,573,5,23,9,"118,6","1103864,71"
2025-03-19,Betim,C,1,Hatch-Y,VIN002063,632,632,2,48,15,"104,5","1418512,93"
2025-05-09,Goiana,B,1,Pickup-Z,VIN002064,558,583,1,90,15,"29,4","1610490,44"
2025-04-21,Betim,A,3,Sedan-W,VIN002065,442,450,9,42,19,"36,6","1008033,35"
2025-03-29,Goiana,D,2,Sedan-W,VIN002066,576,592,12,17,19,"73,9","1392610,34"
2025-01-15,Betim,D,1,Sedan-W,VIN002067,612,639,12,36,16,"112,6","1572728,05"
2025-05-29,Goiana,D,1,Pickup-Z,VIN002068,475,502,2,39,13,"14,4","1442816,29"
2025-06-10,Porto Real,A,1,Pickup-Z,VIN002069,451,474,9,60,19,"64,7","1309809,35"
2025-03-07,Betim,C,2,Pickup-Z,VIN002070,554,582,11,47,19,75,"1125512,79"
2025-04-19,Betim,D,1,Hatch-Y,VIN002071,452,422,1,45,20,"27,4","879249,38"
2025-02-10,Porto Real,B,2,Sedan-W,VIN002072,457,484,1,19,17,"15,9","885210,74"
2025-01-31,Goiana,A,2,Hatch-Y,VIN002073,565,604,14,0,11,"82,8","1222367,44"
2025-01-02,Goiana,A,1,Pickup-Z,VIN002074,485,450,1,10,19,"72,6","1337145,78"
2025-05-18,Betim,A,2,SUV-X,VIN002075,663,642,11,72,14,"34,7","2043318,71"
2025-05-22,Betim,D,2,SUV-X,VIN002076,620,636,6,50,19,"8,9","1966794,73"
2025-02-07,Betim,D,3,Hatch-Y,VIN002077,513,531,13,21,12,"116,7","1458939,03"
2025-02-09,Betim,B,3,Pickup-Z,VIN002078,470,500,5,76,16,"77,5","1213359,33"
2025-05-24,Betim,C,2,Sedan-W,VIN002079,435,469,1,28,20,"40,6","1169948,67"
2025-03-08,Porto Real,A,2,SUV-X,VIN002080,569,602,12,18,13,"63,5","1786296,84"
2025-06-18,Porto Real,D,1,Sedan-W,VIN002081,533,571,2,54,14,88,"1357643,23"
2025-03-15,Betim,D,3,Pickup-Z,VIN002082,582,572,14,51,14,"18,9","1117844,95"
2025-03-23,Betim,D,3,Pickup-Z,VIN002083,615,648,14,48,16,"87,3","1247101,2"
2025-04-23,Betim,B,3,Hatch-Y,VIN002084,514,543,9,32,12,41,"1198326,94"
2025-04-07,Goiana,A,2,Pickup-Z,VIN002085,441,426,1,39,18,22,"828733,5"
2025-06-25,Goiana,B,1,Sedan-W,VIN002086,662,627,5,47,18,"8,5","1630744,92"
2025-02-02,Betim,B,3,SUV-X,VIN002087,574,552,7,36,10,"113,7","1604160,91"
2025-05-24,Porto Real,C,2,Sedan-W,VIN002088,566,566,4,17,10,"10,5","1132739,38"
2025-02-28,Porto Real,B,3,Pickup-Z,VIN002089,577,566,14,63,11,"56,7","1440726,8"
2025-02-24,Porto Real,D,2,Pickup-Z,VIN002090,447,469,1,49,9,"58,8","977213,46"
2025-04-30,Betim,B,3,SUV-X,VIN002091,491,513,9,35,16,"103,8","1227844,1"
2025-01-29,Porto Real,B,3,Hatch-Y,VIN002092,448,470,0,75,15,"90,2","1027289,21"
2025-06-16,Betim,B,1,Hatch-Y,VIN002093,484,465,0,22,18,"61,1","1069929,83"
2025-02-24,Betim,A,3,SUV-X,VIN002094,556,592,2,40,18,81,"1689422,88"
2025-01-07,Betim,A,2,SUV-X,VIN002095,623,647,1,26,14,"89,6","1409640,05"
2025-06-24,Goiana,A,1,Pickup-Z,VIN002096,537,550,10,38,20,"25,6","1132233,36"
2025-04-03,Porto Real,B,3,SUV-X,VIN002097,551,516,0,87,17,"42,4","1490163,2"
2025-04-15,Betim,B,2,SUV-X,VIN002098,528,529,0,47,14,"108,2","1628616,33"
2025-02-06,Goiana,D,2,Hatch-Y,VIN002099,581,594,3,12,13,"52,9","1425639,26"
2025-04-13,Goiana,D,1,Hatch-Y,VIN002100,515,491,7,62,12,"106,3","1603988,53"
2025-04-16,Betim,B,3,Hatch-Y,VIN002101,449,460,2,28,20,107,"915044,67"
2025-02-14,Betim,B,3,SUV-X,VIN002102,499,511,6,73,8,"32,1","1220571,94"
2025-04-21,Goiana,B,3,SUV-X,VIN002103,476,509,7,24,11,"81,3","1453263,71"
2025-05-21,Betim,B,1,Pickup-Z,VIN002104,653,649,12,80,15,"68,8","1486875,36"
2025-04-28,Betim,D,3,Pickup-Z,VIN002105,565,557,15,58,16,"67,8","1348677,01"
2025-01-31,Porto Real,A,3,SUV-X,VIN002106,575,613,2,62,17,"44,1","1116530,03"
2025-01-13,Betim,C,2,Sedan-W,VIN002107,460,435,6,29,10,"40,1","1269689,78"
2025-05-26,Goiana,B,1,Pickup-Z,VIN002108,604,612,10,88,8,98,"1654017,89"
2025-04-25,Betim,D,3,Pickup-Z,VIN002109,618,625,13,28,18,"104,4","1625194,15"
2025-04-14,Porto Real,B,3,Sedan-W,VIN002110,565,603,11,59,15,"20,4","1494769,14"
2025-05-02,Betim,C,2,SUV-X,VIN002111,403,440,14,17,13,"105,2","1272499,18"
2025-03-04,Porto Real,B,1,Sedan-W,VIN002112,542,515,0,68,17,"72,9","1335379,65"
2025-05-26,Betim,D,3,Hatch-Y,VIN002113,642,641,5,12,13,59,"1587774,79"
2025-05-20,Betim,A,3,Hatch-Y,VIN002114,629,631,6,18,15,"29,6","1463048,39"
2025-05-04,Porto Real,A,3,Pickup-Z,VIN002115,571,592,0,84,15,"19,9","1310512,13"
2025-04-11,Betim,C,3,SUV-X,VIN002116,610,647,7,78,16,"46,6","1461248,75"
2025-06-08,Betim,B,3,Pickup-Z,VIN002117,594,595,6,65,17,"88,3","1719048,38"
2025-03-05,Betim,B,2,Hatch-Y,VIN002118,510,517,4,52,11,"26,5","1187864,78"
2025-02-15,Betim,D,3,Sedan-W,VIN002119,633,634,0,20,16,"99,2","1891443,13"
2025-05-24,Goiana,C,1,Pickup-Z,VIN002120,476,452,15,26,12,"50,2","873307,26"
2025-02-11,Betim,C,1,Hatch-Y,VIN002121,457,491,8,50,8,"112,6","1201491,03"
2025-02-20,Betim,D,3,Pickup-Z,VIN002122,568,594,7,42,8,"98,8","1586199,24"
2025-06-09,Betim,B,1,Pickup-Z,VIN002123,516,551,3,87,16,"119,2","1338582,6"
2025-03-22,Porto Real,A,3,Pickup-Z,VIN002124,400,422,3,58,19,"44,8","1124102,99"
2025-01-21,Goiana,B,2,Pickup-Z,VIN002125,503,518,3,44,15,"99,5","1577459,6"
2025-01-07,Goiana,B,2,Hatch-Y,VIN002126,492,481,6,47,15,"48,6","1308569,89"
2025-05-02,Porto Real,B,2,Hatch-Y,VIN002127,600,574,10,82,17,"7,1","1551623,74"
2025-06-06,Betim,B,2,Pickup-Z,VIN002128,597,568,8,35,11,"94,3","1161616,15"
2025-03-09,Goiana,A,3,SUV-X,VIN002129,460,442,10,83,17,"64,4","1174285,08"
2025-05-18,Betim,C,1,Pickup-Z,VIN002130,592,630,1,5,9,"17,7","1494486,82"
2025-06-01,Porto Real,D,3,Pickup-Z,VIN002131,500,469,8,79,14,"37,4","1281587,59"
2025-03-10,Porto Real,D,1,Hatch-Y,VIN002132,527,508,15,24,17,"88,2","1645175,74"
2025-02-17,Porto Real,D,3,Hatch-Y,VIN002133,513,527,9,16,18,"55,4","1193527,94"
2025-06-16,Betim,D,3,Sedan-W,VIN002134,641,615,4,65,13,110,"1541577,16"
2025-06-29,Goiana,A,3,Hatch-Y,VIN002135,520,553,11,13,11,"89,6","1350473,95"
2025-03-16,Betim,B,1,SUV-X,VIN002136,505,493,4,62,8,"99,9","1059560,64"
2025-03-06,Betim,B,3,Sedan-W,VIN002137,663,628,2,69,10,"118,3","1530462,73"
2025-04-22,Goiana,B,1,SUV-X,VIN002138,478,482,13,86,13,"91,4","1143303,68"
2025-01-16,Goiana,B,1,Pickup-Z,VIN002139,635,602,10,46,17,70,"2027719,46"
2025-04-17,Porto Real,D,3,Hatch-Y,VIN002140,412,436,11,55,18,"31,3","1149084,82"
2025-01-20,Betim,D,1,SUV-X,VIN002141,557,535,12,42,9,"62,8","1226616,38"
2025-06-19,Goiana,D,3,Pickup-Z,VIN002142,407,433,12,32,16,"26,5","1090599,73"
2025-01-24,Betim,A,3,Sedan-W,VIN002143,632,597,3,23,10,"26,1","1245469,63"
2025-05-09,Goiana,D,2,Sedan-W,VIN002144,540,580,6,48,11,"47,7","1011166,37"
2025-04-04,Betim,A,2,Hatch-Y,VIN002145,630,638,14,51,8,"94,7","1774435,83"
2025-05-03,Goiana,A,2,Hatch-Y,VIN002146,577,604,0,43,9,"24,6","1221984,2"
2025-01-15,Betim,C,3,SUV-X,VIN002147,457,445,4,0,8,"30,3","1081078,48"
2025-06-24,Betim,B,1,SUV-X,VIN002148,492,494,6,45,9,"114,9","1235769,54"
2025-03-04,Betim,B,3,Hatch-Y,VIN002149,564,550,13,38,18,"82,3","1344602,75"
2025-02-24,Porto Real,D,3,Hatch-Y,VIN002150,453,481,0,8,12,"61,9","1199690,78"
2025-01-21,Betim,A,3,Sedan-W,VIN002151,426,440,3,86,8,"79,9","1068938,32"
2025-02-23,Betim,A,1,SUV-X,VIN002152,477,482,4,29,11,"34,8","1028614,17"
2025-03-06,Betim,B,2,SUV-X,VIN002153,619,597,11,84,11,"25,8","1520267,75"
2025-04-15,Porto Real,A,1,Hatch-Y,VIN002154,578,544,4,86,17,"95,3","1202086,67"
2025-02-28,Porto Real,A,3,Pickup-Z,VIN002155,521,525,11,86,18,98,"1435014,37"
2025-04-27,Porto Real,D,3,Sedan-W,VIN002156,445,484,12,24,10,"84,3","866728,13"
2025-06-20,Betim,C,3,SUV-X,VIN002157,467,483,13,18,11,"73,4","1460649,1"
2025-05-13,Goiana,B,1,Hatch-Y,VIN002158,510,533,3,19,13,"80,9","1300438,46"
2025-01-09,Goiana,B,3,Sedan-W,VIN002159,633,601,4,60,14,"10,2","1221531,89"
2025-01-15,Goiana,C,3,SUV-X,VIN002160,531,539,11,15,8,"41,5","1533593,46"
2025-01-11,Betim,A,3,SUV-X,VIN002161,434,445,1,54,15,"13,1","967502,2"
2025-06-21,Betim,B,1,Pickup-Z,VIN002162,457,475,3,87,8,"24,6","1328029,72"
2025-02-21,Porto Real,C,1,SUV-X,VIN002163,596,563,15,66,11,"94,6","1659718,08"
2025-01-25,Porto Real,D,2,Pickup-Z,VIN002164,604,606,0,9,12,"82,8","1588481,36"
2025-02-15,Goiana,D,2,Sedan-W,VIN002165,541,567,10,29,14,"40,3","1658085,28"
2025-03-05,Betim,C,3,Hatch-Y,VIN002166,539,579,0,45,14,"17,5",1519691
2025-04-14,Goiana,B,3,Hatch-Y,VIN002167,672,641,10,80,13,"54,5","1895766,78"
2025-06-17,Goiana,C,3,SUV-X,VIN002168,486,475,1,30,10,"89,3","1079652,07"
2025-04-18,Betim,B,3,Pickup-Z,VIN002169,534,522,11,34,19,"95,5","1680534,66"
2025-03-07,Betim,D,3,Sedan-W,VIN002170,479,503,2,40,16,"117,5","1518287,81"
2025-06-06,Betim,A,1,Pickup-Z,VIN002171,466,477,1,77,11,"77,9","895455,08"
2025-01-19,Porto Real,A,2,Hatch-Y,VIN002172,596,628,10,51,15,"79,7","1227790,99"
2025-01-03,Porto Real,A,1,Pickup-Z,VIN002173,548,546,7,12,10,"16,7","1375780,56"
2025-02-25,Goiana,C,2,SUV-X,VIN002174,497,523,0,18,12,"91,5",1544313
2025-02-21,Goiana,A,1,SUV-X,VIN002175,658,623,9,39,14,"39,5","1812961,48"
2025-06-09,Betim,D,1,Pickup-Z,VIN002176,497,487,13,52,8,"108,6","1197033,04"
2025-03-26,Porto Real,C,2,Sedan-W,VIN002177,637,614,13,29,12,"61,1","1699510,22"
2025-02-19,Porto Real,D,2,SUV-X,VIN002178,567,555,7,38,14,"38,6","1459134,82"
2025-05-14,Goiana,A,3,SUV-X,VIN002179,610,599,9,43,11,"18,5","1658979,89"
2025-04-25,Goiana,C,2,SUV-X,VIN002180,482,453,6,4,16,"106,7","1302397,89"
2025-03-13,Betim,C,3,Hatch-Y,VIN002181,452,453,10,12,20,"17,4","1007405,42"
2025-01-13,Goiana,B,3,Hatch-Y,VIN002182,518,545,10,83,18,"48,5","1095918,53"
2025-02-26,Goiana,D,3,Pickup-Z,VIN002183,586,585,3,87,14,"96,6","1277221,69"
2025-06-14,Porto Real,C,3,Hatch-Y,VIN002184,589,626,2,21,8,"87,2","1158761,54"
2025-02-28,Porto Real,D,1,Hatch-Y,VIN002185,562,580,14,86,8,"94,6","1662122,57"
2025-06-18,Goiana,A,2,Pickup-Z,VIN002186,506,543,6,24,8,115,"1312935,18"
2025-04-02,Goiana,A,1,Pickup-Z,VIN002187,453,452,13,76,14,38,"1039673,91"
2025-05-10,Betim,B,2,SUV-X,VIN002188,525,517,1,57,11,"79,9","1669073,23"
2025-05-26,Goiana,D,2,Hatch-Y,VIN002189,505,515,3,15,18,"34,4","1418476,23"
2025-06-22,Betim,D,2,Hatch-Y,VIN002190,538,525,4,17,17,"52,6","1384040,56"
2025-04-14,Porto Real,B,3,Sedan-W,VIN002191,444,427,15,67,8,"20,5","1194922,77"
2025-01-20,Porto Real,D,1,Hatch-Y,VIN002192,516,546,12,10,10,"43,1","1649320,78"
2025-04-09,Porto Real,D,1,SUV-X,VIN002193,492,515,0,72,13,"99,5","1297613,77"
2025-06-22,Porto Real,C,1,Hatch-Y,VIN002194,606,606,1,50,13,16,"1262897,1"
2025-02-28,Betim,A,3,Pickup-Z,VIN002195,496,487,12,46,10,"108,2","1452058,55"
2025-04-06,Goiana,B,2,Sedan-W,VIN002196,621,628,11,60,11,"61,3","1936091,37"
2025-06-12,Betim,C,2,Sedan-W,VIN002197,487,453,0,19,15,"52,1","1320588,57"
2025-03-06,Betim,B,3,Sedan-W,VIN002198,673,643,9,64,8,"59,8","1621478,97"
2025-01-06,Porto Real,A,2,Sedan-W,VIN002199,559,588,0,75,18,"67,9",1749911
2025-06-02,Goiana,C,1,Pickup-Z,VIN002200,467,462,11,89,20,"82,8","1178845,88"
2025-03-21,Betim,A,1,SUV-X,VIN002201,614,617,11,89,17,98,"1658298,75"
2025-03-18,Betim,B,3,Pickup-Z,VIN002202,394,433,0,60,19,"80,5","776230,26"
2025-04-12,Betim,A,2,SUV-X,VIN002203,621,641,15,60,11,"72,6","1893824,53"
2025-06-02,Betim,D,1,Hatch-Y,VIN002204,504,500,13,38,10,"74,6","1266211,67"
2025-05-13,Goiana,D,3,Pickup-Z,VIN002205,385,424,12,58,16,"101,8","956970,39"
2025-05-29,Betim,A,2,SUV-X,VIN002206,520,515,14,51,8,"16,7","1498178,16"
2025-01-19,Porto Real,B,3,Pickup-Z,VIN002207,604,618,6,64,18,"55,8","1666407,81"
2025-06-10,Betim,B,3,Sedan-W,VIN002208,440,439,1,29,16,97,"901314,59"
2025-03-21,Goiana,B,2,SUV-X,VIN002209,503,515,13,45,20,"13,8","1318570,27"
2025-03-16,Betim,B,2,SUV-X,VIN002210,532,539,3,8,10,"94,3","1256479,94"
2025-05-16,Goiana,C,3,Hatch-Y,VIN002211,455,469,15,14,18,"76,4","978217,97"
2025-04-17,Porto Real,D,3,Sedan-W,VIN002212,557,552,2,34,9,"73,8","1053630,99"
2025-05-23,Goiana,D,1,Sedan-W,VIN002213,610,613,8,8,18,"16,3","1517142,99"
2025-01-11,Goiana,A,3,Pickup-Z,VIN002214,548,566,12,72,18,"116,2","1047320,5"
2025-01-03,Goiana,C,3,Pickup-Z,VIN002215,431,448,12,50,19,"26,1","1227626,12"
2025-04-19,Porto Real,A,2,Sedan-W,VIN002216,428,421,4,16,11,"96,5","1121449,94"
2025-06-03,Goiana,B,1,SUV-X,VIN002217,513,483,3,75,9,83,"1301385,15"
2025-05-27,Porto Real,B,3,Pickup-Z,VIN002218,605,584,15,59,10,"57,2","1796900,66"
2025-01-14,Porto Real,D,3,Hatch-Y,VIN002219,489,456,5,52,11,"62,4","1278619,31"
2025-01-18,Porto Real,C,3,Pickup-Z,VIN002220,442,482,0,22,11,"25,7","1282708,22"
2025-05-16,Porto Real,A,1,Sedan-W,VIN002221,480,464,15,56,8,"58,5","979182,68"
2025-04-19,Betim,D,3,SUV-X,VIN002222,525,490,4,28,8,"49,2","1522128,64"
2025-02-18,Porto Real,D,2,Sedan-W,VIN002223,600,613,4,75,15,"56,8","1860114,94"
2025-02-04,Goiana,D,2,Sedan-W,VIN002224,400,422,13,46,11,"119,7","1273739,58"
2025-06-25,Porto Real,D,1,Hatch-Y,VIN002225,645,618,12,40,13,"9,7","1825166,92"
2025-03-11,Betim,A,2,SUV-X,VIN002226,657,648,14,60,10,27,"2052703,46"
2025-01-04,Goiana,B,3,Pickup-Z,VIN002227,570,550,0,24,16,"109,9","1591340,92"
2025-04-25,Betim,B,1,Hatch-Y,VIN002228,509,533,7,55,9,"12,9","1218819,59"
2025-01-17,Betim,C,2,Pickup-Z,VIN002229,580,613,5,73,9,"53,7","1400369,25"
2025-01-20,Betim,C,1,Sedan-W,VIN002230,578,584,15,34,9,"5,2","1561281,75"
2025-04-27,Betim,B,3,Pickup-Z,VIN002231,575,555,1,8,9,"63,1","1072982,11"
2025-02-10,Betim,C,2,Sedan-W,VIN002232,444,450,5,53,18,"28,6","1258117,51"
2025-04-16,Porto Real,D,2,SUV-X,VIN002233,521,559,4,42,11,"100,2","944591,15"
2025-06-21,Betim,C,2,Pickup-Z,VIN002234,468,466,0,33,8,"80,9","1002731,22"
2025-03-10,Goiana,C,2,Pickup-Z,VIN002235,552,571,0,69,18,"23,9","1733360,13"
2025-06-14,Goiana,B,2,Pickup-Z,VIN002236,497,512,6,35,12,"50,7","1568223,41"
2025-04-05,Porto Real,A,3,Pickup-Z,VIN002237,504,512,9,14,13,"83,6","914383,81"
2025-01-18,Goiana,A,1,Hatch-Y,VIN002238,411,447,13,90,18,"54,1","1035891,69"
2025-04-15,Goiana,B,2,Sedan-W,VIN002239,561,583,8,46,14,28,"1389321,38"
2025-02-04,Goiana,D,2,Pickup-Z,VIN002240,591,593,4,39,11,"118,2","1568028,27"
2025-03-26,Betim,B,3,Hatch-Y,VIN002241,422,455,7,19,17,"118,9","783218,08"
2025-04-24,Betim,D,1,Pickup-Z,VIN002242,472,449,9,23,13,"84,4","1446210,09"
2025-06-22,Porto Real,A,1,SUV-X,VIN002243,515,504,3,80,10,"43,5","997525,23"
2025-03-12,Porto Real,C,3,Sedan-W,VIN002244,596,595,15,51,16,"21,7","1112891,05"
2025-01-17,Porto Real,A,2,Pickup-Z,VIN002245,552,551,11,80,15,"21,2","1688438,44"
2025-06-04,Betim,D,3,Pickup-Z,VIN002246,604,577,3,18,14,101,"1104222,79"
2025-04-08,Betim,A,2,Sedan-W,VIN002247,451,431,7,88,18,"39,7","1042222,57"
2025-06-04,Porto Real,D,1,Hatch-Y,VIN002248,496,525,7,4,19,66,"1235386,85"
2025-01-16,Betim,D,1,Hatch-Y,VIN002249,398,427,13,35,11,"61,8","961212,23"
2025-05-31,Goiana,A,3,SUV-X,VIN002250,593,577,0,40,20,"52,8",1727487
2025-04-02,Porto Real,C,1,Pickup-Z,VIN002251,461,472,3,2,11,"27,2","1368450,24"
2025-06-24,Betim,A,1,Pickup-Z,VIN002252,617,611,8,32,18,"113,9","1740006,59"
2025-04-11,Porto Real,C,2,SUV-X,VIN002253,463,497,10,40,17,"56,7","1198327,26"
2025-05-31,Goiana,A,3,Sedan-W,VIN002254,468,495,7,84,13,"87,3","1457906,93"
2025-02-15,Betim,A,1,SUV-X,VIN002255,412,436,10,75,11,"5,4","743540,53"
2025-03-04,Porto Real,A,2,SUV-X,VIN002256,511,485,11,56,17,"93,2","1041383,18"
2025-03-18,Goiana,B,3,Sedan-W,VIN002257,456,429,3,27,11,"101,1","1108661,15"
2025-01-27,Betim,C,3,Hatch-Y,VIN002258,505,533,3,39,8,"36,3","1405766,6"
2025-06-08,Goiana,A,1,Hatch-Y,VIN002259,617,646,5,70,14,"46,7","1574862,42"
2025-04-13,Betim,D,2,Hatch-Y,VIN002260,637,637,3,9,18,"16,6","1805215,75"
2025-05-01,Goiana,B,3,Pickup-Z,VIN002261,540,507,2,59,19,"65,7","1503295,28"
2025-02-14,Betim,D,3,SUV-X,VIN002262,648,649,9,34,12,"107,5","1558553,2"
2025-06-18,Goiana,A,3,Pickup-Z,VIN002263,493,508,11,0,10,"24,5","957325,85"
2025-02-26,Porto Real,D,3,SUV-X,VIN002264,544,538,9,39,8,"30,9","1401055,23"
2025-06-01,Porto Real,A,2,Pickup-Z,VIN002265,418,452,9,87,15,"41,7","1260915,5"
2025-01-30,Goiana,C,3,Pickup-Z,VIN002266,627,606,1,20,19,"102,6","1807140,09"
2025-04-29,Porto Real,B,2,Hatch-Y,VIN002267,497,511,12,58,19,"107,9","1091213,69"
2025-05-14,Porto Real,C,1,Pickup-Z,VIN002268,513,478,6,49,17,"79,1","1093186,17"
2025-03-07,Porto Real,C,3,SUV-X,VIN002269,462,476,2,65,17,"35,2","967053,54"
2025-01-17,Porto Real,A,1,Sedan-W,VIN002270,498,534,5,17,10,"51,8","996640,14"
2025-01-24,Porto Real,C,2,Pickup-Z,VIN002271,424,431,14,47,12,"97,3","950484,93"
2025-03-25,Betim,A,2,SUV-X,VIN002272,555,526,11,36,19,"42,4","1728984,01"
2025-04-25,Goiana,A,2,SUV-X,VIN002273,581,615,11,26,14,"105,6","1492125,48"
2025-06-12,Porto Real,A,1,Sedan-W,VIN002274,654,619,4,58,9,"55,9","1992934,57"
2025-03-12,Goiana,B,3,Pickup-Z,VIN002275,464,477,3,47,19,"7,8","1191924,4"
2025-04-09,Porto Real,D,1,Pickup-Z,VIN002276,624,598,7,15,17,"91,6","1799684,02"
2025-02-11,Porto Real,A,1,Hatch-Y,VIN002277,582,549,1,38,8,"64,1","1258974,05"
2025-05-18,Porto Real,B,3,Pickup-Z,VIN002278,602,582,7,22,20,"59,6","1738719,38"
2025-03-25,Porto Real,D,3,Pickup-Z,VIN002279,437,466,8,3,10,"7,6","1178622,58"
2025-06-22,Goiana,B,2,SUV-X,VIN002280,544,534,5,69,17,"31,3","1188041,82"
2025-02-28,Betim,A,1,Hatch-Y,VIN002281,484,471,8,82,15,"94,5","1252672,63"
2025-03-28,Betim,A,1,Sedan-W,VIN002282,444,426,1,70,13,"44,1","1247432,99"
2025-01-22,Betim,A,3,Pickup-Z,VIN002283,512,505,7,50,20,"74,3","1552084,36"
2025-03-25,Betim,B,1,Sedan-W,VIN002284,581,615,12,63,20,"31,8","1567088,08"
2025-05-21,Porto Real,C,3,SUV-X,VIN002285,471,471,0,2,12,"76,7","1319871,31"
2025-01-16,Goiana,A,3,Sedan-W,VIN002286,512,546,10,80,8,"19,9","1004033,22"
2025-03-16,Betim,B,3,Sedan-W,VIN002287,576,577,8,1,9,"84,1","1374172,67"
2025-02-01,Porto Real,A,3,Sedan-W,VIN002288,497,466,11,14,13,"65,2","1296977,53"
2025-04-13,Goiana,D,2,Pickup-Z,VIN002289,568,594,11,5,20,"74,6","1688185,55"
2025-05-06,Goiana,D,3,Hatch-Y,VIN002290,521,539,11,44,11,"23,7","1246489,58"
2025-03-19,Goiana,B,2,SUV-X,VIN002291,490,495,10,31,13,"81,8","936657,1"
2025-06-20,Goiana,C,3,Sedan-W,VIN002292,435,425,13,21,8,"13,1","1106001,64"
2025-04-22,Betim,B,3,SUV-X,VIN002293,611,578,14,54,12,108,"1796670,22"
2025-01-13,Goiana,C,1,Pickup-Z,VIN002294,527,537,1,1,13,"87,1","1344752,57"
2025-06-07,Porto Real,B,3,Sedan-W,VIN002295,486,474,1,79,10,"104,5","1198522,15"
2025-01-11,Porto Real,C,3,Hatch-Y,VIN002296,477,448,8,43,16,"116,6","1359592,92"
2025-03-24,Goiana,C,2,Hatch-Y,VIN002297,600,616,11,65,13,"11,4","1649038,45"
2025-05-24,Betim,D,1,SUV-X,VIN002298,593,590,9,51,15,6,"1776094,15"
2025-02-11,Porto Real,C,3,Sedan-W,VIN002299,483,476,6,85,16,103,"1103517,38"
2025-02-16,Porto Real,C,1,Hatch-Y,VIN002300,645,630,11,77,16,"40,5","1491444,11"
2025-04-20,Betim,B,1,SUV-X,VIN002301,571,567,4,24,11,"48,1","1301846,75"
2025-03-03,Porto Real,C,2,Hatch-Y,VIN002302,512,522,8,16,14,"49,6","1103693,9"
2025-05-12,Goiana,A,3,Sedan-W,VIN002303,672,646,8,50,16,"14,9","1896976,98"
2025-06-21,Porto Real,D,1,Sedan-W,VIN002304,559,551,9,0,15,"101,7","1629623,18"
2025-01-05,Porto Real,B,1,SUV-X,VIN002305,504,470,0,82,20,"50,4","990033,07"
2025-04-10,Betim,A,3,Hatch-Y,VIN002306,558,575,8,51,12,"70,2","1221056,26"
2025-04-29,Betim,C,3,Hatch-Y,VIN002307,491,481,3,77,19,111,"1517112,36"
2025-05-10,Porto Real,B,3,SUV-X,VIN002308,461,467,13,19,9,"119,5","1362046,27"
2025-04-12,Betim,B,2,Hatch-Y,VIN002309,592,569,8,24,8,"119,9","1139607,57"
2025-03-20,Betim,C,2,SUV-X,VIN002310,461,452,9,12,11,"10,6","846629,96"
2025-01-03,Porto Real,C,2,Sedan-W,VIN002311,454,424,1,90,12,"47,9","1311323,22"
2025-02-15,Goiana,C,3,Hatch-Y,VIN002312,413,428,10,83,9,"15,4","1021398,55"
2025-05-21,Betim,A,2,SUV-X,VIN002313,632,646,3,18,10,55,"1666462,46"
2025-04-20,Porto Real,D,2,Pickup-Z,VIN002314,529,563,11,0,8,"89,6","1435194,73"
2025-04-13,Porto Real,A,2,Pickup-Z,VIN002315,469,455,7,74,10,"50,1","1141873,27"
2025-03-23,Betim,C,3,Pickup-Z,VIN002316,592,590,14,39,13,"91,9","1534689,41"
2025-01-07,Goiana,A,2,Sedan-W,VIN002317,535,520,2,61,17,"113,1","1453410,8"
2025-02-25,Porto Real,B,3,Pickup-Z,VIN002318,524,562,11,65,11,105,"1520783,72"
2025-03-10,Betim,D,2,Sedan-W,VIN002319,523,553,6,46,8,"28,6","1340436,02"
2025-05-26,Porto Real,A,1,SUV-X,VIN002320,422,421,13,35,8,"28,4","969267,01"
2025-05-23,Betim,A,3,Pickup-Z,VIN002321,406,445,4,56,15,"23,6","1291554,4"
2025-02-05,Goiana,C,2,Hatch-Y,VIN002322,553,578,8,21,9,35,"1446459,65"
2025-01-01,Betim,A,2,Sedan-W,VIN002323,491,462,9,11,12,"15,5","1403930,62"
2025-03-21,Goiana,A,2,SUV-X,VIN002324,563,596,15,15,19,"108,7","1742691,69"
2025-02-04,Porto Real,D,1,Hatch-Y,VIN002325,594,566,11,18,13,"108,8","1675064,33"
2025-03-15,Goiana,C,3,SUV-X,VIN002326,444,426,2,65,13,"100,4","1336587,91"
2025-04-13,Betim,C,2,SUV-X,VIN002327,467,507,6,36,18,"80,2","1489077,22"
2025-03-03,Betim,A,3,Sedan-W,VIN002328,479,515,8,82,14,"70,5","897812,8"
2025-03-02,Porto Real,D,1,Hatch-Y,VIN002329,556,555,13,6,18,"50,5","1760186,49"
2025-01-08,Goiana,D,2,SUV-X,VIN002330,517,506,8,24,16,"108,4","1643906,64"
2025-05-17,Betim,A,2,Hatch-Y,VIN002331,627,608,6,53,13,"62,6","1643560,98"
2025-06-23,Goiana,D,3,SUV-X,VIN002332,592,596,6,34,10,"89,3","1112487,71"
2025-02-27,Goiana,D,1,Sedan-W,VIN002333,412,423,9,66,18,"109,9","845885,09"
2025-04-28,Goiana,B,3,Hatch-Y,VIN002334,577,569,2,84,17,"20,8","1327856,46"
2025-01-02,Goiana,B,3,Pickup-Z,VIN002335,492,521,5,52,12,"89,4","1058869,38"
2025-02-09,Porto Real,A,2,SUV-X,VIN002336,632,632,13,54,14,"32,6","1210383,8"
2025-04-02,Betim,C,3,Pickup-Z,VIN002337,580,548,15,35,18,67,"1312402,05"
2025-04-01,Goiana,D,2,Hatch-Y,VIN002338,649,616,5,44,17,"91,5","1680196,24"
2025-02-25,Porto Real,B,2,Hatch-Y,VIN002339,465,486,3,74,18,"18,4","1471016,95"
2025-01-01,Betim,A,3,SUV-X,VIN002340,475,482,2,89,15,"63,9","1014100,68"
2025-01-10,Goiana,B,2,SUV-X,VIN002341,439,426,8,73,19,113,"1360000,37"
2025-06-29,Goiana,B,3,Hatch-Y,VIN002342,656,625,1,52,15,"93,5","1818759,51"
2025-03-29,Goiana,C,3,SUV-X,VIN002343,659,629,6,78,13,"39,3","2023201,14"
2025-03-02,Betim,B,1,Pickup-Z,VIN002344,574,550,7,67,10,"98,1","1308070,91"
2025-01-26,Goiana,A,1,Pickup-Z,VIN002345,577,574,3,84,10,"20,5","1778002,3"
2025-05-28,Porto Real,D,2,Pickup-Z,VIN002346,649,639,12,64,20,"42,1","1452650,2"
2025-06-10,Goiana,B,1,Pickup-Z,VIN002347,412,432,1,31,16,"111,9","1254908,71"
2025-03-24,Betim,A,3,Sedan-W,VIN002348,592,630,14,11,8,"10,9","1658747,2"
2025-02-08,Porto Real,D,2,Pickup-Z,VIN002349,547,586,10,71,10,"114,4","1226500,24"
2025-01-04,Porto Real,B,1,SUV-X,VIN002350,400,430,12,18,20,"103,1","892573,71"
2025-04-16,Porto Real,C,1,Hatch-Y,VIN002351,598,575,11,34,18,"95,6","1376648,39"
2025-02-12,Betim,A,2,Sedan-W,VIN002352,637,648,7,23,14,"55,9","1182792,3"
2025-01-08,Porto Real,C,1,Pickup-Z,VIN002353,621,619,2,69,11,"28,8","1645785,77"
2025-03-28,Porto Real,C,1,Sedan-W,VIN002354,493,533,9,11,18,"110,5","1547675,81"
2025-03-31,Betim,B,3,Hatch-Y,VIN002355,446,447,15,62,16,"75,3","961954,83"
2025-06-28,Betim,A,1,Hatch-Y,VIN002356,456,487,12,83,10,"23,4","1267416,65"
2025-01-06,Goiana,C,3,SUV-X,VIN002357,634,636,5,43,8,"43,7","1872415,01"
2025-05-29,Goiana,B,2,Sedan-W,VIN002358,491,500,6,27,17,"63,2","1451074,11"
2025-04-01,Betim,A,2,Hatch-Y,VIN002359,504,543,8,17,12,"26,7","1123419,66"
2025-06-17,Goiana,B,2,Pickup-Z,VIN002360,502,483,11,76,18,"42,4","1562615,68"
2025-03-11,Betim,A,1,Sedan-W,VIN002361,518,496,10,53,15,"23,1","1523758,03"
2025-04-20,Porto Real,C,2,Sedan-W,VIN002362,544,520,2,32,12,82,"1450288,35"
2025-01-16,Betim,D,2,Pickup-Z,VIN002363,614,596,15,36,10,"83,9","1852834,4"
2025-05-16,Betim,C,1,Pickup-Z,VIN002364,516,518,15,20,20,"58,1","1379416,77"
2025-02-09,Goiana,B,2,Hatch-Y,VIN002365,462,430,3,37,12,"108,8","1288006,89"
2025-06-20,Goiana,B,1,Sedan-W,VIN002366,633,613,5,65,18,"30,9","1234339,93"
2025-02-02,Goiana,B,2,Sedan-W,VIN002367,603,631,1,40,15,"78,1","1639738,86"
2025-05-07,Goiana,C,3,Hatch-Y,VIN002368,594,602,5,86,14,"54,7","1646779,52"
2025-04-16,Betim,C,3,Sedan-W,VIN002369,413,420,13,8,12,"63,2","935988,86"
2025-01-07,Porto Real,D,1,Sedan-W,VIN002370,429,460,12,79,14,"115,9","961162,6"
2025-03-29,Betim,C,2,Pickup-Z,VIN002371,558,560,5,62,9,"73,6","1720427,54"
2025-06-14,Betim,D,1,SUV-X,VIN002372,471,473,12,47,14,37,"983465,4"
2025-05-31,Betim,D,3,Hatch-Y,VIN002373,485,483,9,21,10,"22,3","1044968,61"
2025-06-02,Betim,C,2,Sedan-W,VIN002374,460,471,11,4,16,"8,6","980092,76"
2025-01-17,Goiana,B,2,Pickup-Z,VIN002375,519,556,14,76,18,"91,7","1475266,02"
2025-03-10,Betim,A,1,Sedan-W,VIN002376,505,508,12,19,10,"68,9","1151695,14"
2025-01-23,Betim,B,3,Hatch-Y,VIN002377,552,589,15,70,17,"119,5","1372778,47"
2025-02-02,Betim,B,1,Sedan-W,VIN002378,618,630,14,79,8,74,"1191840,19"
2025-02-09,Betim,D,1,Hatch-Y,VIN002379,597,630,15,13,15,"97,7","1458820,29"
2025-01-09,Betim,D,2,Pickup-Z,VIN002380,603,607,8,2,12,"100,7","1155794,67"
2025-06-26,Goiana,A,1,SUV-X,VIN002381,514,540,2,73,15,"102,7","1414080,68"
2025-04-15,Goiana,B,1,Hatch-Y,VIN002382,530,560,12,6,11,"8,6","1146032,6"
2025-06-25,Porto Real,C,3,Pickup-Z,VIN002383,598,579,0,62,13,"18,5","1709368,34"
2025-05-21,Betim,B,2,Pickup-Z,VIN002384,672,639,14,35,18,"41,9","2056615,71"
2025-03-17,Goiana,A,3,Pickup-Z,VIN002385,537,505,2,37,18,"62,4","1268837,37"
2025-03-25,Goiana,D,3,SUV-X,VIN002386,615,624,9,54,12,65,"1865068,26"
2025-02-07,Porto Real,C,3,Sedan-W,VIN002387,504,542,1,51,20,"100,5","1172298,4"
2025-04-08,Betim,B,2,SUV-X,VIN002388,613,605,2,81,11,68,"1622334,14"
2025-03-19,Porto Real,D,3,Hatch-Y,VIN002389,602,590,12,26,14,"116,7","1593653,58"
2025-03-22,Porto Real,A,2,Pickup-Z,VIN002390,616,630,9,76,19,"34,4","1509289,71"
2025-04-22,Betim,B,3,SUV-X,VIN002391,481,507,4,50,19,"8,4","1266536,45"
2025-04-10,Goiana,A,1,Sedan-W,VIN002392,390,423,3,73,9,"49,3","1219025,45"
2025-02-04,Goiana,C,1,SUV-X,VIN002393,487,494,11,70,18,"119,1","1165786,22"
2025-05-09,Porto Real,A,2,SUV-X,VIN002394,641,622,9,0,12,"110,1","1329865,78"
2025-06-27,Betim,C,3,SUV-X,VIN002395,485,507,1,61,14,"26,5","1551843,37"
2025-05-15,Betim,A,1,Pickup-Z,VIN002396,598,612,12,49,19,44,1392852
2025-01-25,Goiana,B,1,SUV-X,VIN002397,607,615,13,8,10,"48,9","1187928,5"
2025-02-14,Porto Real,C,1,Hatch-Y,VIN002398,488,505,10,82,11,100,"1172328,49"
2025-06-04,Porto Real,C,2,Pickup-Z,VIN002399,617,594,15,8,13,"114,5","1792869,22"
2025-04-05,Goiana,A,3,Hatch-Y,VIN002400,603,594,10,60,9,"17,3","1767239,8"
2025-02-22,Betim,B,3,Hatch-Y,VIN002401,447,471,11,60,18,"64,5","1134023,06"
2025-03-21,Betim,C,2,Pickup-Z,VIN002402,585,552,11,23,12,"55,1","1196849,69"
2025-01-17,Porto Real,B,2,SUV-X,VIN002403,531,544,15,51,14,25,"1521204,1"
2025-04-12,Goiana,A,3,Pickup-Z,VIN002404,583,570,11,61,19,"75,2","1076254,5"
2025-05-17,Goiana,A,2,Hatch-Y,VIN002405,438,451,11,89,8,"79,2","1251530,36"
2025-01-07,Betim,C,3,Pickup-Z,VIN002406,563,583,12,78,17,"20,4","1247154,4"
2025-01-21,Goiana,C,2,Hatch-Y,VIN002407,625,628,1,2,12,"15,8","1984045,75"
2025-01-13,Porto Real,A,2,Pickup-Z,VIN002408,465,486,9,1,16,65,"1471350,58"
2025-06-10,Betim,A,2,Pickup-Z,VIN002409,590,587,8,1,11,"39,6","1236455,62"
2025-03-19,Betim,C,1,SUV-X,VIN002410,505,482,1,72,8,"60,7","1206876,53"
2025-05-21,Goiana,C,2,SUV-X,VIN002411,643,634,5,41,18,39,"1296683,86"
2025-06-26,Betim,D,2,SUV-X,VIN002412,602,576,11,47,19,"33,9","1747986,79"
2025-06-06,Betim,C,1,SUV-X,VIN002413,456,424,9,4,11,"21,6","1167887,38"
2025-04-26,Porto Real,B,1,SUV-X,VIN002414,406,438,12,64,20,"13,1","826286,92"
2025-02-04,Betim,B,1,SUV-X,VIN002415,559,538,13,79,16,"44,8","1408090,71"
2025-01-18,Porto Real,D,2,Hatch-Y,VIN002416,493,459,8,2,20,84,"1440449,43"
2025-04-28,Betim,C,2,SUV-X,VIN002417,571,600,13,43,14,"110,3","1440248,58"
2025-01-15,Goiana,C,2,Pickup-Z,VIN002418,463,444,6,31,9,"109,9","1093081,34"
2025-01-03,Porto Real,C,3,Hatch-Y,VIN002419,406,442,3,47,9,"40,5","1170648,79"
2025-05-31,Goiana,A,1,Hatch-Y,VIN002420,443,446,0,81,11,"96,3","904199,81"
2025-02-27,Goiana,D,1,Pickup-Z,VIN002421,448,459,4,40,19,"14,8","1124500,31"
2025-06-18,Porto Real,A,3,Hatch-Y,VIN002422,410,436,1,72,11,"48,5","858659,41"
2025-04-09,Betim,D,2,Hatch-Y,VIN002423,464,451,3,1,10,"86,4","1088874,79"
2025-06-26,Betim,C,1,SUV-X,VIN002424,424,425,14,83,11,41,"916338,66"
2025-06-12,Goiana,D,2,Sedan-W,VIN002425,537,548,3,43,9,"39,7","1051630,52"
2025-01-25,Betim,D,2,Sedan-W,VIN002426,512,527,4,59,8,96,"1516561,41"
2025-03-21,Porto Real,A,1,Hatch-Y,VIN002427,656,621,5,88,12,"46,2","1999567,18"
2025-04-06,Betim,B,1,SUV-X,VIN002428,600,575,14,4,8,"42,1","1573717,72"
2025-06-22,Porto Real,D,3,Pickup-Z,VIN002429,542,514,5,31,11,17,"1323050,25"
2025-04-13,Betim,A,1,Hatch-Y,VIN002430,441,457,9,64,9,"63,5","1287605,92"
2025-02-16,Goiana,D,3,Pickup-Z,VIN002431,471,497,3,59,13,"8,3","1311338,23"
2025-02-20,Goiana,B,1,Pickup-Z,VIN002432,492,495,9,15,16,"70,7","1445990,57"
2025-04-27,Betim,A,3,SUV-X,VIN002433,640,619,5,53,9,"5,7","1688798,69"
2025-03-26,Goiana,B,1,Hatch-Y,VIN002434,595,585,2,3,12,"118,5","1292978,04"
2025-01-06,Goiana,A,3,Pickup-Z,VIN002435,667,635,9,67,10,"41,8","2070347,2"
2025-01-01,Betim,D,1,Pickup-Z,VIN002436,525,545,12,16,19,"22,3","1598453,91"
2025-06-10,Porto Real,C,1,SUV-X,VIN002437,500,527,11,39,10,"76,1","1018769,04"
2025-02-02,Porto Real,D,1,Hatch-Y,VIN002438,432,432,8,24,10,"96,1",1329017
2025-05-29,Porto Real,A,2,SUV-X,VIN002439,539,551,3,16,13,"23,8","1281002,15"
2025-04-08,Betim,D,3,Hatch-Y,VIN002440,654,631,2,75,9,"79,3","1959196,29"
2025-02-08,Betim,A,2,SUV-X,VIN002441,609,606,13,57,13,"113,5","1722345,81"
2025-02-27,Goiana,B,1,Sedan-W,VIN002442,421,433,13,6,14,"65,6","1043242,05"
2025-04-16,Betim,B,1,SUV-X,VIN002443,424,430,10,86,10,"55,2","1030141,84"
2025-01-30,Porto Real,B,3,Hatch-Y,VIN002444,462,496,7,28,10,"92,2","865034,42"
2025-04-03,Betim,C,3,Sedan-W,VIN002445,574,590,8,12,20,80,"1213246,02"
2025-04-23,Porto Real,B,3,Hatch-Y,VIN002446,640,622,8,10,15,"21,1","1413102,29"
2025-06-23,Goiana,C,3,SUV-X,VIN002447,623,646,7,80,13,"17,8","1394343,62"
2025-02-04,Porto Real,B,3,Pickup-Z,VIN002448,558,568,11,30,14,"119,3","1255280,5"
2025-06-13,Porto Real,C,1,Hatch-Y,VIN002449,442,463,1,26,15,"118,5","1104986,83"
2025-05-10,Goiana,A,3,Hatch-Y,VIN002450,507,497,8,78,20,"11,3","1459742,63"
2025-06-18,Porto Real,D,2,Sedan-W,VIN002451,424,423,3,53,14,"29,5","894671,36"
2025-02-10,Porto Real,B,2,Sedan-W,VIN002452,440,444,12,5,16,"34,1","823625,81"
2025-03-08,Betim,B,3,SUV-X,VIN002453,497,504,3,27,19,"71,6","1439800,55"
2025-05-10,Goiana,D,3,SUV-X,VIN002454,451,421,13,23,13,"79,8","1182967,11"
2025-05-03,Betim,D,2,Sedan-W,VIN002455,483,508,1,6,16,14,"907338,37"
2025-06-10,Goiana,A,3,SUV-X,VIN002456,472,486,10,89,14,"18,6","1435581,16"
2025-01-05,Porto Real,B,3,Hatch-Y,VIN002457,516,523,8,0,9,"92,1","1272637,22"
2025-01-11,Porto Real,A,1,SUV-X,VIN002458,653,645,5,68,14,6,"1596131,85"
2025-03-24,Betim,A,2,SUV-X,VIN002459,419,451,7,23,8,"100,8","1277771,38"
2025-01-20,Betim,C,1,Pickup-Z,VIN002460,537,514,11,30,10,"27,3","1488690,63"
2025-02-23,Goiana,D,1,Pickup-Z,VIN002461,640,630,2,87,11,82,"1777944,87"
2025-01-27,Betim,D,2,SUV-X,VIN002462,518,500,12,20,8,113,"1222577,14"
2025-02-26,Goiana,A,1,Pickup-Z,VIN002463,463,449,11,33,20,"32,6","934595,34"
2025-06-27,Betim,A,1,SUV-X,VIN002464,442,447,10,47,8,"97,9","1212263,29"
2025-04-11,Betim,C,2,Pickup-Z,VIN002465,486,501,1,72,8,"114,3","1400517,09"
2025-03-06,Goiana,D,2,Sedan-W,VIN002466,471,474,6,18,17,"56,9","953609,71"
2025-01-22,Goiana,B,2,Hatch-Y,VIN002467,619,634,9,6,15,"22,3","1375029,98"
2025-01-07,Goiana,A,3,Hatch-Y,VIN002468,471,468,9,3,12,"7,6","1160714,87"
2025-03-09,Porto Real,C,3,Sedan-W,VIN002469,633,609,7,75,18,"48,5","1277690,33"
2025-03-05,Goiana,C,1,Sedan-W,VIN002470,563,532,14,77,10,"78,1","1177277,61"
2025-01-12,Goiana,C,2,Hatch-Y,VIN002471,587,578,2,87,10,"11,9","1648248,75"
2025-01-30,Betim,A,1,Sedan-W,VIN002472,570,535,15,48,8,"66,9","1084246,99"
2025-05-12,Betim,A,3,Sedan-W,VIN002473,416,444,0,85,12,"31,2","895821,7"
2025-02-10,Goiana,A,3,Sedan-W,VIN002474,536,557,5,28,18,"28,5","1586707,24"
2025-04-15,Goiana,B,2,SUV-X,VIN002475,473,500,0,71,13,"107,2","1253946,57"
2025-03-22,Goiana,D,2,Pickup-Z,VIN002476,465,440,9,88,15,"66,2","1169158,14"
2025-06-10,Porto Real,B,1,Sedan-W,VIN002477,476,498,7,5,10,118,"1275346,31"
2025-05-19,Porto Real,A,2,Sedan-W,VIN002478,458,483,7,11,13,"117,3","1056315,14"
2025-02-10,Betim,B,3,SUV-X,VIN002479,429,461,9,18,19,"110,8","774539,65"
2025-03-23,Goiana,B,2,Pickup-Z,VIN002480,397,422,6,3,15,"111,6","903899,16"
2025-03-15,Goiana,C,2,Pickup-Z,VIN002481,499,504,13,37,12,"43,9","1383056,54"
2025-06-20,Goiana,A,1,Sedan-W,VIN002482,565,563,15,17,15,"30,9","1121139,52"
2025-04-27,Porto Real,B,2,SUV-X,VIN002483,489,508,4,23,13,"46,9","1078304,97"
2025-04-05,Porto Real,C,2,Hatch-Y,VIN002484,637,637,3,20,13,"108,6","1569811,32"
2025-04-10,Betim,A,3,Pickup-Z,VIN002485,581,599,4,81,11,"14,6","1785428,21"
2025-05-21,Porto Real,A,3,Pickup-Z,VIN002486,592,563,15,70,10,"51,1","1301832,71"
2025-01-21,Betim,A,1,Pickup-Z,VIN002487,615,619,8,16,10,"74,9","1722821,15"
2025-05-22,Porto Real,B,1,Pickup-Z,VIN002488,392,421,11,51,16,24,"1201860,41"
2025-04-03,Betim,A,2,Pickup-Z,VIN002489,500,471,15,84,13,"65,2","911451,35"
2025-05-24,Porto Real,C,2,Hatch-Y,VIN002490,459,433,0,53,13,"20,1","913361,15"
2025-01-05,Betim,B,2,Hatch-Y,VIN002491,593,582,9,9,15,"59,8","1111264,86"
2025-05-26,Betim,A,1,SUV-X,VIN002492,535,514,0,37,15,"33,2","1261381,06"
2025-01-14,Porto Real,D,3,SUV-X,VIN002493,533,553,10,72,13,"22,8","1180771,17"
2025-04-20,Goiana,D,3,Sedan-W,VIN002494,540,571,2,74,13,"49,7","1552668,46"
2025-04-28,Goiana,C,3,SUV-X,VIN002495,537,537,2,50,14,"35,1","1080106,34"
2025-01-16,Goiana,B,3,SUV-X,VIN002496,511,524,11,43,17,"41,2","1050794,94"
2025-03-05,Goiana,C,3,Hatch-Y,VIN002497,528,538,3,66,9,"76,2","1647651,62"
2025-05-29,Betim,B,1,Pickup-Z,VIN002498,428,457,1,58,14,"115,5","843847,29"
2025-03-31,Goiana,A,3,Sedan-W,VIN002499,532,538,2,4,13,43,"1026334,69"
2025-04-22,Goiana,B,3,SUV-X,VIN002500,596,623,12,66,17,"45,9","1657577,07"
2025-01-07,Goiana,C,3,Sedan-W,VIN002501,552,586,15,32,20,"32,7","1005081,03"
2025-02-28,Goiana,C,2,Sedan-W,VIN002502,611,591,7,50,11,"45,3","1909341,35"
2025-05-04,Betim,B,2,Pickup-Z,VIN002503,446,438,12,67,8,"22,2","1302020,29"
2025-06-04,Goiana,A,3,Hatch-Y,VIN002504,484,494,1,44,15,"17,9","1429292,45"
2025-05-31,Goiana,D,1,Hatch-Y,VIN002505,483,451,1,0,14,"17,8","1362593,18"
2025-02-11,Porto Real,D,3,Pickup-Z,VIN002506,622,632,2,33,15,"108,9","1859441,83"
2025-05-03,Goiana,B,1,Pickup-Z,VIN002507,538,578,0,13,16,"75,3","1586893,25"
2025-06-18,Goiana,C,2,Pickup-Z,VIN002508,448,488,3,77,20,"30,8","964427,69"
2025-02-17,Porto Real,C,3,Sedan-W,VIN002509,468,435,3,36,17,"22,4","924962,01"
2025-04-09,Goiana,A,2,SUV-X,VIN002510,543,571,3,28,18,"33,3","1717848,96"
2025-02-05,Betim,A,2,Sedan-W,VIN002511,660,629,10,8,11,"18,2","1239564,13"
2025-04-17,Porto Real,A,2,SUV-X,VIN002512,561,590,3,46,10,"44,8","1236246,14"
2025-05-13,Betim,C,2,SUV-X,VIN002513,454,486,13,75,11,"116,4","1416224,38"
2025-06-21,Goiana,A,1,Hatch-Y,VIN002514,608,647,0,90,18,"78,1","1534938,19"
2025-03-02,Porto Real,C,3,SUV-X,VIN002515,517,488,4,70,18,"81,9","1031403,92"
2025-05-08,Porto Real,A,2,SUV-X,VIN002516,605,573,7,6,13,"21,8","1471751,73"
2025-04-23,Porto Real,B,1,SUV-X,VIN002517,453,488,12,67,20,"90,3","844565,71"
2025-02-05,Porto Real,C,3,SUV-X,VIN002518,575,592,6,85,20,"42,1","1832397,05"
2025-04-26,Betim,C,2,Pickup-Z,VIN002519,547,558,10,48,13,"100,5","1420515,34"
2025-04-22,Goiana,B,2,Sedan-W,VIN002520,456,435,9,83,16,"69,3","1300291,03"
2025-06-10,Betim,D,2,Sedan-W,VIN002521,560,545,9,60,8,"22,3","1135952,67"
2025-04-18,Porto Real,C,2,Pickup-Z,VIN002522,429,464,7,44,17,"28,1","1268427,08"
2025-01-30,Betim,D,3,Pickup-Z,VIN002523,634,619,14,54,18,"31,2","1275677,96"
2025-03-16,Goiana,B,2,SUV-X,VIN002524,487,499,3,65,8,"19,1","1531147,44"
2025-05-05,Goiana,C,2,Sedan-W,VIN002525,546,540,10,3,12,"66,5","1676719,09"
2025-05-30,Porto Real,D,2,Hatch-Y,VIN002526,561,528,6,30,14,"7,6","1656507,53"
2025-06-08,Porto Real,A,1,Pickup-Z,VIN002527,473,468,5,21,9,"11,1","1411895,66"
2025-02-14,Porto Real,D,2,Pickup-Z,VIN002528,389,422,6,2,10,"16,5","881211,18"
2025-05-09,Porto Real,C,3,Pickup-Z,VIN002529,490,482,15,33,16,"85,1","1093850,68"
2025-02-20,Betim,A,2,Pickup-Z,VIN002530,649,648,5,19,9,"17,1","1461896,57"
2025-03-17,Porto Real,B,2,Pickup-Z,VIN002531,410,440,13,54,19,"68,3","1016019,89"
2025-01-11,Porto Real,B,3,Sedan-W,VIN002532,612,624,14,87,9,"33,3","1316093,88"
2025-02-11,Goiana,B,1,SUV-X,VIN002533,525,540,11,52,19,"55,3","1528476,54"
2025-05-28,Betim,B,1,Pickup-Z,VIN002534,545,584,10,29,20,"30,4","1387300,79"
2025-05-04,Goiana,C,1,SUV-X,VIN002535,621,589,13,9,14,"102,1","1659082,58"
2025-04-08,Goiana,C,2,SUV-X,VIN002536,507,502,13,40,17,"67,1","1568710,06"
2025-01-05,Goiana,D,3,Pickup-Z,VIN002537,523,543,15,0,8,"50,8","1026769,06"
2025-04-04,Goiana,B,1,SUV-X,VIN002538,502,503,7,72,12,"43,3","1509200,18"
2025-01-06,Goiana,B,2,Hatch-Y,VIN002539,507,473,15,81,20,"26,6","1010677,31"
2025-01-29,Goiana,B,3,Sedan-W,VIN002540,413,434,15,25,19,"113,2","1196744,48"
2025-01-30,Betim,B,1,SUV-X,VIN002541,478,512,7,58,15,"43,8","1411974,82"
2025-05-26,Goiana,A,1,SUV-X,VIN002542,482,462,11,51,10,"88,6","923663,46"
2025-01-26,Porto Real,A,3,SUV-X,VIN002543,537,503,4,16,8,"91,6","1184246,17"
2025-02-25,Goiana,B,2,Hatch-Y,VIN002544,617,642,4,11,20,"93,7","1570810,06"
2025-01-17,Goiana,A,3,Hatch-Y,VIN002545,461,499,15,26,20,"54,7","941161,43"
2025-05-06,Betim,C,1,Pickup-Z,VIN002546,587,621,1,23,12,"57,2","1467408,51"
2025-05-09,Betim,B,3,SUV-X,VIN002547,453,434,14,10,17,"92,8","1114603,95"
2025-03-13,Betim,A,3,Pickup-Z,VIN002548,445,442,12,59,15,"93,4","1061319,44"
2025-02-25,Betim,D,2,Sedan-W,VIN002549,524,492,9,51,13,"79,5","1006660,84"
2025-02-04,Betim,C,2,Hatch-Y,VIN002550,508,509,1,0,19,100,"1128446,45"
2025-04-09,Porto Real,D,1,Hatch-Y,VIN002551,483,520,12,4,18,"118,7","1320493,3"
2025-03-15,Betim,A,3,SUV-X,VIN002552,544,563,7,17,11,"93,7","1679479,59"
2025-03-01,Betim,A,3,Sedan-W,VIN002553,599,580,8,46,13,78,"1626092,48"
2025-04-30,Goiana,A,3,SUV-X,VIN002554,518,514,11,77,20,"19,7","1055674,86"
2025-05-10,Goiana,C,3,Sedan-W,VIN002555,637,632,0,12,12,"31,4","1455058,26"
2025-03-23,Porto Real,A,3,Sedan-W,VIN002556,515,529,15,33,10,"84,9","1047685,81"
2025-02-09,Betim,C,1,Sedan-W,VIN002557,601,632,3,37,14,"30,9","1609909,78"
2025-03-30,Goiana,D,1,SUV-X,VIN002558,660,625,4,9,16,"30,4","1453726,67"
2025-03-15,Betim,B,2,Sedan-W,VIN002559,527,524,12,29,10,"106,9","1650964,96"
2025-02-16,Porto Real,B,3,Sedan-W,VIN002560,492,484,8,7,16,"47,8","1196390,46"
2025-03-05,Betim,D,3,Hatch-Y,VIN002561,444,450,5,36,20,"60,4","924991,84"
2025-03-18,Goiana,B,1,Sedan-W,VIN002562,623,638,14,9,20,"71,9","1968536,96"
2025-05-14,Betim,A,2,SUV-X,VIN002563,652,628,13,43,10,"51,5","1786068,49"
2025-01-02,Porto Real,C,2,Sedan-W,VIN002564,578,571,15,31,13,"54,8","1246921,41"
2025-04-07,Porto Real,C,2,SUV-X,VIN002565,612,621,3,7,15,"115,6","1804483,85"
2025-06-29,Goiana,C,3,Hatch-Y,VIN002566,488,463,5,90,19,92,"1033713,67"
2025-04-10,Betim,C,3,Pickup-Z,VIN002567,653,633,9,66,9,"33,5","2077655,41"
2025-03-29,Porto Real,D,3,Sedan-W,VIN002568,443,480,10,3,14,"95,8","1229657,75"
2025-06-17,Betim,A,1,Hatch-Y,VIN002569,548,563,10,3,20,"109,5","1353167,97"
2025-03-07,Betim,C,2,SUV-X,VIN002570,491,528,6,56,14,"110,8","1318817,96"
2025-02-14,Goiana,B,2,Hatch-Y,VIN002571,552,559,7,44,15,"91,9","1714637,36"
2025-01-10,Betim,C,2,Pickup-Z,VIN002572,452,463,6,0,9,"66,9","1096227,94"
2025-01-03,Betim,B,3,Hatch-Y,VIN002573,531,497,1,12,12,"31,6","1404087,38"
2025-03-27,Goiana,A,3,Pickup-Z,VIN002574,521,533,7,79,9,59,"1634259,89"
2025-02-07,Betim,C,3,Hatch-Y,VIN002575,460,474,13,29,17,"15,8","875947,46"
2025-04-17,Betim,A,1,Pickup-Z,VIN002576,503,538,14,12,17,"80,2","1430151,6"
2025-02-10,Porto Real,B,1,Pickup-Z,VIN002577,469,446,7,90,13,"86,7","1132223,31"
2025-04-10,Goiana,B,1,SUV-X,VIN002578,617,624,3,32,18,"51,6","1780358,37"
2025-03-02,Betim,D,1,Pickup-Z,VIN002579,450,445,13,82,9,"62,9","1263336,64"
2025-05-01,Betim,D,1,Pickup-Z,VIN002580,569,540,0,90,12,"54,1","1097623,38"
2025-05-17,Porto Real,C,3,SUV-X,VIN002581,480,455,15,54,9,"5,3","1300116,01"
2025-02-11,Betim,B,2,Hatch-Y,VIN002582,636,605,2,67,18,"65,2","1732523,27"
2025-04-26,Goiana,A,2,Hatch-Y,VIN002583,539,564,6,47,20,42,"983348,07"
2025-04-09,Betim,A,2,Hatch-Y,VIN002584,582,548,12,53,13,"55,8","1206148,84"
2025-05-11,Porto Real,A,2,SUV-X,VIN002585,644,612,0,49,10,"88,4","1759105,07"
2025-05-03,Betim,B,1,SUV-X,VIN002586,579,561,4,49,14,77,"1409750,92"
2025-02-03,Porto Real,A,3,Hatch-Y,VIN002587,608,641,10,87,16,"88,1","1747452,19"
2025-03-17,Betim,B,1,Hatch-Y,VIN002588,559,531,10,33,13,"89,4","1374626,25"
2025-01-04,Porto Real,A,3,Pickup-Z,VIN002589,530,533,10,2,15,"22,8","962751,13"
2025-06-27,Goiana,C,3,Hatch-Y,VIN002590,538,563,0,88,14,"26,6","997210,72"
2025-04-03,Goiana,A,2,Hatch-Y,VIN002591,588,611,10,49,9,"70,7","1602159,77"
2025-03-06,Betim,D,2,SUV-X,VIN002592,447,459,4,52,9,"70,5","1058135,66"
2025-01-18,Betim,D,1,Sedan-W,VIN002593,517,514,2,12,17,"112,3","1651703,95"
2025-04-13,Goiana,A,2,Sedan-W,VIN002594,509,541,3,18,12,"42,6","1574725,7"
2025-04-14,Porto Real,C,3,Hatch-Y,VIN002595,523,551,7,47,8,"87,1","1120152,37"
2025-03-07,Goiana,B,3,SUV-X,VIN002596,539,532,0,82,18,"118,7","1127438,02"
2025-01-16,Goiana,B,2,Hatch-Y,VIN002597,543,580,14,72,20,"49,5","1704063,94"
2025-01-20,Goiana,D,2,Hatch-Y,VIN002598,572,595,8,23,17,"86,3","1769470,31"
2025-05-16,Betim,D,3,Sedan-W,VIN002599,536,504,7,18,10,"27,3","1014010,37"
2025-03-11,Betim,C,2,Pickup-Z,VIN002600,416,454,4,25,19,"41,2","998749,06"
2025-01-26,Goiana,D,2,Hatch-Y,VIN002601,411,428,13,79,18,107,"1270312,19"
2025-04-27,Goiana,C,3,Hatch-Y,VIN002602,480,497,12,22,11,"32,1","938694,89"
2025-06-23,Betim,D,3,Pickup-Z,VIN002603,507,484,11,65,12,"46,8","1136956,09"
2025-03-18,Betim,C,1,Sedan-W,VIN002604,449,482,9,78,11,"37,3","1128995,02"
2025-03-30,Goiana,A,3,Hatch-Y,VIN002605,623,632,4,0,14,"72,1","1602659,02"
2025-04-11,Betim,B,2,Hatch-Y,VIN002606,506,539,14,2,14,"58,1","1233503,79"
2025-01-13,Goiana,A,3,Sedan-W,VIN002607,628,641,10,61,16,"116,1","1266186,12"
2025-04-20,Betim,A,2,Hatch-Y,VIN002608,433,452,1,23,11,"105,8","821756,73"
2025-02-11,Porto Real,A,3,Hatch-Y,VIN002609,505,474,7,47,15,"115,3","1254527,43"
2025-01-08,Goiana,A,3,SUV-X,VIN002610,451,466,15,78,19,"107,9","1045261,5"
2025-04-01,Goiana,A,2,Hatch-Y,VIN002611,641,616,7,7,17,"110,7","1427370,52"
2025-02-01,Porto Real,B,1,Hatch-Y,VIN002612,504,524,7,1,11,"22,7","1303212,73"
2025-02-21,Betim,D,1,Sedan-W,VIN002613,487,523,12,28,11,"83,5","1206411,12"
2025-02-09,Goiana,B,1,SUV-X,VIN002614,615,581,13,57,9,"16,6","1956237,59"
2025-03-14,Betim,B,1,Hatch-Y,VIN002615,459,465,9,42,14,"33,9","1310348,27"
2025-02-21,Porto Real,C,1,Sedan-W,VIN002616,502,492,10,3,10,"11,9","1528438,55"
2025-01-23,Betim,C,2,Pickup-Z,VIN002617,578,580,6,43,17,"18,7","1817776,78"
2025-05-22,Goiana,B,2,Sedan-W,VIN002618,604,612,7,68,20,"61,2","1784825,4"
2025-04-22,Porto Real,C,3,Sedan-W,VIN002619,488,496,7,56,20,"91,8","1090790,47"
2025-02-06,Porto Real,C,1,Pickup-Z,VIN002620,518,538,13,2,10,"13,9","1268985,81"
2025-01-03,Goiana,D,1,Hatch-Y,VIN002621,654,619,1,84,10,"70,9","1763465,56"
2025-02-12,Porto Real,C,1,Hatch-Y,VIN002622,514,545,6,76,12,"21,6","1577447,74"
2025-04-09,Betim,C,1,Hatch-Y,VIN002623,507,506,0,63,9,40,"1137043,94"
2025-01-27,Goiana,C,1,Pickup-Z,VIN002624,396,429,0,43,18,"119,2","1203247,3"
2025-04-13,Porto Real,D,3,SUV-X,VIN002625,522,505,2,69,11,"22,4","968550,76"
2025-03-13,Betim,A,2,Pickup-Z,VIN002626,621,643,15,79,12,"113,5","1843421,52"
2025-04-01,Porto Real,D,3,SUV-X,VIN002627,484,466,12,20,14,"74,8","1151142,78"
2025-06-15,Betim,A,2,Sedan-W,VIN002628,514,482,2,48,9,"85,3","1240761,63"
2025-06-28,Betim,C,2,SUV-X,VIN002629,494,474,8,45,15,"93,4","1448268,3"
2025-02-15,Goiana,D,1,Sedan-W,VIN002630,597,630,5,47,13,"52,2","1762452,73"
2025-05-01,Goiana,C,2,Pickup-Z,VIN002631,591,606,5,24,9,"16,5","1192308,9"
2025-02-16,Betim,A,3,SUV-X,VIN002632,633,616,12,87,9,"74,1","1143085,79"
2025-01-21,Porto Real,A,1,Pickup-Z,VIN002633,480,484,3,8,11,"7,4","1484590,08"
2025-02-02,Betim,A,1,Sedan-W,VIN002634,536,558,4,4,13,"40,3","1531799,8"
2025-03-21,Porto Real,A,1,Pickup-Z,VIN002635,491,487,9,50,14,"107,3","1058068,47"
2025-06-18,Porto Real,A,2,Hatch-Y,VIN002636,570,607,4,59,11,"23,8","1796012,73"
2025-03-17,Betim,C,3,SUV-X,VIN002637,626,629,12,55,9,"18,3","1817209,59"
2025-04-12,Goiana,D,2,Sedan-W,VIN002638,482,515,0,40,17,"115,7","897686,58"
2025-04-14,Goiana,A,2,Hatch-Y,VIN002639,509,486,13,50,16,"46,5","1063388,72"
2025-04-17,Goiana,C,2,Sedan-W,VIN002640,549,545,4,39,9,"16,3","1274012,77"
2025-03-13,Goiana,B,3,Pickup-Z,VIN002641,470,445,13,85,16,"5,6","854466,6"
2025-05-07,Betim,B,3,Sedan-W,VIN002642,448,468,12,13,16,95,"1379725,24"
2025-01-11,Porto Real,C,1,SUV-X,VIN002643,531,560,5,23,8,"30,9","1415550,82"
2025-06-08,Betim,C,2,Hatch-Y,VIN002644,651,636,2,28,11,"12,1","1301217,23"
2025-06-26,Goiana,C,1,SUV-X,VIN002645,512,501,5,80,10,"26,4","1408791,24"
2025-03-18,Porto Real,C,2,Pickup-Z,VIN002646,510,549,11,35,19,"102,7","1590082,61"
2025-03-25,Porto Real,D,2,Pickup-Z,VIN002647,387,424,3,10,10,"17,1","1210640,57"
2025-04-26,Goiana,B,1,Sedan-W,VIN002648,500,525,9,35,20,"118,9","1465170,04"
2025-03-28,Goiana,A,2,Pickup-Z,VIN002649,564,547,3,32,8,"16,3","1629346,98"
2025-01-09,Goiana,A,3,Pickup-Z,VIN002650,597,582,12,31,9,"87,6","1649013,81"
2025-02-21,Goiana,A,1,Pickup-Z,VIN002651,526,512,6,77,10,"78,3","1141476,17"
2025-06-17,Goiana,A,2,Hatch-Y,VIN002652,578,609,15,1,13,49,"1676889,58"
2025-03-08,Porto Real,D,3,Sedan-W,VIN002653,546,577,14,68,12,"64,5","1223158,34"
2025-06-28,Goiana,A,3,Hatch-Y,VIN002654,551,534,3,33,8,"20,7","1354105,07"
2025-06-19,Porto Real,C,2,Hatch-Y,VIN002655,538,520,7,61,13,"82,7","1193243,59"
2025-05-23,Betim,A,2,Pickup-Z,VIN002656,445,443,5,33,17,"118,9","1293992,82"
2025-02-21,Porto Real,C,3,Pickup-Z,VIN002657,413,432,13,58,20,118,"988223,38"
2025-05-11,Porto Real,A,2,Hatch-Y,VIN002658,540,575,8,18,11,"16,9","1026977,69"
2025-05-14,Betim,C,2,SUV-X,VIN002659,458,497,10,88,16,"119,4","1025963,48"
2025-05-11,Porto Real,A,3,SUV-X,VIN002660,437,475,9,29,14,"34,9","1248765,33"
2025-06-07,Betim,D,2,Hatch-Y,VIN002661,478,475,1,3,20,"37,9","1459377,69"
2025-03-03,Betim,D,3,Pickup-Z,VIN002662,479,454,1,71,16,"75,1","863839,13"
2025-05-28,Goiana,C,2,Hatch-Y,VIN002663,543,522,14,86,18,"118,9","1416352,86"
2025-04-11,Betim,C,2,SUV-X,VIN002664,539,532,5,66,16,"39,9","1046992,99"
2025-03-07,Goiana,B,2,Hatch-Y,VIN002665,454,491,12,48,18,"49,2","1326201,05"
2025-05-30,Goiana,D,3,Sedan-W,VIN002666,478,469,8,5,12,"99,1","911683,47"
2025-05-09,Betim,A,2,Sedan-W,VIN002667,465,496,8,50,18,"23,3","1211984,66"
2025-03-27,Betim,C,3,Hatch-Y,VIN002668,515,544,10,81,20,"112,4","1055174,53"
2025-05-15,Goiana,D,2,Hatch-Y,VIN002669,501,474,3,70,19,"54,9","1060360,01"
2025-05-28,Goiana,C,2,Sedan-W,VIN002670,572,570,15,31,14,"73,3","1552384,19"
2025-01-19,Betim,C,2,Hatch-Y,VIN002671,482,504,12,7,16,"58,9","1027684,23"
2025-06-27,Porto Real,A,3,SUV-X,VIN002672,541,523,8,64,18,"87,1","1358299,14"
2025-06-28,Porto Real,B,3,Sedan-W,VIN002673,620,599,0,50,15,"20,8","1910617,24"
2025-01-04,Betim,D,1,Sedan-W,VIN002674,460,460,14,81,20,"35,8","964197,57"
2025-01-10,Goiana,A,3,Pickup-Z,VIN002675,514,532,8,7,14,"46,9","1343986,41"
2025-03-18,Betim,B,1,Pickup-Z,VIN002676,405,442,13,37,16,"76,1","1282125,03"
2025-01-15,Goiana,C,1,Sedan-W,VIN002677,468,433,12,5,12,"43,2","1277288,61"
2025-01-01,Goiana,A,3,Sedan-W,VIN002678,465,432,1,84,18,26,"1439598,2"
2025-06-01,Porto Real,C,2,Pickup-Z,VIN002679,647,614,15,10,8,"113,9","1289137,82"
2025-06-15,Porto Real,B,2,SUV-X,VIN002680,455,462,12,13,14,"105,1","1338378,72"
2025-03-20,Porto Real,D,3,Pickup-Z,VIN002681,525,547,1,30,8,"56,5","1315160,87"
2025-05-02,Betim,C,1,Sedan-W,VIN002682,465,460,0,4,20,"65,3","1021633,36"
2025-06-01,Betim,B,1,Hatch-Y,VIN002683,524,507,14,40,15,"119,5","1124131,01"
2025-06-24,Betim,D,1,SUV-X,VIN002684,605,578,13,13,11,"18,5","1771928,04"
2025-04-07,Porto Real,A,3,SUV-X,VIN002685,522,519,1,36,15,"56,6","1083313,56"
2025-02-12,Goiana,D,2,SUV-X,VIN002686,529,569,7,49,19,"5,4","954602,9"
2025-03-29,Goiana,C,2,SUV-X,VIN002687,645,620,8,29,10,"45,8","1174126,74"
2025-02-18,Goiana,A,2,Sedan-W,VIN002688,600,589,10,77,19,45,"1530491,29"
2025-06-15,Betim,C,3,Hatch-Y,VIN002689,586,617,2,5,15,"20,7","1061005,25"
2025-05-19,Goiana,D,1,Sedan-W,VIN002690,567,600,5,31,17,"86,6","1576008,77"
2025-03-15,Goiana,B,3,Sedan-W,VIN002691,493,527,7,78,20,"23,9","1430821,94"
2025-01-31,Betim,C,3,Sedan-W,VIN002692,551,569,10,14,19,"5,6","1510809,94"
2025-05-28,Goiana,B,3,Pickup-Z,VIN002693,617,633,0,3,14,"76,6","1701675,73"
2025-04-12,Porto Real,D,2,Pickup-Z,VIN002694,461,501,15,66,8,"19,1","1041575,3"
2025-05-21,Goiana,B,3,Hatch-Y,VIN002695,508,494,5,42,16,"116,7","959566,09"
2025-02-20,Porto Real,B,2,Pickup-Z,VIN002696,566,588,4,38,11,"107,8","1576785,07"
2025-04-14,Porto Real,D,3,SUV-X,VIN002697,549,541,13,42,8,"9,4","1042005,01"
2025-03-05,Betim,C,1,SUV-X,VIN002698,587,577,8,49,8,"54,6","1295222,54"
2025-01-24,Betim,C,2,Pickup-Z,VIN002699,595,611,8,56,20,"48,2","1496054,27"
2025-06-27,Porto Real,B,1,Hatch-Y,VIN002700,567,577,1,52,10,"54,8","1765632,62"
2025-01-31,Porto Real,A,3,SUV-X,VIN002701,474,486,8,36,19,"50,2","902237,02"
2025-03-19,Goiana,D,1,Hatch-Y,VIN002702,404,442,7,90,11,"93,3","1259319,31"
2025-03-13,Porto Real,B,1,Sedan-W,VIN002703,603,641,4,20,11,59,"1909820,37"
2025-04-19,Goiana,D,3,Sedan-W,VIN002704,510,547,4,41,10,"52,2","1453352,1"
2025-06-16,Goiana,D,1,Hatch-Y,VIN002705,420,445,6,27,12,"77,8","1341882,59"
2025-05-13,Porto Real,D,2,Sedan-W,VIN002706,495,469,10,9,19,"98,4","1293623,91"
2025-02-04,Porto Real,B,3,Sedan-W,VIN002707,470,484,7,20,14,"45,6","1405645,87"
2025-02-04,Porto Real,B,2,Sedan-W,VIN002708,531,551,5,60,19,"104,3",1499973
2025-01-19,Porto Real,D,2,Hatch-Y,VIN002709,557,525,8,15,9,"26,2","1334907,69"
2025-03-02,Goiana,A,2,SUV-X,VIN002710,406,430,11,43,14,"60,9","1005935,95"
2025-04-03,Porto Real,D,3,Hatch-Y,VIN002711,622,593,2,78,15,"70,6","1762494,83"
2025-03-09,Goiana,B,2,Sedan-W,VIN002712,603,614,0,42,18,"31,2","1873024,16"
2025-05-30,Goiana,D,1,SUV-X,VIN002713,455,427,14,82,10,"42,6","1171589,7"
2025-02-08,Porto Real,C,3,Hatch-Y,VIN002714,470,438,15,25,15,"26,6","995264,56"
2025-03-19,Betim,A,3,Sedan-W,VIN002715,563,542,14,31,19,"10,4","1663117,01"
2025-02-10,Betim,B,2,Hatch-Y,VIN002716,438,478,6,26,20,"83,7","974594,54"
2025-06-07,Porto Real,C,3,SUV-X,VIN002717,514,489,13,11,20,"34,1","1060392,61"
2025-02-07,Porto Real,D,2,Sedan-W,VIN002718,430,470,4,78,13,"64,3","1101863,84"
2025-03-21,Goiana,B,2,Hatch-Y,VIN002719,411,446,6,23,18,106,"1257429,78"
2025-02-21,Goiana,A,1,Hatch-Y,VIN002720,598,602,5,41,18,"116,6","1206384,27"
2025-02-06,Betim,C,3,Hatch-Y,VIN002721,551,581,8,89,19,"114,4","1364862,08"
2025-05-14,Betim,A,1,Sedan-W,VIN002722,535,550,15,41,17,"51,8","1675709,39"
2025-02-19,Betim,D,2,Pickup-Z,VIN002723,492,488,2,55,17,"66,9","1522317,21"
2025-03-30,Goiana,B,2,Pickup-Z,VIN002724,498,486,5,85,19,96,"931186,77"
2025-04-15,Betim,D,2,SUV-X,VIN002725,481,473,15,16,16,"58,6","1352443,37"
2025-05-20,Porto Real,C,1,Hatch-Y,VIN002726,485,504,2,24,12,"111,8","1128950,05"
2025-03-31,Betim,D,2,SUV-X,VIN002727,488,481,9,66,15,"52,8","1107220,61"
2025-05-19,Betim,B,2,Sedan-W,VIN002728,437,476,1,9,17,120,"828633,21"
2025-06-05,Goiana,C,1,Pickup-Z,VIN002729,581,578,10,6,9,"50,9","1514666,46"
2025-06-17,Porto Real,B,1,Sedan-W,VIN002730,497,476,13,9,16,"23,7","1205939,71"
2025-01-25,Goiana,D,3,Pickup-Z,VIN002731,556,541,15,1,18,"103,6","1374629,67"
2025-03-15,Goiana,C,2,Pickup-Z,VIN002732,620,643,1,85,9,"107,7","1583145,07"
2025-04-01,Betim,A,2,Sedan-W,VIN002733,439,449,1,28,14,"112,2","984316,32"
2025-06-01,Porto Real,B,1,Pickup-Z,VIN002734,415,442,2,17,9,"107,8","1326790,72"
2025-06-18,Porto Real,B,2,Pickup-Z,VIN002735,604,588,5,61,19,"60,3","1777724,82"
2025-05-19,Goiana,A,3,Hatch-Y,VIN002736,501,522,3,16,16,"22,2","1278651,96"
2025-05-11,Betim,C,3,Pickup-Z,VIN002737,449,459,0,9,20,"99,4","966259,77"
2025-03-16,Porto Real,C,3,Sedan-W,VIN002738,427,420,7,17,14,"35,2","1072748,14"
2025-04-19,Porto Real,D,1,Hatch-Y,VIN002739,526,543,0,0,14,"7,6","1531945,48"
2025-03-24,Porto Real,D,2,Hatch-Y,VIN002740,497,500,6,38,8,"65,3","930556,69"
2025-04-09,Goiana,D,1,Hatch-Y,VIN002741,618,584,12,85,16,"90,6","1773403,12"
2025-04-10,Betim,B,1,Hatch-Y,VIN002742,519,538,8,82,16,"57,4","1173710,52"
2025-06-22,Porto Real,B,1,SUV-X,VIN002743,638,603,13,74,20,"63,4","1493429,78"
2025-03-03,Porto Real,C,3,Sedan-W,VIN002744,503,513,6,53,10,"80,1","1451535,99"
2025-03-29,Goiana,B,1,Pickup-Z,VIN002745,503,539,11,79,13,"97,1","1335316,9"
2025-01-04,Betim,C,1,Pickup-Z,VIN002746,429,459,15,27,10,"39,4","850829,93"
2025-06-05,Betim,A,3,Sedan-W,VIN002747,472,453,2,2,18,"14,8","1357177,67"
2025-05-26,Porto Real,D,2,Sedan-W,VIN002748,455,488,8,69,15,"43,5","1209786,9"
2025-03-08,Porto Real,A,3,Hatch-Y,VIN002749,531,553,8,29,20,"31,6","1149221,44"
2025-03-23,Porto Real,B,1,Sedan-W,VIN002750,427,430,4,87,20,37,"907072,68"
2025-06-13,Goiana,A,3,Sedan-W,VIN002751,473,442,6,35,11,"46,6","1082543,17"
2025-04-02,Porto Real,D,1,SUV-X,VIN002752,648,637,15,0,12,48,"1680051,15"
2025-06-01,Goiana,D,3,Pickup-Z,VIN002753,516,541,13,45,8,"114,5","983248,57"
2025-01-29,Goiana,D,3,SUV-X,VIN002754,454,492,9,30,20,82,"1445813,39"
2025-01-07,Betim,D,2,Pickup-Z,VIN002755,429,421,3,46,16,"104,8","1328446,03"
2025-03-24,Porto Real,D,3,SUV-X,VIN002756,626,629,3,27,14,"92,3","1660317,84"
2025-02-18,Goiana,C,1,Pickup-Z,VIN002757,453,426,3,58,19,"77,5","1360089,41"
2025-05-20,Betim,D,1,SUV-X,VIN002758,556,541,10,63,17,"75,5","1648478,27"
2025-04-07,Porto Real,C,3,Pickup-Z,VIN002759,533,542,11,70,14,"9,9","1140780,61"
2025-05-03,Goiana,D,3,Pickup-Z,VIN002760,495,497,11,22,12,"31,5","1131278,27"
2025-01-30,Betim,D,3,Pickup-Z,VIN002761,527,560,7,5,12,"64,5","1021064,52"
2025-04-04,Goiana,B,1,Pickup-Z,VIN002762,575,570,1,12,13,"78,9","1588675,4"
2025-03-11,Porto Real,C,3,Hatch-Y,VIN002763,573,563,10,45,13,"68,6","1559424,01"
2025-03-15,Goiana,B,1,Sedan-W,VIN002764,609,604,3,61,9,"93,2","1905635,76"
2025-04-06,Betim,A,1,SUV-X,VIN002765,641,619,6,7,11,"73,7","1782498,94"
2025-05-10,Porto Real,A,1,Hatch-Y,VIN002766,577,570,14,39,8,"72,7","1120799,64"
2025-02-26,Porto Real,A,1,Pickup-Z,VIN002767,566,588,15,72,9,18,"1281852,81"
2025-02-14,Betim,C,1,Pickup-Z,VIN002768,524,508,3,83,17,"26,2","1372859,82"
2025-01-20,Betim,D,1,Pickup-Z,VIN002769,512,514,10,89,15,"15,7","1501094,64"
2025-06-28,Betim,A,3,SUV-X,VIN002770,400,422,2,53,15,"57,7","1219080,6"
2025-06-02,Porto Real,A,3,Sedan-W,VIN002771,566,605,8,84,11,"119,3","1380627,57"
2025-04-15,Goiana,B,2,Hatch-Y,VIN002772,469,469,2,72,14,"41,2","930085,08"
2025-06-28,Goiana,B,2,Sedan-W,VIN002773,498,512,6,32,16,"87,8","1572773,8"
2025-01-12,Goiana,A,1,SUV-X,VIN002774,481,482,3,80,19,"68,9","1389154,93"
2025-04-27,Porto Real,D,1,Hatch-Y,VIN002775,597,634,14,66,9,"25,4","1292201,81"
2025-02-19,Betim,A,1,SUV-X,VIN002776,615,641,12,78,12,"25,9","1299247,09"
2025-06-05,Porto Real,C,2,Pickup-Z,VIN002777,548,513,11,84,20,"71,2","1433972,68"
2025-02-12,Betim,D,3,Pickup-Z,VIN002778,519,504,0,7,11,"55,2","1200965,94"
2025-03-04,Goiana,A,1,Hatch-Y,VIN002779,653,637,14,2,14,8,"1766890,95"
2025-03-01,Porto Real,C,2,SUV-X,VIN002780,406,425,15,39,14,"106,1","884992,53"
2025-05-17,Goiana,A,1,SUV-X,VIN002781,575,613,4,5,11,"32,7","1706712,14"
2025-04-25,Porto Real,C,1,Sedan-W,VIN002782,544,513,5,73,18,"33,3","1634966,87"
2025-03-23,Porto Real,A,3,SUV-X,VIN002783,585,552,7,63,17,"89,8","1284068,56"
2025-05-02,Goiana,C,1,Sedan-W,VIN002784,567,570,0,85,9,"48,2","1725556,6"
2025-04-03,Porto Real,A,3,Hatch-Y,VIN002785,436,433,7,35,16,32,"1344987,86"
2025-03-18,Betim,C,2,Sedan-W,VIN002786,531,506,3,57,10,"37,2","1361867,96"
2025-03-13,Goiana,B,1,Pickup-Z,VIN002787,576,565,2,71,19,"93,8","1763559,36"
2025-06-03,Betim,C,2,Hatch-Y,VIN002788,626,596,5,86,11,"118,9","1855717,04"
2025-02-15,Betim,D,3,SUV-X,VIN002789,575,590,0,23,9,"63,8","1562486,88"
2025-05-08,Porto Real,D,3,Pickup-Z,VIN002790,509,519,5,6,9,103,"1515534,23"
2025-03-06,Goiana,B,1,SUV-X,VIN002791,454,468,2,44,16,"77,3","1447126,67"
2025-04-30,Porto Real,C,3,Hatch-Y,VIN002792,548,544,12,74,9,45,"1065200,23"
2025-06-23,Goiana,C,2,SUV-X,VIN002793,570,547,14,48,17,"10,1","1535566,87"
2025-03-18,Porto Real,C,2,SUV-X,VIN002794,440,453,5,19,10,"9,1","1048020,08"
2025-01-18,Goiana,C,1,Hatch-Y,VIN002795,413,442,4,6,14,"12,5","930450,15"
2025-05-07,Porto Real,A,3,Hatch-Y,VIN002796,577,574,11,8,8,"113,3","1785344,93"
2025-01-08,Betim,C,3,Hatch-Y,VIN002797,662,642,10,84,14,"9,5","1756621,03"
2025-03-03,Porto Real,C,3,Pickup-Z,VIN002798,682,648,2,7,9,"60,2","1403544,38"
2025-04-18,Betim,A,1,Sedan-W,VIN002799,491,463,13,13,11,55,"1569262,01"
2025-02-10,Goiana,D,2,Pickup-Z,VIN002800,450,469,1,27,9,"80,2","1041956,24"
2025-03-04,Goiana,B,1,Hatch-Y,VIN002801,536,564,3,82,17,"116,3","1281001,33"
2025-01-21,Porto Real,C,1,Sedan-W,VIN002802,480,489,15,58,10,37,"1334275,78"
2025-05-22,Porto Real,D,2,Pickup-Z,VIN002803,445,450,12,24,11,"30,6","1274307,24"
2025-03-29,Betim,B,3,Sedan-W,VIN002804,594,577,8,18,19,"22,2","1121631,21"
2025-01-07,Porto Real,C,2,Hatch-Y,VIN002805,582,601,14,14,15,"48,5","1563308,56"
2025-05-11,Goiana,D,2,Sedan-W,VIN002806,523,505,11,29,18,"7,4","1577375,94"
2025-02-10,Betim,A,2,Sedan-W,VIN002807,513,498,5,39,15,"47,5","1487451,3"
2025-05-01,Porto Real,D,1,Pickup-Z,VIN002808,544,520,8,86,17,"15,4","1005061,54"
2025-03-24,Betim,B,2,SUV-X,VIN002809,508,505,15,45,14,"84,3","1019385,45"
2025-04-09,Betim,C,3,Pickup-Z,VIN002810,564,575,13,57,16,"43,5","1379829,77"
2025-04-05,Betim,C,1,Hatch-Y,VIN002811,538,539,4,57,9,"114,8","1547581,59"
2025-01-16,Betim,C,3,Pickup-Z,VIN002812,545,557,5,55,9,"14,3","1330002,27"
2025-03-19,Betim,C,3,Sedan-W,VIN002813,439,475,7,31,10,"96,1","1105636,3"
2025-04-23,Porto Real,A,2,Pickup-Z,VIN002814,528,511,0,23,11,"89,5","1025088,79"
2025-02-28,Goiana,A,3,Sedan-W,VIN002815,527,537,13,53,11,"94,7","968284,09"
2025-01-30,Porto Real,C,2,Pickup-Z,VIN002816,646,640,8,1,10,100,"1330036,44"
2025-03-13,Betim,C,3,Sedan-W,VIN002817,654,628,3,62,19,"14,2","1844550,45"
2025-01-13,Porto Real,B,2,Pickup-Z,VIN002818,435,424,13,18,13,"55,9","1171913,54"
2025-02-24,Betim,C,3,Pickup-Z,VIN002819,567,545,15,51,20,"50,8","1688486,97"
2025-04-06,Betim,D,1,Hatch-Y,VIN002820,518,504,11,46,13,"59,6","1024278,28"
2025-02-08,Goiana,A,1,Hatch-Y,VIN002821,644,646,5,24,20,"47,4","1529118,33"
2025-06-26,Betim,D,1,Sedan-W,VIN002822,459,488,14,76,12,"49,5","992504,87"
2025-04-29,Goiana,D,1,SUV-X,VIN002823,488,499,2,21,18,"68,6","1532246,75"
2025-03-17,Goiana,C,1,Sedan-W,VIN002824,656,630,13,14,20,"15,9","1803319,26"
2025-06-18,Betim,B,1,Sedan-W,VIN002825,494,477,1,80,12,"60,8","1367808,33"
2025-02-25,Betim,C,2,SUV-X,VIN002826,608,646,5,57,11,"112,6","1153825,22"
2025-06-14,Porto Real,D,3,Sedan-W,VIN002827,602,598,5,35,13,58,"1357761,18"
2025-04-04,Betim,D,1,Pickup-Z,VIN002828,592,624,3,73,14,"20,4","1362355,8"
2025-04-07,Porto Real,C,1,Pickup-Z,VIN002829,521,520,13,70,18,24,"1238960,33"
2025-03-26,Betim,D,1,Pickup-Z,VIN002830,655,635,15,83,16,"9,4","1479312,62"
2025-06-13,Goiana,B,1,Sedan-W,VIN002831,566,558,13,20,16,"65,6","1697046,33"
2025-06-28,Betim,B,2,Sedan-W,VIN002832,638,639,4,23,11,"29,8",1421393
2025-05-14,Goiana,B,1,Pickup-Z,VIN002833,563,544,14,63,10,"15,8","1498580,09"
2025-03-10,Porto Real,A,2,Hatch-Y,VIN002834,596,618,2,0,8,"75,1","1478727,83"
2025-04-11,Betim,A,2,Hatch-Y,VIN002835,634,622,2,21,17,"43,1","1684864,73"
2025-01-28,Goiana,C,3,Pickup-Z,VIN002836,659,626,3,32,14,"39,8","1754502,22"
2025-05-01,Porto Real,C,3,Hatch-Y,VIN002837,494,517,11,33,11,96,"1181078,59"
2025-05-15,Betim,A,2,Hatch-Y,VIN002838,494,496,11,20,20,"76,2","1441705,78"
2025-06-25,Goiana,C,1,Hatch-Y,VIN002839,533,506,14,18,12,"99,9","1293859,56"
2025-01-19,Goiana,C,2,SUV-X,VIN002840,446,467,11,40,20,"81,6","1209326,02"
2025-05-01,Goiana,C,1,Hatch-Y,VIN002841,422,442,7,26,12,"87,9","1023679,52"
2025-03-06,Porto Real,A,3,Pickup-Z,VIN002842,542,575,0,64,20,"36,6","1612203,97"
2025-01-25,Porto Real,B,3,SUV-X,VIN002843,616,587,15,11,17,"85,1","1628763,38"
2025-05-25,Goiana,D,3,Hatch-Y,VIN002844,599,617,3,2,13,58,"1605830,35"
2025-06-26,Porto Real,A,3,Hatch-Y,VIN002845,444,425,0,31,9,"76,8","967707,12"
2025-05-29,Goiana,C,1,Hatch-Y,VIN002846,638,607,11,34,14,"37,4","2004710,48"
2025-02-21,Porto Real,D,1,Hatch-Y,VIN002847,522,539,14,82,14,"85,9","1549134,06"
2025-05-28,Goiana,B,3,Hatch-Y,VIN002848,433,431,11,56,16,"77,4","911164,18"
2025-03-25,Betim,D,2,Hatch-Y,VIN002849,649,644,4,32,14,"28,2","1428747,26"
2025-02-01,Betim,B,2,SUV-X,VIN002850,546,560,6,24,15,"49,9","1488970,83"
2025-06-22,Porto Real,A,2,Pickup-Z,VIN002851,450,431,12,12,10,"84,4","1319617,32"
2025-01-10,Porto Real,C,1,SUV-X,VIN002852,495,509,3,10,15,"28,7","1108406,23"
2025-03-06,Betim,B,1,Sedan-W,VIN002853,517,513,8,50,15,"64,2","1620702,53"
2025-02-17,Betim,D,3,Hatch-Y,VIN002854,638,645,8,54,17,"16,2","1932939,5"
2025-03-14,Porto Real,D,3,Pickup-Z,VIN002855,536,557,2,79,15,15,"1558872,94"
2025-05-29,Goiana,C,3,Sedan-W,VIN002856,482,507,2,31,18,"18,5","1254999,48"
2025-02-28,Porto Real,C,3,Pickup-Z,VIN002857,648,629,13,78,10,"5,8","1250937,81"
2025-01-21,Goiana,A,3,SUV-X,VIN002858,641,648,10,30,14,"56,8","1555149,73"
2025-04-06,Betim,B,3,Hatch-Y,VIN002859,522,539,7,60,16,"70,4","1054260,69"
2025-01-17,Goiana,A,2,SUV-X,VIN002860,483,498,2,86,13,"11,1","879216,66"
2025-01-09,Goiana,C,3,Pickup-Z,VIN002861,556,554,6,1,12,"119,9","1694178,25"
2025-03-25,Goiana,A,1,Pickup-Z,VIN002862,499,498,14,21,19,"48,4","1023055,21"
2025-04-07,Porto Real,C,1,Pickup-Z,VIN002863,564,571,6,28,13,"8,5","1359557,33"
2025-06-11,Betim,D,1,SUV-X,VIN002864,567,534,11,19,8,66,"1585280,47"
2025-06-20,Betim,D,1,Pickup-Z,VIN002865,639,642,13,75,11,28,"1248010,63"
2025-05-10,Goiana,D,1,Sedan-W,VIN002866,531,524,13,62,10,"100,6","1369041,11"
2025-04-21,Betim,B,3,Hatch-Y,VIN002867,583,607,11,38,11,"85,2","1720444,45"
2025-03-14,Betim,B,2,Sedan-W,VIN002868,472,487,12,56,10,39,"1472548,93"
2025-05-04,Porto Real,C,2,Hatch-Y,VIN002869,414,420,15,20,17,"53,8","943984,86"
2025-03-10,Goiana,D,2,SUV-X,VIN002870,621,621,3,38,12,"85,3","1769003,91"
2025-03-25,Goiana,D,3,Pickup-Z,VIN002871,449,441,10,34,20,"72,5","972526,13"
2025-04-22,Goiana,D,2,SUV-X,VIN002872,422,458,2,26,19,"7,5",1162852
2025-06-23,Porto Real,B,2,Hatch-Y,VIN002873,592,602,11,69,10,"25,9","1419098,49"
2025-03-05,Porto Real,D,3,Pickup-Z,VIN002874,639,607,14,9,17,"80,3","1280944,93"
2025-02-26,Betim,A,1,Hatch-Y,VIN002875,425,454,5,17,12,"5,4","1257289,47"
2025-01-04,Betim,A,2,Sedan-W,VIN002876,630,599,4,47,12,"20,6","1661163,37"
2025-05-23,Porto Real,B,1,Sedan-W,VIN002877,496,528,3,10,11,"79,8","1144058,61"
2025-04-13,Porto Real,A,2,Hatch-Y,VIN002878,422,454,0,87,8,"42,6","1206142,44"
2025-03-08,Goiana,A,2,Sedan-W,VIN002879,445,446,4,40,10,"30,9","901674,41"
2025-05-19,Porto Real,A,2,SUV-X,VIN002880,425,455,6,21,16,"49,5","835128,05"
2025-03-23,Porto Real,B,2,Pickup-Z,VIN002881,562,552,11,9,19,"65,8","1405131,32"
2025-02-22,Betim,C,1,Hatch-Y,VIN002882,486,457,3,27,9,"10,1","1150434,05"
2025-01-11,Goiana,B,2,SUV-X,VIN002883,477,463,0,43,14,"80,9","990147,26"
2025-02-04,Porto Real,D,3,SUV-X,VIN002884,626,619,4,4,18,"85,1","1558713,14"
2025-03-17,Betim,B,2,Hatch-Y,VIN002885,483,489,8,42,13,60,"905627,51"
2025-06-05,Betim,C,2,Pickup-Z,VIN002886,637,636,2,83,10,"60,7","1560462,84"
2025-03-21,Betim,D,1,Hatch-Y,VIN002887,612,624,2,44,8,"102,4","1374963,4"
2025-03-04,Porto Real,B,3,Sedan-W,VIN002888,464,436,6,12,12,"116,5","1033968,45"
2025-05-01,Goiana,D,2,Sedan-W,VIN002889,556,566,11,67,10,"97,3","1222917,15"
2025-05-02,Goiana,A,1,Sedan-W,VIN002890,454,468,2,89,9,"25,4","930461,34"
2025-04-27,Goiana,C,2,Hatch-Y,VIN002891,671,640,6,16,18,102,"2072401,22"
2025-03-09,Porto Real,A,1,SUV-X,VIN002892,505,534,1,19,17,"60,1","990175,02"
2025-05-13,Goiana,B,1,Sedan-W,VIN002893,498,530,5,29,18,68,"1240842,33"
2025-03-31,Goiana,B,1,Sedan-W,VIN002894,502,469,2,78,16,"67,2","1269446,79"
2025-02-07,Porto Real,A,2,Hatch-Y,VIN002895,579,572,1,75,12,"40,8","1215705,27"
2025-06-07,Goiana,A,2,Hatch-Y,VIN002896,444,472,8,8,8,28,"1106604,26"
2025-01-08,Porto Real,D,1,SUV-X,VIN002897,562,551,13,76,9,"9,4","1745742,02"
2025-04-07,Betim,C,1,SUV-X,VIN002898,587,608,13,62,20,"17,1","1846916,21"
2025-05-26,Goiana,A,2,Hatch-Y,VIN002899,485,456,6,83,17,"44,4","1346547,05"
2025-02-25,Goiana,D,1,Hatch-Y,VIN002900,579,601,15,74,13,"51,3","1794826,37"
2025-03-09,Betim,A,3,SUV-X,VIN002901,514,531,0,59,8,78,"1636194,73"
2025-05-05,Goiana,D,2,Sedan-W,VIN002902,503,475,11,41,17,"79,1","1419335,49"
2025-05-05,Goiana,B,3,SUV-X,VIN002903,458,445,9,51,19,"112,6","1081598,59"
2025-01-27,Goiana,A,2,Sedan-W,VIN002904,589,607,15,85,19,"34,1","1153314,11"
2025-01-12,Porto Real,A,2,Sedan-W,VIN002905,447,434,11,3,14,"33,8","1266866,84"
2025-03-22,Goiana,D,1,SUV-X,VIN002906,462,472,10,39,17,"92,4","1409647,69"
2025-01-05,Porto Real,B,3,Hatch-Y,VIN002907,498,503,4,47,18,"38,2","1309056,44"
2025-06-15,Betim,C,3,Pickup-Z,VIN002908,439,425,3,65,20,"48,9","1294673,2"
2025-01-14,Betim,A,1,SUV-X,VIN002909,604,636,6,48,17,"102,6","1401870,14"
2025-02-03,Goiana,D,1,Pickup-Z,VIN002910,605,595,14,58,10,"75,6","1463811,18"
2025-04-27,Porto Real,D,3,Sedan-W,VIN002911,595,628,10,63,18,"74,2","1798025,48"
2025-02-18,Porto Real,A,2,Sedan-W,VIN002912,648,648,2,40,17,"67,4","1307781,18"
2025-01-18,Porto Real,D,1,Hatch-Y,VIN002913,502,509,5,2,19,"12,6","1003981,05"
2025-02-23,Goiana,C,1,Hatch-Y,VIN002914,455,429,11,13,13,"96,5","1105651,59"
2025-05-22,Betim,A,3,Pickup-Z,VIN002915,583,548,14,41,13,"74,2","1770946,25"
2025-06-08,Goiana,D,2,Hatch-Y,VIN002916,442,441,3,35,15,"99,1","1142653,44"
2025-04-28,Goiana,B,1,Sedan-W,VIN002917,635,635,2,51,15,"49,1","1284164,44"
2025-02-08,Betim,A,1,SUV-X,VIN002918,399,438,5,77,15,"64,9","1244938,79"
2025-05-15,Porto Real,B,3,Sedan-W,VIN002919,538,538,4,29,18,"58,3","1042353,32"
2025-06-03,Porto Real,A,1,Pickup-Z,VIN002920,660,646,1,54,10,"7,8","1843711,92"
2025-03-10,Porto Real,A,1,SUV-X,VIN002921,520,542,11,11,13,"82,1","1602888,67"
2025-05-29,Porto Real,D,1,SUV-X,VIN002922,532,500,3,54,11,"72,7","1394268,91"
2025-03-05,Goiana,A,3,Hatch-Y,VIN002923,594,581,1,35,20,"90,8","1166631,78"
2025-04-21,Betim,C,2,Pickup-Z,VIN002924,546,522,13,19,20,"105,1","1388454,23"
2025-04-14,Porto Real,C,2,Pickup-Z,VIN002925,465,430,0,18,20,49,"1479698,1"
2025-04-03,Betim,B,2,Sedan-W,VIN002926,488,505,1,37,9,"58,4","996124,02"
2025-06-11,Betim,B,1,Hatch-Y,VIN002927,585,584,6,3,19,27,"1643440,8"
2025-06-11,Goiana,A,3,Pickup-Z,VIN002928,631,639,3,26,18,39,"1539317,82"
2025-03-01,Betim,B,3,Sedan-W,VIN002929,454,451,0,4,17,"74,8","1283985,99"
2025-04-06,Goiana,A,1,SUV-X,VIN002930,511,542,11,17,20,"116,7","1152307,17"
2025-03-15,Betim,A,2,SUV-X,VIN002931,493,463,10,24,8,"68,5","1129754,27"
2025-02-04,Goiana,C,2,SUV-X,VIN002932,541,534,2,44,18,"42,7","1251828,58"
2025-05-04,Goiana,D,2,SUV-X,VIN002933,578,584,4,4,8,53,"1564664,03"
2025-03-28,Porto Real,D,1,SUV-X,VIN002934,480,518,7,12,13,"89,5","1420474,2"
2025-04-04,Porto Real,D,1,Pickup-Z,VIN002935,497,486,1,22,12,"11,1","1290243,27"
2025-02-28,Betim,D,1,Hatch-Y,VIN002936,427,435,12,52,15,"117,6","1104582,23"
2025-03-05,Goiana,A,3,Sedan-W,VIN002937,626,620,1,40,20,"43,1","1274446,07"
2025-02-19,Porto Real,B,2,Hatch-Y,VIN002938,666,643,8,16,14,"78,5","1623025,48"
2025-05-12,Porto Real,A,3,Sedan-W,VIN002939,566,590,9,12,20,"42,3","1795687,31"
2025-01-31,Goiana,C,3,SUV-X,VIN002940,587,614,5,23,18,"74,5","1876900,98"
2025-03-26,Betim,A,1,Pickup-Z,VIN002941,586,563,11,26,16,"16,2","1415529,92"
2025-04-26,Goiana,D,2,SUV-X,VIN002942,483,477,8,87,10,"46,2","1479646,55"
2025-04-28,Betim,D,1,SUV-X,VIN002943,442,421,11,88,17,"82,3","1388703,77"
2025-05-26,Porto Real,D,1,Hatch-Y,VIN002944,484,456,6,26,15,43,"1327888,93"
2025-02-26,Porto Real,B,2,Pickup-Z,VIN002945,449,463,6,65,17,"81,9","1379655,92"
2025-02-17,Betim,C,3,SUV-X,VIN002946,553,530,15,71,14,"99,4","1189335,54"
2025-03-13,Porto Real,D,2,Pickup-Z,VIN002947,553,593,11,19,17,"63,9","1189400,05"
2025-04-14,Goiana,B,3,Pickup-Z,VIN002948,584,623,12,43,16,"50,4","1163382,82"
2025-03-14,Betim,C,1,SUV-X,VIN002949,653,623,11,56,10,"11,8","2072066,83"
2025-01-10,Porto Real,D,1,Sedan-W,VIN002950,512,503,10,61,9,"39,8","1215488,98"
2025-01-17,Goiana,B,2,SUV-X,VIN002951,392,429,11,60,9,"116,3","917683,73"
2025-01-22,Porto Real,D,2,Sedan-W,VIN002952,607,618,12,5,20,"32,6","1523874,44"
2025-05-26,Goiana,D,1,Sedan-W,VIN002953,433,450,11,21,16,"83,5","954872,84"
2025-06-20,Betim,D,1,Sedan-W,VIN002954,409,435,8,76,13,"34,6","1017868,17"
2025-03-11,Betim,A,2,Pickup-Z,VIN002955,504,528,4,3,19,74,"1379292,74"
2025-01-22,Betim,A,3,Pickup-Z,VIN002956,517,488,10,4,19,"86,2","954646,5"
2025-03-30,Betim,A,1,Sedan-W,VIN002957,642,644,15,39,18,"115,4",1879764
2025-06-21,Goiana,D,3,SUV-X,VIN002958,555,532,4,77,11,"105,2","1341139,59"
2025-06-07,Goiana,B,3,Pickup-Z,VIN002959,451,441,3,38,19,"72,2","1052103,77"
2025-03-25,Goiana,C,2,Pickup-Z,VIN002960,521,535,6,27,13,"113,2","1282233,84"
2025-02-24,Porto Real,D,1,Hatch-Y,VIN002961,493,513,3,5,13,102,"1368273,39"
2025-01-08,Goiana,B,2,Pickup-Z,VIN002962,459,428,1,25,11,"35,1","1236329,94"
2025-03-02,Porto Real,B,1,Sedan-W,VIN002963,517,554,0,41,12,"55,1","1528505,6"
2025-04-25,Goiana,B,1,Pickup-Z,VIN002964,586,575,4,83,15,"97,9","1569646,46"
2025-04-28,Porto Real,D,3,Hatch-Y,VIN002965,446,449,4,90,12,"104,7","1119465,91"
2025-05-13,Goiana,A,2,Hatch-Y,VIN002966,477,478,2,64,13,"39,3","1254801,56"
2025-03-06,Porto Real,C,2,SUV-X,VIN002967,449,451,6,72,17,"41,6","1000286,09"
2025-06-16,Betim,C,2,Hatch-Y,VIN002968,635,640,15,35,11,"54,6","1488518,19"
2025-01-22,Porto Real,B,2,Hatch-Y,VIN002969,521,489,9,55,20,24,"1511482,43"
2025-06-12,Betim,C,1,Sedan-W,VIN002970,557,565,14,11,9,69,"1591767,3"
2025-04-06,Betim,B,1,Pickup-Z,VIN002971,454,470,10,33,11,"119,2","1307537,99"
2025-03-08,Porto Real,D,2,Pickup-Z,VIN002972,632,600,7,20,9,"8,8","1214450,04"
2025-04-23,Betim,D,2,Sedan-W,VIN002973,649,645,2,83,14,"71,3","1665168,62"
2025-04-21,Porto Real,C,1,SUV-X,VIN002974,451,428,2,51,13,"35,8","1232694,55"
2025-05-03,Goiana,B,3,SUV-X,VIN002975,629,619,6,9,10,"106,5","1296001,47"
2025-04-23,Goiana,D,3,Sedan-W,VIN002976,455,458,0,18,18,"90,3","1223912,99"
2025-03-03,Porto Real,A,2,Sedan-W,VIN002977,489,457,15,69,15,"108,5","1405528,79"
2025-06-16,Goiana,D,1,SUV-X,VIN002978,666,639,1,86,16,"102,4","1244759,69"
2025-01-03,Porto Real,B,1,Pickup-Z,VIN002979,604,605,13,0,13,"83,5","1523164,17"
2025-04-26,Goiana,D,1,Sedan-W,VIN002980,530,555,6,44,11,"76,8","1442582,92"
2025-04-28,Goiana,D,1,Hatch-Y,VIN002981,481,497,15,43,17,"73,1","1168707,88"
2025-01-09,Betim,B,1,Pickup-Z,VIN002982,475,469,3,60,15,"19,8","1264728,28"
2025-02-28,Goiana,B,1,SUV-X,VIN002983,453,435,1,44,11,23,"1343615,13"
2025-01-08,Betim,C,2,Hatch-Y,VIN002984,590,613,0,78,14,"87,9","1384954,59"
2025-06-20,Betim,A,3,SUV-X,VIN002985,440,445,0,61,11,"7,2","933302,69"
2025-01-11,Betim,D,3,Hatch-Y,VIN002986,555,532,3,11,10,84,"1145496,4"
2025-02-18,Betim,B,2,Sedan-W,VIN002987,558,571,15,61,8,"28,5","1049347,45"
2025-01-17,Porto Real,D,1,Hatch-Y,VIN002988,455,485,4,69,18,73,"1025679,83"
2025-01-26,Porto Real,C,1,SUV-X,VIN002989,609,592,9,5,13,"45,9","1469464,01"
2025-04-02,Goiana,C,1,Hatch-Y,VIN002990,603,610,9,53,11,"53,9","1715231,56"
2025-06-09,Porto Real,A,3,SUV-X,VIN002991,497,507,8,67,20,"118,5","909611,45"
2025-02-05,Betim,D,3,Sedan-W,VIN002992,557,566,11,36,13,"49,4","1717433,35"
2025-03-04,Porto Real,B,1,Hatch-Y,VIN002993,432,439,0,87,12,"40,1","1158530,16"
2025-02-07,Goiana,C,2,SUV-X,VIN002994,460,457,7,78,12,"55,8","919284,81"
2025-03-21,Betim,D,3,Hatch-Y,VIN002995,440,424,7,4,19,"61,9","1021227,79"
2025-05-29,Betim,A,1,Hatch-Y,VIN002996,425,451,14,59,9,"81,2","1191166,21"
2025-03-26,Porto Real,C,2,Pickup-Z,VIN002997,626,616,1,8,18,"29,7","1231905,36"
2025-06-17,Goiana,B,3,Pickup-Z,VIN002998,587,577,8,27,15,"56,7","1704666,55"
2025-06-18,Porto Real,C,3,Pickup-Z,VIN002999,529,566,4,67,13,"30,1","1287392,21"
2025-04-18,Betim,B,3,Hatch-Y,VIN003000,496,462,8,35,10,"83,1","1021430,32"
2025-02-16,Betim,C,2,Hatch-Y,VIN003001,497,533,7,30,19,"19,4","1153583,71"
2025-01-17,Porto Real,A,1,Pickup-Z,VIN003002,405,433,8,44,12,"80,5","753380,81"
2025-03-16,Betim,A,3,Pickup-Z,VIN003003,653,632,6,60,12,"37,1","1507268,21"
2025-04-29,Porto Real,C,2,SUV-X,VIN003004,488,472,4,55,12,"66,6","984617,39"
2025-02-17,Betim,C,2,Pickup-Z,VIN003005,588,578,15,29,17,"119,9","1482525,52"
2025-03-20,Goiana,B,1,Hatch-Y,VIN003006,456,470,14,3,10,"98,4","1359669,34"
2025-02-25,Betim,A,2,Pickup-Z,VIN003007,444,479,14,56,15,"75,6","1072462,26"
2025-03-07,Porto Real,C,1,SUV-X,VIN003008,467,458,10,37,20,"67,7","1286691,09"
2025-02-08,Porto Real,C,2,Sedan-W,VIN003009,634,605,0,40,20,"46,2","1360257,79"
2025-06-15,Goiana,A,3,SUV-X,VIN003010,598,611,0,69,8,96,"1912673,68"
2025-04-30,Porto Real,B,3,SUV-X,VIN003011,529,558,4,20,12,"20,4","1198810,34"
2025-06-28,Porto Real,D,2,Pickup-Z,VIN003012,545,532,2,63,10,"112,5","1663876,97"
2025-04-13,Porto Real,C,2,Hatch-Y,VIN003013,603,569,3,77,10,"72,9","1567415,98"
2025-02-21,Porto Real,A,3,Hatch-Y,VIN003014,411,451,9,2,10,35,"742959,42"
2025-06-28,Betim,C,2,Hatch-Y,VIN003015,628,620,7,71,17,"110,9","1200773,12"
2025-04-06,Goiana,C,3,Sedan-W,VIN003016,471,478,0,34,9,"35,6","1134140,33"
2025-06-16,Porto Real,C,3,Hatch-Y,VIN003017,439,464,8,65,13,"92,9","1074136,65"
2025-06-29,Porto Real,A,3,Hatch-Y,VIN003018,550,545,6,49,9,"15,6","1469877,46"
2025-04-29,Goiana,C,1,SUV-X,VIN003019,526,565,0,37,16,"62,1","1478035,57"
2025-04-04,Goiana,B,3,Hatch-Y,VIN003020,501,522,12,52,12,39,"1292678,29"
2025-05-19,Goiana,A,2,Sedan-W,VIN003021,637,639,9,38,11,"35,4","1912066,96"
2025-01-23,Betim,B,3,Hatch-Y,VIN003022,519,557,6,73,15,"50,5","1655069,05"
2025-06-18,Goiana,A,2,Hatch-Y,VIN003023,658,633,10,27,9,"64,9","1649082,03"
2025-02-12,Porto Real,D,3,SUV-X,VIN003024,452,475,6,74,15,"77,8","1112998,26"
2025-01-08,Porto Real,D,2,Pickup-Z,VIN003025,584,603,0,35,19,"103,3","1676425,75"
2025-01-02,Goiana,B,1,Hatch-Y,VIN003026,521,512,8,23,8,"14,2","1643612,74"
2025-01-30,Porto Real,C,3,SUV-X,VIN003027,491,467,11,83,11,"41,8","990076,29"
2025-01-18,Porto Real,B,3,SUV-X,VIN003028,388,427,4,14,9,"11,1","1153329,58"
2025-02-28,Porto Real,D,3,Hatch-Y,VIN003029,521,554,4,21,10,"23,9","1185001,93"
2025-02-19,Porto Real,A,2,Pickup-Z,VIN003030,630,628,8,81,13,"97,8","1314524,47"
2025-04-07,Goiana,D,1,SUV-X,VIN003031,620,636,1,68,9,"9,6","1662772,73"
2025-02-04,Goiana,A,1,SUV-X,VIN003032,507,523,4,25,14,"56,3","1551505,95"
2025-03-11,Porto Real,B,1,SUV-X,VIN003033,459,482,12,24,14,"31,1","963265,77"
2025-05-17,Goiana,C,2,SUV-X,VIN003034,438,469,6,80,8,"29,5","944105,74"
2025-03-22,Betim,D,2,SUV-X,VIN003035,484,512,3,83,9,"30,1","876697,42"
2025-01-05,Porto Real,A,1,Sedan-W,VIN003036,576,602,15,48,18,93,"1586501,18"
2025-01-12,Porto Real,B,1,Sedan-W,VIN003037,468,456,11,38,13,"108,5","1313763,45"
2025-01-29,Betim,B,1,Pickup-Z,VIN003038,590,572,2,32,16,"31,5","1266068,97"
2025-06-18,Goiana,A,1,Hatch-Y,VIN003039,511,537,8,28,14,"53,9","1301925,81"
2025-03-29,Betim,B,1,SUV-X,VIN003040,557,590,1,17,14,59,"1708686,95"
2025-05-01,Goiana,D,1,Pickup-Z,VIN003041,513,524,3,47,10,"110,1","1392965,37"
2025-01-26,Porto Real,D,3,SUV-X,VIN003042,612,589,8,81,10,"85,9","1314841,3"
2025-04-21,Porto Real,B,1,SUV-X,VIN003043,536,575,6,12,19,"90,7","1529568,67"
2025-03-20,Goiana,D,3,Hatch-Y,VIN003044,572,580,11,53,14,"51,9","1298528,4"
2025-01-22,Porto Real,D,3,SUV-X,VIN003045,465,440,0,16,8,"103,9","1293270,21"
2025-06-10,Porto Real,A,1,Sedan-W,VIN003046,623,643,11,10,13,"97,7","1555791,75"
2025-03-05,Porto Real,C,3,Sedan-W,VIN003047,611,596,12,11,17,"42,8","1782184,45"
2025-04-29,Porto Real,D,1,Pickup-Z,VIN003048,444,480,6,63,17,"62,7","999827,2"
2025-03-03,Goiana,D,2,Pickup-Z,VIN003049,650,630,7,37,9,"82,2","1994868,22"
2025-03-04,Betim,C,1,Pickup-Z,VIN003050,494,500,0,32,11,89,"1111882,28"
2025-06-29,Betim,B,3,Pickup-Z,VIN003051,526,542,14,67,18,"12,9","1188501,47"
2025-05-23,Goiana,C,2,SUV-X,VIN003052,538,516,10,5,20,"15,2","1641456,6"
2025-01-14,Porto Real,B,3,Pickup-Z,VIN003053,640,638,13,82,19,"98,4","1353882,59"
2025-03-29,Porto Real,D,1,SUV-X,VIN003054,520,488,12,49,17,"22,2","1215435,79"
2025-03-11,Betim,A,3,Pickup-Z,VIN003055,493,520,15,59,14,"7,8","1435247,01"
2025-03-27,Betim,C,2,SUV-X,VIN003056,546,529,14,56,8,"9,6","1298596,63"
2025-02-18,Betim,A,1,Hatch-Y,VIN003057,605,580,7,36,12,"45,5","1196239,17"
2025-02-07,Goiana,D,3,Hatch-Y,VIN003058,461,473,15,11,14,"20,2","837771,77"
2025-03-09,Betim,C,1,SUV-X,VIN003059,488,460,8,51,11,"85,7","1251380,34"
2025-02-14,Betim,B,3,SUV-X,VIN003060,497,475,13,51,10,"7,2","1573505,12"
2025-01-01,Goiana,C,1,Pickup-Z,VIN003061,422,452,14,63,11,"13,8","927520,38"
2025-06-06,Goiana,A,3,SUV-X,VIN003062,661,647,12,88,14,"10,7","1467202,26"
2025-03-19,Betim,D,3,SUV-X,VIN003063,636,604,14,12,20,"111,2","1588225,46"
2025-06-01,Betim,A,3,Pickup-Z,VIN003064,457,451,0,58,18,"78,3","1142403,79"
2025-03-11,Betim,C,1,Sedan-W,VIN003065,675,650,8,30,9,"49,1","1745934,44"
2025-01-08,Porto Real,D,1,Pickup-Z,VIN003066,600,607,10,76,11,"91,9","1431057,23"
2025-06-01,Goiana,B,2,Sedan-W,VIN003067,522,517,2,21,13,"42,2","1039936,46"
2025-06-09,Porto Real,D,3,Pickup-Z,VIN003068,538,577,11,11,13,"25,2","1164032,38"
2025-01-13,Porto Real,C,3,Hatch-Y,VIN003069,591,570,3,38,18,"13,4","1143497,61"
2025-05-27,Betim,A,2,Hatch-Y,VIN003070,469,473,11,64,9,"20,2","1174993,07"
2025-04-29,Betim,A,2,SUV-X,VIN003071,432,438,7,24,20,62,"837039,73"
2025-06-08,Goiana,B,2,Sedan-W,VIN003072,410,442,1,50,12,"49,4",900704
2025-03-08,Betim,A,3,Sedan-W,VIN003073,463,450,3,90,17,"46,9","1275014,2"
2025-06-04,Porto Real,D,2,Sedan-W,VIN003074,507,504,8,40,18,"104,8","1010028,95"
2025-02-20,Betim,A,3,Sedan-W,VIN003075,595,626,2,37,10,"85,3","1502325,01"
2025-03-17,Goiana,C,1,Sedan-W,VIN003076,618,640,13,25,12,"66,7","1453507,44"
2025-02-20,Betim,A,2,Sedan-W,VIN003077,542,520,11,50,13,"52,6","1042442,98"
2025-06-06,Betim,B,3,Pickup-Z,VIN003078,541,565,8,35,9,"25,6","1709647,32"
2025-04-12,Porto Real,A,1,SUV-X,VIN003079,513,485,4,86,19,"14,3","961977,73"
2025-02-13,Goiana,C,3,Sedan-W,VIN003080,666,646,14,11,19,95,"1907362,79"
2025-05-18,Betim,C,2,Hatch-Y,VIN003081,631,627,1,33,20,"21,2","1620521,14"
2025-03-26,Betim,D,3,Hatch-Y,VIN003082,596,582,14,63,14,"61,5","1516023,3"
2025-02-15,Goiana,B,3,SUV-X,VIN003083,477,453,15,47,20,23,"1324778,82"
2025-04-05,Porto Real,D,2,Hatch-Y,VIN003084,625,604,5,27,15,"68,4","1912102,14"
2025-05-04,Betim,D,1,SUV-X,VIN003085,455,436,2,80,16,59,"1403266,53"
2025-02-24,Porto Real,B,1,Sedan-W,VIN003086,545,556,5,47,8,"93,3","1737344,39"
2025-06-01,Porto Real,A,3,SUV-X,VIN003087,561,583,9,34,9,"113,4","1316068,66"
2025-06-05,Betim,A,2,Pickup-Z,VIN003088,480,495,13,86,14,"101,3","1310756,1"
2025-03-09,Goiana,D,3,Sedan-W,VIN003089,511,532,11,80,20,"36,9","1092135,72"
2025-02-26,Goiana,C,1,Pickup-Z,VIN003090,490,457,10,21,11,"43,2","1128486,93"
2025-03-08,Betim,C,3,Pickup-Z,VIN003091,634,612,12,17,17,"5,9","1299334,34"
2025-03-27,Goiana,A,1,Pickup-Z,VIN003092,627,631,4,42,12,"50,7","1969710,93"
2025-01-16,Betim,B,1,Pickup-Z,VIN003093,382,421,3,23,16,"67,7","1145790,33"
2025-03-13,Goiana,A,3,SUV-X,VIN003094,598,628,4,57,16,"57,4","1404587,48"
2025-03-14,Porto Real,C,1,SUV-X,VIN003095,514,513,1,61,16,"26,1","1464199,16"
2025-06-04,Betim,B,1,SUV-X,VIN003096,548,545,11,44,16,"12,5","1245882,67"
2025-01-08,Porto Real,A,2,Sedan-W,VIN003097,666,635,3,69,17,"118,3","2052834,62"
2025-03-09,Porto Real,A,1,Hatch-Y,VIN003098,630,602,2,14,9,"115,6","1641313,57"
2025-03-20,Betim,A,3,Pickup-Z,VIN003099,666,635,15,60,17,"78,2","1632171,28"
2025-05-29,Porto Real,D,1,Sedan-W,VIN003100,567,584,8,84,16,"41,1","1042702,48"
2025-05-19,Porto Real,B,3,Hatch-Y,VIN003101,562,557,2,69,15,"70,2","1301640,33"
2025-06-06,Porto Real,C,2,Pickup-Z,VIN003102,537,537,5,13,20,"24,3","1639671,61"
2025-05-25,Porto Real,D,1,Hatch-Y,VIN003103,617,611,8,40,20,"96,6","1731659,02"
2025-03-11,Porto Real,D,1,Sedan-W,VIN003104,613,580,7,28,17,"48,7","1125897,84"
2025-06-03,Betim,A,1,Hatch-Y,VIN003105,520,491,12,4,12,"111,4","1203040,16"
2025-04-23,Porto Real,A,2,Pickup-Z,VIN003106,578,575,5,62,17,"17,1","1483398,47"
2025-01-22,Porto Real,B,2,Hatch-Y,VIN003107,650,646,12,90,11,"109,6","1260767,1"
2025-04-11,Betim,B,3,Sedan-W,VIN003108,488,494,15,60,14,"111,5","997211,4"
2025-06-06,Betim,B,2,SUV-X,VIN003109,539,548,7,54,17,75,"1704788,66"
2025-06-04,Betim,C,3,Sedan-W,VIN003110,672,647,5,15,11,"31,2","2076968,93"
2025-03-10,Goiana,A,3,Pickup-Z,VIN003111,505,544,11,67,18,"118,1","934082,26"
2025-03-22,Goiana,D,1,SUV-X,VIN003112,479,458,10,50,13,"15,6","1202566,8"
2025-03-22,Goiana,A,1,Sedan-W,VIN003113,579,573,7,24,18,"47,7","1482019,98"
2025-06-16,Betim,D,3,Sedan-W,VIN003114,474,461,7,47,14,"95,3","1207771,29"
2025-06-07,Porto Real,C,1,Hatch-Y,VIN003115,648,650,8,56,10,"47,9","1235364,99"
2025-04-16,Betim,A,3,Hatch-Y,VIN003116,604,588,3,32,15,"10,2","1177556,3"
2025-02-11,Betim,B,2,Pickup-Z,VIN003117,616,604,5,57,19,"62,5","1575234,18"
2025-02-11,Porto Real,B,2,Pickup-Z,VIN003118,456,450,0,47,12,"76,3","913962,91"
2025-01-25,Betim,D,1,Sedan-W,VIN003119,557,527,14,53,9,105,"1070564,75"
2025-01-14,Betim,C,1,Sedan-W,VIN003120,518,553,15,22,16,"97,5","1408187,56"
2025-06-26,Porto Real,A,3,Pickup-Z,VIN003121,641,635,4,11,19,"100,6","1915381,68"
2025-06-11,Goiana,D,2,Sedan-W,VIN003122,575,593,9,59,16,"68,6","1659925,92"
2025-01-24,Betim,D,1,SUV-X,VIN003123,440,444,15,85,17,64,"861310,89"
2025-01-17,Porto Real,A,1,SUV-X,VIN003124,591,617,12,86,9,"87,4","1178538,76"
2025-05-29,Porto Real,D,3,Pickup-Z,VIN003125,618,620,14,26,19,"69,8","1530534,39"
2025-01-10,Porto Real,C,2,SUV-X,VIN003126,609,598,1,69,11,"80,3","1847834,6"
2025-01-07,Goiana,A,2,Pickup-Z,VIN003127,528,521,8,29,19,"29,3","1572279,42"
2025-01-21,Porto Real,A,3,Pickup-Z,VIN003128,463,454,0,43,20,15,"1411962,64"
2025-05-24,Betim,B,1,SUV-X,VIN003129,506,537,5,80,12,"51,1",1262523
2025-05-06,Betim,B,2,Hatch-Y,VIN003130,461,462,2,52,9,"79,1","1320737,16"
2025-05-15,Betim,A,2,Sedan-W,VIN003131,431,434,9,22,18,"47,6","1154961,57"
2025-05-14,Goiana,D,3,Pickup-Z,VIN003132,478,505,13,25,9,"109,8","1473985,71"
2025-01-25,Goiana,D,1,Sedan-W,VIN003133,668,647,15,45,8,"100,7","1505363,95"
2025-04-28,Porto Real,B,3,Sedan-W,VIN003134,518,505,15,39,19,"30,9","1582821,21"
2025-06-21,Goiana,D,2,Sedan-W,VIN003135,626,631,14,35,9,"99,7","1617233,15"
2025-02-24,Porto Real,C,3,Sedan-W,VIN003136,643,630,4,63,11,46,"1466951,54"
2025-03-30,Betim,B,3,Hatch-Y,VIN003137,454,422,12,48,11,51,"938307,41"
2025-03-04,Betim,C,3,Hatch-Y,VIN003138,461,483,11,17,19,22,"1044170,63"
2025-02-16,Porto Real,A,1,Sedan-W,VIN003139,548,525,6,55,12,"69,7","1720214,14"
2025-03-30,Betim,B,1,Hatch-Y,VIN003140,448,463,5,30,19,"44,1","847653,67"
2025-06-09,Goiana,D,2,Sedan-W,VIN003141,604,621,12,36,12,"107,5","1667946,5"
2025-02-20,Goiana,A,1,Sedan-W,VIN003142,617,607,6,71,15,"42,6","1238863,04"
2025-03-01,Goiana,D,2,Sedan-W,VIN003143,548,523,4,9,14,"106,2","1072314,86"
2025-01-21,Goiana,A,3,Sedan-W,VIN003144,470,475,2,3,14,"103,9","1428907,85"
2025-02-05,Betim,A,1,Hatch-Y,VIN003145,389,423,6,15,11,"10,6","980833,78"
2025-02-26,Porto Real,B,1,Hatch-Y,VIN003146,509,483,13,84,14,"93,2","1420335,9"
2025-04-25,Goiana,A,2,SUV-X,VIN003147,520,504,7,5,18,"82,7","1381165,09"
2025-05-04,Porto Real,B,1,Hatch-Y,VIN003148,530,534,7,64,16,111,"1619125,35"
2025-05-01,Porto Real,B,1,Hatch-Y,VIN003149,583,592,6,20,16,"77,6","1234738,41"
2025-01-16,Porto Real,B,1,Pickup-Z,VIN003150,603,586,9,76,12,"21,6","1500248,93"
2025-03-06,Goiana,D,2,Pickup-Z,VIN003151,610,579,12,3,9,"12,1","1165338,46"
2025-02-19,Porto Real,D,1,Sedan-W,VIN003152,593,570,14,3,12,"79,5","1843251,19"
2025-06-09,Goiana,C,1,SUV-X,VIN003153,608,587,9,34,18,"54,8","1205619,53"
2025-05-24,Porto Real,A,2,Hatch-Y,VIN003154,477,454,7,37,20,"24,9","959175,14"
2025-03-19,Goiana,C,2,SUV-X,VIN003155,398,434,7,9,13,"55,1","1149032,11"
2025-05-31,Betim,B,2,Pickup-Z,VIN003156,484,476,14,3,8,"8,2","1409424,28"
2025-01-09,Betim,D,3,Sedan-W,VIN003157,531,508,11,35,13,"8,9","1341480,29"
2025-05-24,Betim,D,2,Sedan-W,VIN003158,492,502,14,59,17,"6,5","1355326,81"
2025-04-19,Porto Real,D,3,SUV-X,VIN003159,552,573,0,4,11,"110,5","1263972,13"
2025-03-06,Betim,A,3,SUV-X,VIN003160,632,636,7,4,10,"103,8","1435748,26"
2025-06-06,Betim,D,1,Pickup-Z,VIN003161,547,573,11,44,10,"107,6","1280561,31"
2025-05-23,Betim,C,3,Sedan-W,VIN003162,479,519,13,69,9,"8,2","1449826,26"
2025-06-19,Betim,B,1,Sedan-W,VIN003163,478,455,13,6,12,"115,1","872540,78"
2025-02-24,Porto Real,D,1,Hatch-Y,VIN003164,472,461,0,90,8,"9,9","960271,66"
2025-05-05,Goiana,B,3,Sedan-W,VIN003165,407,432,10,49,17,"63,3","1182413,44"
2025-05-06,Goiana,C,2,Hatch-Y,VIN003166,560,569,5,47,9,"34,8","1768815,63"
2025-01-01,Betim,B,2,Hatch-Y,VIN003167,384,421,4,25,12,"24,9","777553,16"
2025-01-01,Porto Real,D,3,SUV-X,VIN003168,468,478,4,56,19,"45,3","1297040,68"
2025-02-04,Goiana,A,3,Hatch-Y,VIN003169,467,448,10,32,17,"41,2","1197224,32"
2025-03-27,Goiana,B,1,Hatch-Y,VIN003170,512,498,4,14,18,"86,1","1118776,56"
2025-01-17,Goiana,A,2,SUV-X,VIN003171,564,538,12,35,13,"93,2","1454965,42"
2025-06-24,Betim,D,2,Pickup-Z,VIN003172,548,535,12,72,9,115,"1013241,85"
2025-02-19,Porto Real,A,3,Sedan-W,VIN003173,547,563,1,89,11,"83,1","1462160,33"
2025-04-06,Porto Real,C,1,Hatch-Y,VIN003174,473,511,13,76,19,"86,3","1454280,82"
2025-01-16,Porto Real,A,1,Pickup-Z,VIN003175,544,581,8,72,20,"9,7","1721789,79"
2025-04-28,Porto Real,A,1,SUV-X,VIN003176,606,599,10,55,15,"113,1","1624267,52"
2025-02-28,Porto Real,B,3,Pickup-Z,VIN003177,480,482,9,24,12,"72,8","971836,54"
2025-05-22,Porto Real,A,2,Hatch-Y,VIN003178,667,646,1,85,11,"104,4","1661665,82"
2025-03-06,Betim,A,1,Hatch-Y,VIN003179,468,481,4,14,15,"62,6","1033133,85"
2025-05-27,Porto Real,C,2,SUV-X,VIN003180,570,549,3,14,9,"83,3","1114267,24"
2025-03-02,Porto Real,D,2,Hatch-Y,VIN003181,490,500,4,1,17,114,"1195294,59"
2025-05-21,Porto Real,D,1,Sedan-W,VIN003182,623,646,12,49,16,"15,4","1529240,52"
2025-02-25,Betim,B,2,Sedan-W,VIN003183,477,473,1,30,20,"107,4","1074202,06"
2025-03-17,Betim,D,3,Sedan-W,VIN003184,440,453,3,1,17,"43,3","916514,16"
2025-06-18,Betim,C,2,Sedan-W,VIN003185,641,636,5,60,19,"49,1","1877113,66"
2025-01-19,Betim,B,3,SUV-X,VIN003186,656,627,12,19,8,"37,2","1450461,51"
2025-04-22,Goiana,D,1,SUV-X,VIN003187,402,441,0,32,16,"62,3","774022,93"
2025-05-10,Goiana,C,1,Hatch-Y,VIN003188,428,446,12,36,14,"57,2","891521,65"
2025-01-30,Porto Real,B,1,SUV-X,VIN003189,477,481,3,37,8,"116,1",872645
2025-05-28,Goiana,C,3,Pickup-Z,VIN003190,505,470,10,14,8,"57,3","1342570,47"
2025-03-17,Goiana,D,1,Hatch-Y,VIN003191,627,616,7,87,12,30,1414795
2025-02-06,Betim,C,1,Pickup-Z,VIN003192,644,631,0,53,8,"29,8","1764815,11"
2025-06-05,Porto Real,B,3,Pickup-Z,VIN003193,557,593,5,78,12,"62,8","1581379,44"
2025-05-26,Goiana,A,1,Hatch-Y,VIN003194,570,602,5,20,20,"61,4","1812929,73"
2025-03-23,Goiana,C,3,Sedan-W,VIN003195,624,616,2,2,9,"65,4","1629378,04"
2025-04-07,Porto Real,B,1,Sedan-W,VIN003196,413,450,5,32,12,"84,8","1270780,82"
2025-03-06,Porto Real,C,2,SUV-X,VIN003197,425,464,8,10,15,"14,8","1317569,55"
2025-02-17,Betim,B,1,Pickup-Z,VIN003198,453,427,14,67,11,"32,7","1095663,54"
2025-05-31,Betim,A,1,Pickup-Z,VIN003199,444,427,7,7,12,"37,3","957685,64"
2025-05-29,Porto Real,C,2,Hatch-Y,VIN003200,471,478,3,69,8,"50,4","945532,88"
2025-03-02,Goiana,A,2,SUV-X,VIN003201,612,619,6,74,15,"73,2","1586797,57"
2025-03-28,Porto Real,B,1,SUV-X,VIN003202,430,463,9,66,19,"106,8","1210036,22"
2025-06-17,Goiana,A,3,Pickup-Z,VIN003203,442,442,3,27,15,"111,6","998147,31"
2025-05-03,Betim,C,2,Sedan-W,VIN003204,593,601,12,2,18,"103,1","1443375,58"
2025-02-10,Porto Real,B,2,Pickup-Z,VIN003205,444,436,15,73,17,"111,8","1018600,03"
2025-03-20,Betim,C,2,Pickup-Z,VIN003206,543,582,9,31,8,"81,1","1643864,23"
2025-04-23,Betim,B,2,SUV-X,VIN003207,456,477,2,88,13,"94,4","1164399,54"
2025-01-07,Porto Real,A,1,Hatch-Y,VIN003208,610,575,13,67,8,"58,6","1432902,66"
2025-01-01,Porto Real,B,2,Pickup-Z,VIN003209,607,596,14,39,10,"18,2","1878818,56"
2025-05-15,Porto Real,C,1,Hatch-Y,VIN003210,551,587,4,59,13,"117,5","1389000,84"
2025-03-18,Betim,D,3,Pickup-Z,VIN003211,585,585,8,76,20,"15,9","1722415,85"
2025-02-13,Betim,D,2,Sedan-W,VIN003212,437,468,15,22,8,"95,7","1108609,3"
2025-04-23,Goiana,D,1,SUV-X,VIN003213,494,464,3,71,19,"74,4","985718,85"
2025-05-19,Goiana,B,3,Sedan-W,VIN003214,541,551,3,78,14,117,"1101780,05"
2025-01-07,Porto Real,A,2,SUV-X,VIN003215,540,534,5,85,19,"78,1","1473938,21"
2025-06-20,Porto Real,C,3,Hatch-Y,VIN003216,542,556,12,15,17,"117,6","1377199,8"
2025-01-01,Porto Real,D,2,Pickup-Z,VIN003217,569,540,3,7,11,"23,6","1079673,07"
2025-05-10,Betim,A,2,SUV-X,VIN003218,620,619,8,88,10,"48,5","1205584,3"
2025-05-06,Goiana,C,2,SUV-X,VIN003219,446,471,14,32,11,"92,9","1272663,49"
2025-05-18,Porto Real,A,3,SUV-X,VIN003220,437,430,7,22,16,"95,4","1107878,71"
2025-01-23,Betim,D,2,Sedan-W,VIN003221,631,625,8,58,11,"5,7","1893618,63"
2025-02-04,Goiana,D,1,SUV-X,VIN003222,548,520,10,2,20,"115,8","1216505,6"
2025-01-22,Betim,B,2,Sedan-W,VIN003223,413,437,13,11,11,"15,7","1315344,01"
2025-02-04,Goiana,D,1,Hatch-Y,VIN003224,587,570,14,41,18,"66,4","1576951,64"
2025-02-18,Goiana,B,1,Hatch-Y,VIN003225,512,506,5,44,17,"39,6","943564,8"
2025-06-17,Betim,B,1,Hatch-Y,VIN003226,662,640,14,1,10,"5,6","2073517,31"
2025-01-04,Betim,C,2,Pickup-Z,VIN003227,523,532,0,86,15,"106,4","1266562,38"
2025-05-20,Betim,B,2,SUV-X,VIN003228,448,476,2,62,15,"56,3","1009367,28"
2025-05-11,Porto Real,C,1,Pickup-Z,VIN003229,528,500,0,85,16,"59,2","1627704,55"
2025-01-01,Betim,A,2,Sedan-W,VIN003230,558,529,3,51,16,"42,1","1406217,65"
2025-06-04,Betim,C,3,Sedan-W,VIN003231,662,646,10,61,8,8,"2077394,31"
2025-04-04,Porto Real,A,2,SUV-X,VIN003232,621,646,10,28,9,"55,6","1551089,1"
2025-04-13,Betim,C,1,Pickup-Z,VIN003233,513,511,5,27,12,"75,1","1064606,2"
2025-06-27,Goiana,B,2,Sedan-W,VIN003234,624,601,11,41,13,"35,7","1194541,98"
2025-02-09,Betim,B,1,Sedan-W,VIN003235,542,553,0,55,10,"65,4","1251366,43"
2025-02-09,Betim,B,3,Hatch-Y,VIN003236,400,439,14,25,19,"69,8","1000826,13"
2025-06-26,Goiana,B,1,Pickup-Z,VIN003237,645,632,6,88,13,17,"1683583,87"
2025-01-21,Goiana,A,2,Hatch-Y,VIN003238,477,504,8,78,18,"41,8","1106116,47"
2025-04-21,Goiana,D,1,Hatch-Y,VIN003239,497,480,7,32,16,"100,1","1198079,27"
2025-02-19,Porto Real,C,3,SUV-X,VIN003240,486,488,7,34,16,"12,4","1139667,94"
2025-02-17,Betim,D,2,Pickup-Z,VIN003241,519,497,15,85,12,"94,3","1546118,3"
2025-05-29,Betim,B,2,SUV-X,VIN003242,624,604,10,84,8,"23,5","1161404,55"
2025-05-13,Goiana,D,1,Hatch-Y,VIN003243,545,561,8,72,18,"118,5","1205021,28"
2025-06-25,Goiana,D,1,Pickup-Z,VIN003244,550,580,1,12,10,"76,9","1359224,16"
2025-01-17,Porto Real,C,3,Hatch-Y,VIN003245,528,554,3,50,13,"93,4","1535087,45"
2025-04-26,Porto Real,A,1,Sedan-W,VIN003246,575,607,3,59,20,"109,5","1533777,59"
2025-06-16,Goiana,D,1,Pickup-Z,VIN003247,659,626,15,24,17,"84,7","1501220,83"
2025-05-08,Goiana,D,3,Pickup-Z,VIN003248,677,650,5,90,11,"115,3","1470535,55"
2025-06-18,Porto Real,C,2,Hatch-Y,VIN003249,624,640,8,71,10,"53,6","1718538,89"
2025-01-20,Porto Real,C,3,SUV-X,VIN003250,492,492,11,4,19,"65,1","1147419,58"
2025-03-07,Porto Real,A,3,Sedan-W,VIN003251,463,430,1,89,19,"108,8","1042195,72"
2025-05-23,Goiana,D,2,SUV-X,VIN003252,511,542,13,69,13,"60,1","1606683,4"
2025-04-21,Porto Real,B,2,Pickup-Z,VIN003253,498,506,8,1,16,"99,3","1323224,95"
2025-03-01,Goiana,C,2,Sedan-W,VIN003254,586,611,5,78,8,"110,8","1688096,27"
2025-05-27,Porto Real,B,1,Sedan-W,VIN003255,530,504,0,1,17,88,"1144159,55"
2025-04-09,Goiana,C,1,Hatch-Y,VIN003256,649,648,3,58,12,120,"1689663,55"
2025-06-05,Porto Real,B,3,Pickup-Z,VIN003257,630,601,3,30,11,"33,3","1371182,06"
2025-01-05,Betim,D,1,SUV-X,VIN003258,472,497,9,40,17,"52,3","1177255,26"
2025-01-27,Porto Real,C,3,Sedan-W,VIN003259,428,459,7,3,20,"33,1","897968,4"
2025-04-14,Goiana,C,1,Hatch-Y,VIN003260,550,530,14,26,17,"30,9","1347775,13"
2025-03-14,Betim,A,3,Sedan-W,VIN003261,650,630,4,8,20,"17,4","1745070,21"
2025-04-06,Goiana,B,1,Hatch-Y,VIN003262,589,596,6,78,10,"94,7","1343517,43"
2025-02-06,Porto Real,A,3,Hatch-Y,VIN003263,623,600,4,8,8,"83,2","1380648,4"
2025-06-18,Betim,C,1,SUV-X,VIN003264,485,493,0,83,16,"30,5","1510987,58"
2025-05-27,Goiana,C,3,Pickup-Z,VIN003265,501,511,10,43,9,"72,4","1593608,68"
2025-06-02,Goiana,A,1,SUV-X,VIN003266,490,457,14,81,19,"91,1","1545471,2"
2025-05-03,Betim,B,1,Pickup-Z,VIN003267,575,592,9,86,17,"45,3","1694407,12"
2025-03-08,Porto Real,D,1,Sedan-W,VIN003268,578,596,4,72,8,"73,7","1747787,08"
2025-06-01,Goiana,C,1,Hatch-Y,VIN003269,552,554,2,33,11,"99,1","1441540,88"
2025-02-09,Porto Real,C,2,Pickup-Z,VIN003270,644,648,1,51,16,29,"1560192,54"
2025-06-04,Porto Real,A,3,Pickup-Z,VIN003271,580,566,6,4,8,"45,6","1392079,36"
2025-05-07,Porto Real,D,2,Hatch-Y,VIN003272,510,540,10,3,17,29,"1401031,58"
2025-04-21,Porto Real,A,1,SUV-X,VIN003273,624,592,1,33,9,"73,8","1983502,79"
2025-06-17,Porto Real,A,2,Pickup-Z,VIN003274,589,601,15,88,16,"90,5","1622728,73"
2025-05-03,Porto Real,C,2,Hatch-Y,VIN003275,549,578,0,10,17,"30,2","1250167,46"
2025-03-24,Porto Real,D,1,Sedan-W,VIN003276,493,524,0,23,12,"21,8","1460756,6"
2025-01-17,Betim,C,3,Pickup-Z,VIN003277,656,628,13,63,19,"18,9","1868980,32"
2025-06-22,Betim,D,3,Pickup-Z,VIN003278,435,427,2,67,20,"86,6","1090700,34"
2025-04-04,Goiana,C,1,Hatch-Y,VIN003279,622,587,14,14,19,"78,5","1614648,79"
2025-02-24,Betim,B,2,Sedan-W,VIN003280,478,463,0,14,10,"75,7","891649,93"
2025-05-06,Porto Real,A,2,SUV-X,VIN003281,484,452,3,37,16,"43,7","1438609,52"
2025-06-10,Goiana,C,1,Pickup-Z,VIN003282,613,624,6,49,20,"100,8",1843971
2025-06-02,Porto Real,A,3,Sedan-W,VIN003283,466,497,0,64,14,"82,2","937885,25"
2025-01-22,Goiana,D,1,Pickup-Z,VIN003284,471,481,7,6,17,"93,9","1367797,98"
2025-04-21,Betim,D,3,Pickup-Z,VIN003285,526,509,7,50,12,"72,2","1583353,76"
2025-03-04,Porto Real,B,3,Pickup-Z,VIN003286,653,621,7,90,11,"14,3","1781564,25"
2025-03-09,Porto Real,C,3,Pickup-Z,VIN003287,541,534,7,35,20,"63,3","1248845,11"
2025-04-27,Goiana,A,1,Pickup-Z,VIN003288,536,504,1,56,13,"94,4","1110357,57"
2025-03-16,Porto Real,C,3,SUV-X,VIN003289,546,545,9,90,17,"27,5","1322662,09"
2025-04-02,Betim,C,1,Hatch-Y,VIN003290,538,563,1,68,16,"32,6","1411675,53"
2025-03-26,Goiana,C,2,Sedan-W,VIN003291,480,484,12,12,15,"52,7","1246405,99"
2025-06-20,Betim,B,3,SUV-X,VIN003292,427,454,11,77,12,114,"1155887,12"
2025-05-11,Betim,B,3,Pickup-Z,VIN003293,438,461,1,8,14,80,"1398021,84"
2025-04-04,Betim,A,1,Pickup-Z,VIN003294,444,483,12,87,13,"97,3","802623,9"
2025-04-23,Betim,A,2,Pickup-Z,VIN003295,493,478,3,66,9,"63,6","1321779,76"
2025-03-18,Goiana,C,1,Pickup-Z,VIN003296,604,609,12,3,20,"76,7","1182836,31"
2025-02-15,Goiana,A,3,Hatch-Y,VIN003297,492,489,7,49,20,"78,4","1477125,77"
2025-03-23,Porto Real,C,3,Hatch-Y,VIN003298,454,452,3,4,13,"7,7","1417193,14"
2025-03-01,Porto Real,D,3,Hatch-Y,VIN003299,480,486,11,23,12,"6,3","1139149,61"
2025-04-01,Goiana,C,1,Hatch-Y,VIN003300,543,527,3,49,20,"13,7","1025420,87"
2025-04-16,Betim,B,1,Sedan-W,VIN003301,664,633,14,67,8,"114,2","2027689,95"
2025-04-13,Goiana,B,2,Sedan-W,VIN003302,614,622,6,59,18,"56,9","1310375,33"
2025-06-18,Betim,D,2,SUV-X,VIN003303,492,477,10,24,13,36,"1374113,6"
2025-03-24,Porto Real,D,3,SUV-X,VIN003304,583,556,14,34,19,"114,8","1209187,48"
2025-04-13,Betim,B,2,Pickup-Z,VIN003305,471,440,9,2,17,"31,1","1501164,38"
2025-05-16,Porto Real,B,1,SUV-X,VIN003306,609,644,9,58,10,"34,9","1643525,48"
2025-01-10,Porto Real,C,3,Hatch-Y,VIN003307,538,575,11,89,8,96,"1232894,55"
2025-03-14,Goiana,C,3,Hatch-Y,VIN003308,605,600,3,65,8,"10,5","1643564,23"
2025-06-15,Goiana,A,2,SUV-X,VIN003309,472,467,11,11,20,"103,7","970132,42"
2025-02-17,Betim,A,1,Sedan-W,VIN003310,629,596,6,25,8,"74,8","1565137,73"
2025-03-09,Porto Real,D,2,Pickup-Z,VIN003311,531,540,2,6,9,"40,9","1429595,72"
2025-02-16,Betim,D,3,Sedan-W,VIN003312,504,536,3,67,9,"97,1","1220793,8"
2025-04-28,Goiana,B,1,Pickup-Z,VIN003313,501,535,11,65,15,"42,6","1271268,51"
2025-06-22,Porto Real,C,3,Hatch-Y,VIN003314,488,518,15,72,13,"76,8","1095140,55"
2025-04-21,Betim,D,3,Pickup-Z,VIN003315,657,624,7,79,18,"74,7","1286250,53"
2025-05-01,Betim,C,1,Hatch-Y,VIN003316,478,496,12,54,14,46,"1252870,11"
2025-03-20,Goiana,B,1,Sedan-W,VIN003317,391,421,14,58,11,"61,4","824075,93"
2025-01-28,Betim,C,1,Pickup-Z,VIN003318,440,425,1,37,10,"112,8","1320807,83"
2025-01-01,Porto Real,D,1,Sedan-W,VIN003319,469,482,8,39,16,"30,7","1024384,03"
2025-01-03,Betim,C,2,SUV-X,VIN003320,589,564,8,64,16,"77,8","1451289,67"
2025-02-04,Porto Real,A,3,Sedan-W,VIN003321,586,583,13,22,8,"41,3","1290632,91"
2025-02-28,Goiana,D,3,Hatch-Y,VIN003322,473,498,4,48,9,"93,7","1276288,73"
2025-04-07,Goiana,A,3,Pickup-Z,VIN003323,577,593,4,85,11,"14,6","1743553,72"
2025-01-09,Betim,C,3,Sedan-W,VIN003324,456,442,12,40,17,"33,4","1190989,9"
2025-05-09,Porto Real,B,3,SUV-X,VIN003325,554,549,0,48,17,"108,4","1461541,79"
2025-01-10,Betim,B,3,Hatch-Y,VIN003326,645,641,5,22,18,"94,4","1344270,63"
2025-04-11,Porto Real,B,3,Pickup-Z,VIN003327,443,460,14,68,20,115,"1046401,79"
2025-01-17,Betim,B,1,Hatch-Y,VIN003328,507,488,8,60,13,"45,9","1033844,99"
2025-01-27,Porto Real,D,3,Hatch-Y,VIN003329,493,532,13,65,18,69,"1020016,73"
2025-01-21,Betim,A,1,Pickup-Z,VIN003330,628,634,1,81,15,32,"1438949,96"
2025-03-05,Betim,B,2,SUV-X,VIN003331,605,635,7,74,11,"78,4","1577271,76"
2025-04-14,Betim,B,3,SUV-X,VIN003332,603,625,15,58,9,"17,4","1533159,62"
2025-05-25,Betim,A,3,Pickup-Z,VIN003333,563,587,5,13,17,"23,2","1460337,37"
2025-04-16,Betim,C,3,Sedan-W,VIN003334,456,483,1,22,16,"57,7","1276126,38"
2025-05-06,Goiana,B,2,Hatch-Y,VIN003335,524,530,4,5,19,"14,1","1646899,18"
2025-03-19,Porto Real,C,1,SUV-X,VIN003336,475,466,12,4,13,"78,1","1194251,66"
2025-04-14,Goiana,A,2,Hatch-Y,VIN003337,544,547,12,41,9,"21,1","1373128,99"
2025-05-29,Goiana,D,2,Pickup-Z,VIN003338,507,508,8,15,11,96,"1471094,31"
2025-01-29,Goiana,D,1,Hatch-Y,VIN003339,500,498,12,73,10,"65,7","1021363,84"
2025-05-15,Goiana,B,1,Sedan-W,VIN003340,474,507,7,62,15,"102,2","1487864,5"
2025-01-28,Goiana,C,2,Pickup-Z,VIN003341,570,596,15,6,11,"23,4","1200131,95"
2025-04-23,Betim,B,2,Hatch-Y,VIN003342,608,631,12,67,19,"83,6",1922009
2025-03-14,Betim,A,3,Hatch-Y,VIN003343,453,479,7,11,11,105,"1159513,14"
2025-06-02,Porto Real,D,1,Hatch-Y,VIN003344,545,556,5,57,13,"7,9","1218382,3"
2025-05-14,Betim,C,2,Sedan-W,VIN003345,424,427,3,15,10,"66,1","947614,87"
2025-03-26,Porto Real,B,2,SUV-X,VIN003346,578,556,14,83,11,"84,9","1106234,07"
2025-06-26,Goiana,D,1,SUV-X,VIN003347,416,446,8,71,20,"96,5","1062468,64"
2025-05-18,Betim,A,3,Sedan-W,VIN003348,585,619,12,22,14,"94,8","1214161,13"
2025-03-05,Goiana,C,1,Sedan-W,VIN003349,512,493,14,82,13,"75,1","1425058,08"
2025-04-03,Betim,A,1,Hatch-Y,VIN003350,426,459,13,64,17,50,"1224991,5"
2025-04-29,Porto Real,A,3,SUV-X,VIN003351,622,649,6,10,14,"20,6","1290616,64"
2025-05-18,Betim,A,2,Sedan-W,VIN003352,557,563,12,5,10,"95,1","1487966,58"
2025-02-17,Porto Real,A,3,Sedan-W,VIN003353,424,432,1,36,17,"115,4","976098,52"
2025-03-01,Betim,D,1,Pickup-Z,VIN003354,616,641,5,71,15,"75,6","1702206,8"
2025-02-10,Goiana,B,3,Hatch-Y,VIN003355,549,525,12,44,15,"44,3","1582440,66"
2025-04-25,Goiana,A,2,SUV-X,VIN003356,588,584,13,49,9,"115,1","1861899,68"
2025-01-03,Goiana,C,2,Hatch-Y,VIN003357,446,435,7,34,17,"79,8","1045931,98"
2025-05-26,Porto Real,C,2,Hatch-Y,VIN003358,611,631,12,75,20,"103,7","1659097,1"
2025-06-10,Betim,D,2,Hatch-Y,VIN003359,576,554,0,84,19,"51,3","1077032,23"
2025-06-22,Betim,C,1,Pickup-Z,VIN003360,549,523,10,2,16,"45,5","1185178,35"
2025-06-26,Betim,C,3,Sedan-W,VIN003361,591,590,14,75,15,"81,6","1849223,48"
2025-06-03,Porto Real,B,3,Pickup-Z,VIN003362,458,429,7,24,19,"20,4","1180019,72"
2025-03-28,Porto Real,B,3,Sedan-W,VIN003363,644,632,15,1,19,"105,1","1468879,97"
2025-02-18,Goiana,A,3,SUV-X,VIN003364,464,468,0,15,12,"27,9","1466107,74"
2025-05-05,Betim,C,1,SUV-X,VIN003365,576,610,4,61,19,"80,5","1750834,7"
2025-03-23,Porto Real,D,3,Pickup-Z,VIN003366,502,541,9,38,10,"13,3","980549,29"
2025-04-09,Porto Real,C,2,Pickup-Z,VIN003367,462,466,12,27,20,"94,9","1414844,01"
2025-05-20,Betim,D,2,Sedan-W,VIN003368,480,511,14,14,8,"70,7","1347605,66"
2025-02-12,Porto Real,B,2,Sedan-W,VIN003369,407,437,6,31,12,"94,9","784550,2"
2025-06-04,Porto Real,C,1,Hatch-Y,VIN003370,597,634,5,17,14,"68,5","1675558,99"
2025-05-17,Porto Real,B,2,Hatch-Y,VIN003371,461,440,1,60,17,113,"1316847,04"
2025-02-09,Porto Real,C,2,Sedan-W,VIN003372,516,533,3,22,18,"72,3",1533245
2025-02-24,Porto Real,B,2,SUV-X,VIN003373,482,457,11,61,8,"74,3","992849,87"
2025-01-29,Betim,D,1,Pickup-Z,VIN003374,477,494,11,34,9,"57,6","1337238,48"
2025-02-19,Betim,A,2,Sedan-W,VIN003375,520,500,7,28,13,"28,8","1416446,71"
2025-01-22,Porto Real,D,1,Sedan-W,VIN003376,606,607,4,25,8,"90,1","1834158,19"
2025-01-22,Betim,A,2,Hatch-Y,VIN003377,417,453,3,18,16,"110,6","838099,69"
2025-03-13,Betim,B,1,SUV-X,VIN003378,608,627,7,4,18,"74,6",1940970
2025-05-24,Porto Real,B,1,Pickup-Z,VIN003379,472,444,1,85,16,"38,7","1028949,63"
2025-01-08,Betim,C,3,Hatch-Y,VIN003380,582,618,6,31,12,"112,9","1435888,34"
2025-06-05,Goiana,B,3,SUV-X,VIN003381,629,604,2,86,18,"89,5","1827298,54"
2025-01-07,Porto Real,D,3,Hatch-Y,VIN003382,439,445,13,83,19,"81,5","1376526,21"
2025-01-27,Goiana,A,1,Sedan-W,VIN003383,645,631,10,53,17,"113,7","1767064,51"
2025-02-25,Goiana,B,2,SUV-X,VIN003384,401,441,5,6,11,97,"824561,51"
2025-05-18,Goiana,B,2,SUV-X,VIN003385,597,580,14,28,9,"19,8","1506499,4"
2025-05-24,Betim,D,3,SUV-X,VIN003386,515,555,4,57,18,"70,3","1212681,63"
2025-02-15,Porto Real,B,1,Pickup-Z,VIN003387,506,479,6,19,19,"101,3","1469507,61"
2025-05-28,Goiana,A,3,SUV-X,VIN003388,651,616,7,38,9,"104,1","1632083,58"
2025-02-03,Betim,A,3,SUV-X,VIN003389,590,569,8,42,9,"24,5","1862844,79"
2025-03-08,Goiana,B,2,Pickup-Z,VIN003390,496,509,9,32,19,"65,7","1274154,16"
2025-01-11,Porto Real,A,2,Sedan-W,VIN003391,633,644,11,27,8,"5,4","1177228,44"
2025-04-28,Goiana,C,1,SUV-X,VIN003392,505,493,7,2,18,"99,6","1123662,37"
2025-01-13,Porto Real,C,2,Hatch-Y,VIN003393,527,528,2,35,16,"56,1","1362727,36"
2025-01-15,Betim,D,2,Sedan-W,VIN003394,500,496,9,31,10,"84,4","1152635,11"
2025-06-21,Goiana,D,3,Hatch-Y,VIN003395,513,486,7,20,10,"97,1","947142,43"
2025-06-01,Betim,D,1,Pickup-Z,VIN003396,500,517,5,34,11,"53,3","1315179,74"
2025-03-26,Goiana,C,1,Hatch-Y,VIN003397,600,588,8,55,19,"34,6","1195760,82"
2025-01-13,Betim,B,1,Sedan-W,VIN003398,471,488,13,15,17,"104,7","848708,11"
2025-04-05,Betim,B,3,Sedan-W,VIN003399,521,560,6,22,8,"72,1","1478261,43"
2025-05-26,Betim,C,3,Hatch-Y,VIN003400,563,562,10,32,9,"101,8","1656469,02"
2025-04-03,Porto Real,C,1,Pickup-Z,VIN003401,644,644,8,44,14,"107,2","1359308,53"
2025-02-06,Porto Real,B,1,Pickup-Z,VIN003402,388,422,4,67,9,"25,1","1215598,21"
2025-06-08,Betim,A,3,Pickup-Z,VIN003403,552,539,3,90,9,"73,9","1538176,55"
2025-04-22,Betim,B,2,Pickup-Z,VIN003404,558,570,1,18,14,"60,9","1116902,5"
2025-02-06,Goiana,A,1,Pickup-Z,VIN003405,612,582,10,23,16,82,"1770878,38"
2025-04-07,Betim,A,1,Sedan-W,VIN003406,532,572,15,16,15,"11,4","1681799,89"
2025-06-19,Betim,A,2,Sedan-W,VIN003407,432,424,7,46,18,"95,7","1068249,41"
2025-02-24,Porto Real,C,3,Pickup-Z,VIN003408,458,426,10,43,12,"75,7","1217094,64"
2025-05-27,Goiana,D,1,Sedan-W,VIN003409,498,523,12,37,18,"89,7","1428686,66"
2025-05-19,Goiana,D,2,Pickup-Z,VIN003410,538,545,11,18,13,"99,6","1584898,17"
2025-03-07,Porto Real,A,2,Hatch-Y,VIN003411,463,495,3,84,20,40,"1030070,77"
2025-02-02,Porto Real,A,3,Hatch-Y,VIN003412,617,611,11,62,15,"80,1","1273090,58"
2025-05-07,Porto Real,A,2,Sedan-W,VIN003413,606,645,8,38,19,58,"1597867,3"
2025-02-20,Goiana,C,1,Pickup-Z,VIN003414,620,626,10,31,9,"81,9","1616007,51"
2025-06-09,Betim,B,3,Hatch-Y,VIN003415,530,560,9,26,18,"48,9","1544696,8"
2025-03-09,Goiana,A,2,Sedan-W,VIN003416,611,578,3,76,13,"11,4","1946653,27"
2025-05-02,Goiana,A,3,Sedan-W,VIN003417,559,576,3,12,16,"70,2","1533521,7"
2025-06-29,Betim,D,1,Pickup-Z,VIN003418,573,545,15,21,14,"109,8","1783251,3"
2025-03-02,Porto Real,B,1,Hatch-Y,VIN003419,499,531,0,38,12,"25,7","1489110,21"
2025-03-31,Goiana,C,3,Hatch-Y,VIN003420,477,456,13,34,16,"68,8","1245014,44"
2025-05-27,Goiana,D,1,Pickup-Z,VIN003421,447,452,6,81,13,"83,9","898417,9"
2025-01-19,Betim,C,1,Hatch-Y,VIN003422,632,647,8,5,13,"38,1","1769804,69"
2025-04-05,Porto Real,D,2,Hatch-Y,VIN003423,423,423,13,85,13,"25,8","1337944,35"
2025-01-28,Goiana,A,3,SUV-X,VIN003424,546,512,8,9,12,"113,9","1048546,95"
2025-05-26,Porto Real,B,3,SUV-X,VIN003425,543,572,14,36,14,"105,7","1239103,15"
2025-01-21,Goiana,B,1,SUV-X,VIN003426,555,578,14,71,17,"27,7","1583794,23"
2025-01-16,Betim,B,1,Pickup-Z,VIN003427,483,494,11,16,17,"75,6","1515993,66"
2025-02-25,Betim,A,3,Pickup-Z,VIN003428,459,463,3,81,15,"80,3","863282,12"
2025-01-10,Porto Real,B,1,Pickup-Z,VIN003429,626,632,10,57,18,"52,2","1341842,73"
2025-03-31,Betim,A,2,Pickup-Z,VIN003430,468,464,0,42,19,"108,7","959057,85"
2025-02-27,Porto Real,C,2,Sedan-W,VIN003431,416,421,7,19,11,"9,9","1055107,22"
2025-04-11,Betim,D,2,Pickup-Z,VIN003432,643,641,7,53,17,"60,6","2055871,59"
2025-02-10,Porto Real,D,2,Sedan-W,VIN003433,539,514,6,85,15,"81,3","1583129,67"
2025-06-26,Porto Real,A,3,Hatch-Y,VIN003434,613,648,12,46,11,"56,6","1347730,31"
2025-03-02,Goiana,C,2,SUV-X,VIN003435,604,587,4,70,10,56,"1427868,67"
2025-03-18,Betim,B,2,Sedan-W,VIN003436,611,588,6,53,18,"40,9","1700885,6"
2025-03-06,Porto Real,D,1,Hatch-Y,VIN003437,640,619,8,1,20,"60,9","1642182,06"
2025-03-06,Betim,B,1,Hatch-Y,VIN003438,438,434,0,3,20,"54,5","1304372,83"
2025-03-30,Porto Real,B,3,SUV-X,VIN003439,583,573,7,4,11,15,"1693666,17"
2025-04-05,Porto Real,A,1,Pickup-Z,VIN003440,572,551,5,57,10,81,"1244471,29"
2025-05-28,Betim,B,3,Hatch-Y,VIN003441,610,636,7,7,14,"70,8",1755072
2025-01-04,Porto Real,D,1,Sedan-W,VIN003442,621,603,4,25,12,"114,4","1650827,4"
2025-02-15,Goiana,A,2,Sedan-W,VIN003443,411,423,10,35,11,"97,5","1086172,01"
2025-04-29,Betim,D,2,Hatch-Y,VIN003444,585,612,3,59,18,37,"1215070,59"
2025-06-09,Porto Real,D,1,Sedan-W,VIN003445,425,447,3,72,17,"62,4","1257429,78"
2025-04-19,Betim,B,1,SUV-X,VIN003446,499,539,1,9,14,"79,9","1537465,69"
2025-05-01,Betim,B,2,Pickup-Z,VIN003447,588,557,4,57,12,"34,8","1178587,85"
2025-02-05,Porto Real,D,1,Hatch-Y,VIN003448,540,505,1,0,16,"52,4","1694399,06"
2025-02-27,Goiana,A,2,Sedan-W,VIN003449,582,560,4,75,16,"97,8","1129089,4"
2025-01-16,Porto Real,D,3,Pickup-Z,VIN003450,539,555,5,68,8,"68,9","1071369,91"
2025-01-18,Porto Real,A,1,SUV-X,VIN003451,506,496,2,38,18,"50,9","1557694,38"
2025-05-01,Goiana,A,3,Sedan-W,VIN003452,605,595,5,40,14,"9,5","1606673,8"
2025-02-11,Betim,C,1,Hatch-Y,VIN003453,446,462,3,78,18,"23,3","1265569,98"
2025-06-11,Goiana,D,1,Sedan-W,VIN003454,648,636,2,60,11,"72,8","1533104,8"
2025-06-02,Betim,A,2,Sedan-W,VIN003455,564,559,0,57,9,"85,6","1354612,82"
2025-05-19,Goiana,D,2,Hatch-Y,VIN003456,441,476,7,72,19,"101,2","1194403,91"
2025-06-28,Betim,D,1,SUV-X,VIN003457,517,500,8,84,14,"8,4","1126515,68"
2025-01-21,Betim,C,2,Pickup-Z,VIN003458,602,624,3,67,15,"17,6","1212875,84"
2025-04-29,Porto Real,C,1,Pickup-Z,VIN003459,670,648,11,18,15,"12,8","1251283,25"
2025-03-11,Betim,B,2,Hatch-Y,VIN003460,549,553,7,75,10,48,"1092250,97"
2025-06-17,Betim,D,2,Sedan-W,VIN003461,445,460,6,34,20,"55,6",1076681
2025-05-18,Porto Real,C,2,SUV-X,VIN003462,407,427,5,45,20,"118,7","1037654,76"
2025-03-13,Porto Real,C,1,Pickup-Z,VIN003463,439,479,2,57,10,"32,1","818569,85"
2025-06-13,Betim,A,1,Hatch-Y,VIN003464,524,548,2,11,10,"20,8","1080495,89"
2025-03-18,Betim,A,1,SUV-X,VIN003465,653,627,3,69,13,"7,9","1321109,96"
2025-05-02,Porto Real,D,3,Sedan-W,VIN003466,572,573,3,77,19,"26,5","1812444,5"
2025-04-21,Goiana,A,2,Sedan-W,VIN003467,482,460,1,5,11,"110,8","1498038,51"
2025-06-08,Goiana,A,1,Sedan-W,VIN003468,576,585,5,36,12,"57,1","1203396,31"
2025-02-23,Betim,A,2,Sedan-W,VIN003469,436,452,5,30,10,106,"804333,24"
2025-03-11,Goiana,C,1,Hatch-Y,VIN003470,441,431,10,5,17,"39,5","1091766,37"
2025-01-02,Betim,D,3,SUV-X,VIN003471,646,639,1,43,20,"11,1","1577192,35"
2025-01-22,Porto Real,C,2,Hatch-Y,VIN003472,624,615,9,80,15,"20,4","1124785,15"
2025-01-19,Porto Real,A,1,SUV-X,VIN003473,487,519,4,71,12,"114,7","1435956,8"
2025-04-20,Goiana,A,2,Hatch-Y,VIN003474,449,473,15,13,9,"75,8","866846,82"
2025-06-04,Porto Real,D,3,SUV-X,VIN003475,453,484,15,41,8,66,"1421265,05"
2025-03-22,Porto Real,B,1,SUV-X,VIN003476,587,594,9,59,20,"107,7","1227934,68"
2025-04-09,Betim,C,3,Sedan-W,VIN003477,558,534,13,56,15,"80,2","1722970,48"
2025-06-10,Goiana,D,2,Sedan-W,VIN003478,637,603,9,42,13,"98,4","1315849,92"
2025-04-23,Goiana,D,1,Pickup-Z,VIN003479,455,488,9,55,8,"69,2","1352682,19"
2025-03-22,Porto Real,C,1,Pickup-Z,VIN003480,498,476,2,70,12,"113,4","1579862,93"
2025-04-26,Betim,D,1,Hatch-Y,VIN003481,556,568,4,70,10,"118,8","1759559,95"
2025-04-27,Goiana,B,3,SUV-X,VIN003482,542,517,10,49,15,91,"1712950,17"
2025-03-10,Betim,D,2,Hatch-Y,VIN003483,598,636,10,27,18,"102,6","1375689,06"
2025-01-24,Porto Real,A,3,Hatch-Y,VIN003484,497,518,7,66,10,"50,2","1366645,57"
2025-06-28,Goiana,A,2,Pickup-Z,VIN003485,605,595,13,50,12,"92,1","1379181,31"
2025-04-27,Porto Real,C,3,Sedan-W,VIN003486,414,435,1,65,18,"97,5","1310153,49"
2025-05-19,Betim,A,2,SUV-X,VIN003487,507,491,7,20,18,82,"1332095,83"
2025-04-13,Betim,C,2,Sedan-W,VIN003488,553,535,6,21,15,"79,8","1203145,68"
2025-03-20,Goiana,A,3,SUV-X,VIN003489,467,486,14,36,17,"103,8","1056156,1"
2025-01-18,Porto Real,B,3,Pickup-Z,VIN003490,594,624,8,65,18,"98,3","1098351,91"
2025-06-05,Betim,A,1,SUV-X,VIN003491,537,575,15,11,20,"75,8","1295212,96"
2025-04-23,Goiana,B,3,Hatch-Y,VIN003492,608,627,15,26,18,"8,9","1541376,37"
2025-06-06,Goiana,C,1,Hatch-Y,VIN003493,545,546,12,16,14,"79,5","1602957,87"
2025-05-21,Porto Real,B,3,Sedan-W,VIN003494,431,436,5,70,17,"19,1","916887,59"
2025-03-05,Goiana,D,1,Pickup-Z,VIN003495,492,486,8,76,11,"14,1","1510511,1"
2025-02-18,Goiana,A,1,SUV-X,VIN003496,559,591,7,55,16,"49,6","1488721,5"
2025-04-20,Porto Real,A,1,Hatch-Y,VIN003497,614,611,10,51,10,"95,3","1408471,21"
2025-03-27,Porto Real,B,3,Hatch-Y,VIN003498,634,610,2,27,12,"22,6","1737851,58"
2025-04-14,Porto Real,C,3,Hatch-Y,VIN003499,506,506,11,90,15,"35,8","1512263,54"
2025-05-11,Goiana,D,1,Pickup-Z,VIN003500,437,467,1,48,20,"32,3","1047148,31"
2025-02-19,Goiana,C,1,Sedan-W,VIN003501,598,583,8,65,9,"49,6","1432098,4"
2025-04-24,Goiana,A,3,Sedan-W,VIN003502,464,448,11,72,12,"75,6","1346006,7"
2025-05-23,Goiana,A,2,Sedan-W,VIN003503,639,647,6,88,16,"17,4","1840128,12"
2025-06-19,Betim,A,1,Pickup-Z,VIN003504,496,504,7,46,20,"103,3","1303357,29"
2025-03-25,Betim,D,1,SUV-X,VIN003505,489,502,0,68,11,"70,5","1302515,17"
2025-05-27,Betim,A,3,Pickup-Z,VIN003506,510,507,11,56,8,"89,3","1023766,88"
2025-06-28,Betim,A,3,SUV-X,VIN003507,420,420,5,3,14,"39,5","1048078,19"
2025-02-06,Goiana,D,3,Sedan-W,VIN003508,550,557,14,78,14,"44,8","1416030,15"
2025-01-11,Goiana,C,3,Pickup-Z,VIN003509,491,465,14,41,10,"89,4","1137423,9"
2025-05-26,Goiana,C,2,Pickup-Z,VIN003510,596,626,15,85,15,"109,7","1257310,84"
2025-03-26,Betim,A,1,Hatch-Y,VIN003511,473,508,15,4,9,"58,6","1373730,81"
2025-03-06,Porto Real,D,1,Hatch-Y,VIN003512,394,424,10,23,9,115,"960510,01"
2025-06-27,Goiana,D,2,Hatch-Y,VIN003513,420,454,5,7,9,"105,4","1015116,03"
2025-02-23,Betim,B,2,SUV-X,VIN003514,387,423,8,70,17,"17,1","829464,15"
2025-05-15,Porto Real,A,2,Pickup-Z,VIN003515,522,551,7,22,19,"99,9","1587071,39"
2025-05-21,Goiana,B,1,Hatch-Y,VIN003516,554,534,5,32,17,54,"1240060,95"
2025-02-11,Betim,C,2,SUV-X,VIN003517,524,519,6,67,14,"72,7","1052698,83"
2025-02-06,Goiana,A,1,Hatch-Y,VIN003518,573,573,5,18,13,42,"1141099,21"
2025-01-30,Goiana,D,3,Hatch-Y,VIN003519,524,509,4,10,15,"43,7","1165792,28"
2025-03-14,Porto Real,D,1,SUV-X,VIN003520,516,505,2,59,8,"29,2","1249746,23"
2025-01-23,Porto Real,D,2,Pickup-Z,VIN003521,569,569,3,21,10,"73,7","1124880,9"
2025-02-28,Porto Real,B,1,Hatch-Y,VIN003522,493,490,10,38,11,"87,1","1223595,28"
2025-05-26,Betim,C,2,SUV-X,VIN003523,571,553,8,81,8,"31,2","1539113,52"
2025-05-29,Betim,A,2,SUV-X,VIN003524,566,543,8,60,12,"71,8","1128226,15"
2025-05-19,Betim,D,3,SUV-X,VIN003525,594,580,4,59,8,109,"1461879,15"
2025-01-08,Betim,D,1,Sedan-W,VIN003526,576,554,14,76,12,79,"1764160,69"
2025-05-29,Porto Real,C,2,Sedan-W,VIN003527,504,511,11,69,12,78,"1307671,45"
2025-01-29,Porto Real,B,1,SUV-X,VIN003528,611,591,0,82,16,"25,2","1129053,05"
2025-04-03,Goiana,D,2,SUV-X,VIN003529,432,462,15,0,8,"98,5","920063,44"
2025-01-02,Goiana,B,2,Sedan-W,VIN003530,608,631,7,4,16,"19,9","1644456,51"
2025-06-02,Goiana,B,3,Pickup-Z,VIN003531,531,497,0,44,17,17,"1568777,27"
2025-02-21,Goiana,D,3,SUV-X,VIN003532,472,463,14,41,10,"85,9","853716,64"
2025-04-27,Porto Real,C,1,Hatch-Y,VIN003533,640,608,11,1,10,"35,1","1359061,91"
2025-03-07,Porto Real,A,2,SUV-X,VIN003534,514,493,13,80,20,"5,7","1542962,38"
2025-06-19,Betim,D,3,Pickup-Z,VIN003535,442,461,1,40,11,"84,3","870617,18"
2025-03-08,Porto Real,D,2,Sedan-W,VIN003536,440,448,14,24,10,"11,3","1074681,06"
2025-01-14,Betim,A,3,SUV-X,VIN003537,571,577,3,19,9,"7,2","1613807,24"
2025-02-08,Betim,A,3,SUV-X,VIN003538,572,578,5,51,13,"72,3","1058669,7"
2025-05-04,Porto Real,A,3,Hatch-Y,VIN003539,591,569,9,50,10,"116,7","1421238,55"
2025-03-25,Betim,D,2,Hatch-Y,VIN003540,634,647,10,34,11,"79,8","1194006,26"
2025-06-04,Goiana,B,3,SUV-X,VIN003541,604,611,6,13,13,"79,4","1574493,25"
2025-03-31,Porto Real,A,2,Sedan-W,VIN003542,610,624,15,35,11,"87,9","1290308,07"
2025-06-15,Porto Real,A,3,Sedan-W,VIN003543,523,533,9,9,13,"34,2","1651618,23"
2025-02-04,Porto Real,B,3,Sedan-W,VIN003544,519,508,11,79,11,"64,5","1270985,95"
2025-02-05,Betim,A,2,Hatch-Y,VIN003545,610,618,9,32,16,"49,6","1434578,49"
2025-03-14,Goiana,D,2,Pickup-Z,VIN003546,626,646,1,20,12,"13,6","1743345,04"
2025-01-26,Goiana,C,1,Hatch-Y,VIN003547,582,611,5,90,10,"92,2","1292523,35"
2025-04-26,Goiana,C,3,Hatch-Y,VIN003548,456,463,6,7,10,"36,7","1277178,15"
2025-01-08,Porto Real,A,2,SUV-X,VIN003549,437,467,10,60,17,"105,2","1283105,5"
2025-03-28,Betim,B,2,Hatch-Y,VIN003550,612,643,9,44,10,"69,1","1334105,91"
2025-06-01,Goiana,C,2,Hatch-Y,VIN003551,500,521,7,14,17,"29,5","1507123,2"
2025-04-03,Betim,B,3,Hatch-Y,VIN003552,456,466,9,2,11,27,"1128616,13"
2025-06-02,Betim,C,3,Sedan-W,VIN003553,600,574,0,14,12,"49,1","1445847,23"
2025-03-02,Porto Real,B,2,Hatch-Y,VIN003554,594,630,10,82,15,"93,5","1883600,64"
2025-06-06,Porto Real,A,1,Pickup-Z,VIN003555,485,475,3,59,10,"6,1","1003590,39"
2025-03-20,Goiana,C,2,Sedan-W,VIN003556,459,466,0,59,17,"53,1","1000111,23"
2025-06-13,Porto Real,B,1,Pickup-Z,VIN003557,440,479,7,87,19,"84,4","983505,18"
2025-01-16,Porto Real,A,2,Hatch-Y,VIN003558,470,497,11,23,16,"42,1","1360168,33"
2025-04-30,Goiana,D,1,Sedan-W,VIN003559,598,614,11,42,12,"16,2","1190994,12"
2025-04-26,Goiana,B,1,SUV-X,VIN003560,497,512,5,19,8,"113,8","898032,71"
2025-01-26,Porto Real,D,1,Pickup-Z,VIN003561,453,485,6,2,18,"10,7","1178219,87"
2025-03-25,Goiana,A,3,Sedan-W,VIN003562,576,601,1,55,13,26,"1681699,73"
2025-04-09,Betim,B,2,SUV-X,VIN003563,513,507,7,60,10,"5,2","1525406,32"
2025-04-25,Goiana,B,1,SUV-X,VIN003564,565,557,4,25,19,"50,7","1548943,89"
2025-06-01,Goiana,A,1,Hatch-Y,VIN003565,483,456,12,21,11,"82,9","1090513,04"
2025-06-28,Betim,D,2,Hatch-Y,VIN003566,519,526,15,22,14,"16,3","948554,64"
2025-04-22,Porto Real,A,2,Sedan-W,VIN003567,632,647,11,12,16,"14,5","1780323,46"
2025-04-11,Porto Real,C,1,Sedan-W,VIN003568,464,482,12,8,11,77,"906457,45"
2025-05-19,Porto Real,C,2,Sedan-W,VIN003569,597,632,15,59,20,"54,1","1398283,07"
2025-01-15,Betim,B,2,Sedan-W,VIN003570,481,504,2,67,9,"60,6","1241945,8"
2025-01-24,Betim,B,1,SUV-X,VIN003571,489,457,14,37,20,"100,5","1386048,11"
2025-05-02,Betim,B,2,Pickup-Z,VIN003572,585,593,9,19,15,"119,5","1088331,32"
2025-06-21,Porto Real,B,3,Sedan-W,VIN003573,459,442,12,1,12,88,"1079024,82"
2025-01-21,Betim,B,2,Pickup-Z,VIN003574,487,504,2,74,16,"71,2","1132151,76"
2025-04-26,Goiana,B,2,Pickup-Z,VIN003575,408,423,3,6,18,"91,7","1110826,72"
2025-06-23,Betim,D,3,Sedan-W,VIN003576,492,488,12,46,8,"104,1","1479249,9"
2025-01-10,Goiana,D,3,SUV-X,VIN003577,613,606,8,35,15,"50,4","1866694,09"
2025-03-12,Porto Real,C,3,Hatch-Y,VIN003578,397,426,13,8,9,"84,3","858876,14"
2025-03-21,Porto Real,C,1,Sedan-W,VIN003579,440,446,5,64,15,"30,6","1285070,57"
2025-02-18,Goiana,B,3,Hatch-Y,VIN003580,567,588,9,11,19,"10,1","1607638,5"
2025-01-23,Betim,D,1,Hatch-Y,VIN003581,425,430,11,28,9,"84,3","781020,52"
2025-03-21,Porto Real,C,3,SUV-X,VIN003582,451,479,11,90,10,"63,3","873487,89"
2025-05-06,Goiana,C,1,Hatch-Y,VIN003583,620,614,4,62,20,"62,1","1220283,35"
2025-04-01,Porto Real,C,2,Sedan-W,VIN003584,444,429,4,51,15,"22,8","864849,29"
2025-01-19,Betim,A,1,Pickup-Z,VIN003585,562,561,3,36,8,"43,6","1685660,11"
2025-02-06,Betim,C,3,SUV-X,VIN003586,455,464,2,55,12,"62,1","1085804,08"
2025-04-02,Goiana,C,2,Sedan-W,VIN003587,643,646,9,36,17,"40,3","1425526,8"
2025-04-18,Porto Real,B,2,Sedan-W,VIN003588,472,458,6,78,17,"119,7","1000633,86"
2025-01-04,Porto Real,B,2,SUV-X,VIN003589,598,582,13,51,8,"92,2","1488943,54"
2025-03-16,Porto Real,C,1,Sedan-W,VIN003590,565,603,13,31,18,"38,5","1641273,76"
2025-06-11,Betim,B,1,SUV-X,VIN003591,549,562,12,27,13,"22,7","1478659,36"
2025-05-08,Goiana,A,1,SUV-X,VIN003592,501,522,0,70,14,"70,9","919228,1"
2025-05-10,Porto Real,C,2,Hatch-Y,VIN003593,578,558,5,61,16,"8,3","1346409,74"
2025-03-13,Goiana,B,2,Pickup-Z,VIN003594,547,518,5,33,8,"84,7","1619841,2"
2025-02-26,Betim,B,2,Hatch-Y,VIN003595,452,463,8,75,9,"47,6","933327,59"
2025-02-08,Goiana,B,2,SUV-X,VIN003596,442,457,10,68,20,"24,1","1343906,42"
2025-02-22,Porto Real,A,1,Sedan-W,VIN003597,539,553,7,54,11,"118,6","1283682,54"
2025-06-02,Porto Real,D,3,Hatch-Y,VIN003598,420,458,12,5,14,"60,9","883486,17"
2025-06-21,Goiana,C,2,Sedan-W,VIN003599,520,556,11,2,18,"29,9","1221724,18"
2025-03-07,Porto Real,C,2,Sedan-W,VIN003600,486,514,6,58,12,"61,5","1219715,89"
2025-03-31,Betim,B,3,SUV-X,VIN003601,476,514,12,42,14,"119,6","1386810,01"
2025-01-11,Goiana,B,1,SUV-X,VIN003602,523,490,8,25,19,"50,9","1537860,17"
2025-01-05,Goiana,A,3,Pickup-Z,VIN003603,492,530,6,60,13,"91,4","1385752,04"
2025-05-09,Porto Real,D,1,SUV-X,VIN003604,621,612,3,81,16,82,"1255197,32"
2025-05-03,Betim,A,1,Hatch-Y,VIN003605,407,445,10,81,20,"27,9","1018981,72"
2025-06-20,Porto Real,B,3,Sedan-W,VIN003606,571,589,10,40,15,"96,8","1777552,52"
2025-03-19,Goiana,C,3,Pickup-Z,VIN003607,439,421,11,49,9,"101,1","1081665,34"
2025-02-03,Betim,A,3,SUV-X,VIN003608,434,442,13,15,19,"22,5","1301169,94"
2025-06-18,Goiana,C,1,SUV-X,VIN003609,454,444,8,4,10,"73,4","955524,01"
2025-02-16,Porto Real,A,2,SUV-X,VIN003610,420,445,5,24,8,"25,4","974741,71"
2025-03-30,Goiana,D,1,SUV-X,VIN003611,622,596,7,22,14,82,"1862799,77"
2025-06-06,Porto Real,A,3,Sedan-W,VIN003612,539,542,3,58,9,"99,8","1494021,62"
2025-04-22,Betim,A,3,Hatch-Y,VIN003613,449,462,15,82,13,"6,5","842516,83"
2025-04-15,Betim,A,2,Hatch-Y,VIN003614,515,485,14,89,16,"108,2","1106520,91"
2025-03-05,Goiana,A,1,Pickup-Z,VIN003615,637,619,0,45,11,"84,2","1913579,61"
2025-01-18,Betim,B,3,SUV-X,VIN003616,657,634,1,1,14,"65,3","1960525,2"
2025-03-23,Betim,C,2,Sedan-W,VIN003617,497,488,7,48,15,"12,3","1180135,28"
2025-03-15,Porto Real,C,1,Pickup-Z,VIN003618,496,477,8,65,10,"36,3","1227941,51"
2025-06-29,Goiana,B,3,Pickup-Z,VIN003619,439,470,2,86,13,"44,3","1203582,27"
2025-06-12,Goiana,C,1,SUV-X,VIN003620,654,619,10,29,15,115,"1280667,71"
2025-01-18,Betim,B,3,SUV-X,VIN003621,554,585,13,54,9,"71,2","1771656,61"
2025-03-16,Goiana,A,2,SUV-X,VIN003622,507,483,1,21,11,105,"1456289,38"
2025-02-15,Goiana,B,3,SUV-X,VIN003623,443,464,8,60,17,"61,7","1149316,12"
2025-01-29,Goiana,C,1,SUV-X,VIN003624,520,534,2,9,18,45,"1348539,97"
2025-01-07,Betim,C,2,Hatch-Y,VIN003625,666,634,15,82,12,"11,8","1662208,29"
2025-02-22,Goiana,C,2,Hatch-Y,VIN003626,469,462,9,70,10,43,"1363199,61"
2025-06-23,Porto Real,C,2,Hatch-Y,VIN003627,603,622,9,80,16,"32,1","1236334,1"
2025-02-17,Betim,B,2,SUV-X,VIN003628,609,642,8,33,14,"49,2","1278314,5"
2025-04-23,Betim,C,1,Pickup-Z,VIN003629,534,524,3,80,17,"67,2","1127134,92"
2025-04-28,Goiana,B,1,Hatch-Y,VIN003630,461,438,11,48,8,"101,4","1245106,25"
2025-03-17,Goiana,C,1,Pickup-Z,VIN003631,445,448,15,46,13,12,"1297566,48"
2025-02-04,Porto Real,C,2,Sedan-W,VIN003632,462,445,15,5,12,"112,2","1260184,04"
2025-03-23,Porto Real,D,2,Hatch-Y,VIN003633,623,601,4,70,8,"99,8","1738559,39"
2025-05-03,Betim,D,1,Sedan-W,VIN003634,574,554,12,37,16,"115,4","1360399,98"
2025-02-11,Betim,A,3,Pickup-Z,VIN003635,591,610,7,23,8,"67,6","1624635,75"
2025-05-05,Porto Real,A,1,Hatch-Y,VIN003636,571,562,5,68,15,"86,7","1801849,77"
2025-03-27,Porto Real,D,1,Pickup-Z,VIN003637,518,505,5,7,14,"14,1","1000817,63"
2025-02-23,Betim,C,2,SUV-X,VIN003638,478,459,14,79,9,114,"1518719,46"
2025-02-20,Porto Real,A,3,Sedan-W,VIN003639,561,551,10,50,19,"52,7","1565316,94"
2025-01-23,Goiana,C,2,Sedan-W,VIN003640,405,425,14,31,18,"46,1","843320,58"
2025-02-26,Betim,D,2,Hatch-Y,VIN003641,473,454,9,4,17,"68,5","896409,99"
2025-01-29,Betim,C,2,Pickup-Z,VIN003642,559,539,14,80,11,"54,7","1371775,62"
2025-01-04,Porto Real,B,3,SUV-X,VIN003643,427,435,2,9,11,"38,4","975531,66"
2025-04-01,Goiana,A,1,SUV-X,VIN003644,556,524,5,20,17,"95,8","1337684,92"
2025-06-20,Porto Real,D,3,Sedan-W,VIN003645,559,566,6,70,17,"85,8","1401895,55"
2025-02-18,Goiana,C,3,SUV-X,VIN003646,625,621,15,59,19,"42,5","1930143,52"
2025-02-15,Goiana,D,2,Hatch-Y,VIN003647,464,499,13,39,16,"80,9","1110283,28"
2025-01-30,Betim,A,1,Sedan-W,VIN003648,537,529,11,73,15,"6,6","1438737,91"
2025-01-27,Goiana,C,2,SUV-X,VIN003649,411,447,8,43,19,"58,6","928480,81"
2025-01-28,Goiana,D,3,Sedan-W,VIN003650,577,598,6,73,14,"69,9","1445000,08"
2025-02-10,Betim,A,3,Hatch-Y,VIN003651,408,424,9,49,14,"21,6","1226825,11"
2025-05-09,Betim,B,3,Sedan-W,VIN003652,478,506,9,6,13,"114,9","1477953,2"
2025-04-09,Goiana,C,3,SUV-X,VIN003653,402,421,9,65,9,"115,2","977297,77"
2025-06-03,Betim,D,1,Hatch-Y,VIN003654,566,570,15,61,10,"63,8","1286358,38"
2025-04-09,Porto Real,C,2,SUV-X,VIN003655,626,620,0,51,20,"54,7","1201089,75"
2025-02-20,Goiana,B,3,Pickup-Z,VIN003656,446,425,7,54,18,"118,9","1119714,39"
2025-01-04,Porto Real,C,3,Sedan-W,VIN003657,459,442,10,49,11,"48,1","1312506,75"
2025-04-03,Porto Real,C,1,SUV-X,VIN003658,573,547,8,52,13,"27,9","1140707,74"
2025-01-18,Goiana,B,3,Pickup-Z,VIN003659,539,511,5,5,12,"102,7","1172631,38"
2025-05-08,Porto Real,C,2,SUV-X,VIN003660,492,510,5,82,20,"107,3","958926,89"
2025-02-24,Betim,C,3,Sedan-W,VIN003661,638,613,6,53,11,"108,3","1450705,75"
2025-06-10,Betim,A,3,Pickup-Z,VIN003662,583,557,0,61,19,"64,2","1496197,65"
2025-06-08,Porto Real,D,1,SUV-X,VIN003663,624,599,4,59,15,"40,5","1860235,32"
2025-04-13,Goiana,B,1,Pickup-Z,VIN003664,498,492,13,90,20,"49,4","1428965,51"
2025-06-21,Betim,D,3,SUV-X,VIN003665,662,644,1,23,20,"72,4","1775724,17"
2025-06-18,Goiana,B,3,Sedan-W,VIN003666,439,429,5,10,12,"60,9","1055747,86"
2025-04-11,Betim,A,3,Hatch-Y,VIN003667,562,553,12,27,15,"30,2","1082566,22"
2025-04-13,Betim,B,1,Pickup-Z,VIN003668,639,646,7,45,15,"115,2","1969429,99"
2025-03-18,Goiana,B,1,SUV-X,VIN003669,443,431,0,76,8,"38,3","1209989,23"
2025-01-14,Goiana,B,1,Hatch-Y,VIN003670,498,517,2,15,9,"101,5","931170,97"
2025-06-10,Porto Real,C,2,Pickup-Z,VIN003671,490,523,13,26,13,85,"1424512,46"
2025-02-01,Betim,B,2,Pickup-Z,VIN003672,542,529,0,72,13,"109,5","1638592,96"
2025-01-24,Betim,B,1,Hatch-Y,VIN003673,471,493,11,23,13,"66,8","1441858,45"
2025-04-29,Betim,A,3,SUV-X,VIN003674,418,450,10,82,11,"58,8","1330442,03"
2025-03-18,Betim,C,1,Sedan-W,VIN003675,515,500,1,73,16,"26,2","963942,16"
2025-01-22,Goiana,A,1,Sedan-W,VIN003676,435,438,5,60,13,"5,9","1377178,47"
2025-06-08,Betim,B,2,Hatch-Y,VIN003677,599,605,5,41,17,"49,1","1199291,42"
2025-03-10,Porto Real,D,1,Sedan-W,VIN003678,627,612,7,62,11,"86,5","1727105,48"
2025-06-21,Porto Real,C,2,Hatch-Y,VIN003679,549,570,2,28,20,"105,9","1302227,74"
2025-04-28,Porto Real,B,3,Pickup-Z,VIN003680,627,645,1,86,20,"91,8","1787719,19"
2025-06-08,Betim,A,2,Sedan-W,VIN003681,566,602,5,47,15,"74,4","1616918,89"
2025-05-15,Porto Real,A,3,Pickup-Z,VIN003682,414,422,15,84,15,"46,5","1187490,1"
2025-04-12,Betim,A,2,Sedan-W,VIN003683,488,475,8,61,13,"75,9","922299,21"
2025-02-07,Betim,B,2,SUV-X,VIN003684,479,517,8,57,20,"88,7","1343141,9"
2025-05-20,Goiana,B,3,SUV-X,VIN003685,471,492,12,60,9,"99,9","1387889,26"
2025-03-22,Goiana,D,1,Hatch-Y,VIN003686,511,516,2,32,16,"69,3","931074,99"
2025-04-09,Betim,D,1,Sedan-W,VIN003687,658,627,1,32,16,"83,2","1766817,02"
2025-05-20,Porto Real,B,3,Hatch-Y,VIN003688,635,634,3,32,19,"27,9","1392293,26"
2025-05-20,Betim,A,1,Pickup-Z,VIN003689,389,425,0,63,12,103,"1069656,65"
2025-06-19,Goiana,B,3,Sedan-W,VIN003690,465,498,9,21,10,8,"1040660,73"
2025-02-03,Porto Real,D,3,SUV-X,VIN003691,587,608,13,25,13,"17,7","1540781,91"
2025-04-02,Betim,A,3,SUV-X,VIN003692,613,591,5,70,15,"28,9","1471988,18"
2025-05-14,Porto Real,D,1,Pickup-Z,VIN003693,536,510,15,61,19,"38,2","1146476,43"
2025-06-16,Porto Real,C,1,SUV-X,VIN003694,511,515,10,11,19,"119,2","1530259,53"
2025-04-26,Goiana,C,3,SUV-X,VIN003695,535,544,11,10,9,"64,3","1173009,91"
2025-02-23,Betim,D,2,SUV-X,VIN003696,423,438,1,22,13,49,"783265,66"
2025-01-17,Goiana,C,3,Pickup-Z,VIN003697,420,443,13,54,10,"82,8","1244607,49"
2025-02-10,Betim,C,1,Sedan-W,VIN003698,488,464,2,82,18,"73,7","951339,55"
2025-03-26,Porto Real,D,2,Pickup-Z,VIN003699,629,623,3,15,10,"15,2","1550448,33"
2025-05-08,Porto Real,B,3,SUV-X,VIN003700,524,504,15,46,9,97,"1417534,47"
2025-06-09,Goiana,A,2,Pickup-Z,VIN003701,629,638,0,62,9,"63,2","1477877,93"
2025-04-02,Porto Real,A,2,Sedan-W,VIN003702,490,518,1,41,20,"57,7","1506793,89"
2025-01-18,Goiana,B,3,Hatch-Y,VIN003703,552,541,5,43,20,"114,3","1687201,52"
2025-04-26,Goiana,D,3,Sedan-W,VIN003704,642,636,8,68,14,"91,5","1255556,84"
2025-03-03,Porto Real,B,3,SUV-X,VIN003705,536,527,1,13,19,"105,7","1461146,61"
2025-03-29,Betim,A,3,Sedan-W,VIN003706,669,639,12,73,18,"56,2","1646706,71"
2025-06-09,Porto Real,D,3,Pickup-Z,VIN003707,491,502,3,42,13,"83,8","954521,1"
2025-02-05,Porto Real,D,1,SUV-X,VIN003708,590,601,7,52,14,"27,7","1772476,42"
2025-04-26,Goiana,A,1,SUV-X,VIN003709,621,646,8,67,17,"47,7","1228647,78"
2025-03-19,Porto Real,A,1,Sedan-W,VIN003710,553,550,9,84,19,"89,4","1703136,81"
2025-05-17,Goiana,A,3,SUV-X,VIN003711,451,452,15,11,13,"78,9","816113,08"
2025-06-14,Porto Real,C,3,Hatch-Y,VIN003712,543,518,3,59,19,"106,8","1605024,14"
2025-02-07,Goiana,C,1,SUV-X,VIN003713,619,634,13,23,12,"31,1","1970835,93"
2025-03-13,Betim,D,3,Sedan-W,VIN003714,577,565,10,5,10,"76,5","1776507,64"
2025-05-23,Goiana,C,2,Hatch-Y,VIN003715,589,571,3,13,18,"89,2","1761533,91"
2025-06-21,Goiana,A,1,SUV-X,VIN003716,510,539,2,70,10,"112,9","1551711,44"
2025-03-20,Porto Real,A,1,Pickup-Z,VIN003717,573,572,13,62,12,"31,7","1415745,44"
2025-05-13,Betim,D,3,Pickup-Z,VIN003718,495,507,4,61,13,"57,2","927930,7"
2025-05-17,Porto Real,C,2,Hatch-Y,VIN003719,450,432,14,78,18,"113,7","936985,65"
2025-01-01,Goiana,C,2,Sedan-W,VIN003720,546,562,6,39,11,"38,6","1632743,21"
2025-05-23,Betim,A,2,Hatch-Y,VIN003721,631,641,11,1,20,"63,6","1170470,55"
2025-05-26,Betim,C,3,Sedan-W,VIN003722,476,464,13,45,18,"48,3","1224683,38"
2025-06-22,Goiana,B,3,SUV-X,VIN003723,532,523,12,39,13,34,"1617239,18"
2025-04-07,Goiana,C,2,SUV-X,VIN003724,447,430,6,37,10,"114,4","1039613,45"
2025-01-15,Betim,C,2,Hatch-Y,VIN003725,575,595,10,80,11,30,"1258076,81"
2025-05-24,Goiana,B,1,Sedan-W,VIN003726,610,628,9,29,10,"53,3","1660911,67"
2025-04-28,Betim,A,3,Pickup-Z,VIN003727,416,456,10,23,20,"105,1","1032836,22"
2025-02-05,Porto Real,B,1,Hatch-Y,VIN003728,617,630,15,56,10,"95,6","1198558,55"
2025-02-16,Porto Real,D,1,Hatch-Y,VIN003729,497,530,6,54,17,"89,3","1158745,47"
2025-01-22,Porto Real,D,1,Pickup-Z,VIN003730,437,449,5,30,12,"107,8","1100307,37"
2025-06-28,Porto Real,C,1,SUV-X,VIN003731,589,601,11,11,16,"61,7","1483970,89"
2025-05-09,Betim,C,3,Hatch-Y,VIN003732,524,490,2,79,18,"17,3","1086791,21"
2025-04-06,Betim,D,1,Hatch-Y,VIN003733,454,444,1,90,9,"98,4","845709,97"
2025-01-17,Porto Real,A,2,SUV-X,VIN003734,556,539,6,37,8,"22,4","1556710,58"
2025-03-29,Porto Real,C,3,SUV-X,VIN003735,453,477,4,49,15,"56,6","967527,46"
2025-05-02,Porto Real,B,3,Sedan-W,VIN003736,564,578,9,68,14,"20,1","1240597,32"
2025-03-26,Goiana,C,3,Hatch-Y,VIN003737,462,436,0,67,14,"95,3","931898,53"
2025-06-27,Porto Real,B,1,Sedan-W,VIN003738,549,560,14,16,8,"35,5","1429738,06"
2025-06-17,Betim,A,3,Pickup-Z,VIN003739,533,519,4,6,9,"62,3","1455959,99"
2025-03-05,Betim,A,3,Sedan-W,VIN003740,501,515,10,32,11,"31,1","1352921,08"
2025-01-08,Betim,B,1,Pickup-Z,VIN003741,535,546,3,40,14,"26,8","1631188,15"
2025-03-17,Porto Real,D,2,SUV-X,VIN003742,482,496,1,37,14,"102,8","1360030,49"
2025-06-07,Goiana,A,1,Sedan-W,VIN003743,448,449,12,21,13,"28,7","1082637,19"
2025-03-28,Goiana,A,2,SUV-X,VIN003744,511,488,12,77,9,"19,3","1298044,57"
2025-05-18,Goiana,A,1,SUV-X,VIN003745,452,461,10,29,11,"108,7","1049748,58"
2025-06-01,Porto Real,B,1,SUV-X,VIN003746,470,488,14,49,19,"18,9","1064420,49"
2025-06-02,Porto Real,C,3,Hatch-Y,VIN003747,465,476,15,43,13,"34,8","1058546,42"
2025-03-11,Betim,B,1,Pickup-Z,VIN003748,670,648,13,0,10,"31,6","1964742,65"
2025-04-22,Porto Real,D,1,Pickup-Z,VIN003749,566,600,15,66,11,83,"1477006,49"
2025-03-20,Betim,A,3,Pickup-Z,VIN003750,540,518,6,76,8,"113,2","1348163,79"
2025-05-09,Goiana,C,1,Pickup-Z,VIN003751,516,486,4,29,19,81,"1421521,53"
2025-03-07,Betim,D,2,Hatch-Y,VIN003752,440,465,13,30,18,"14,6","1334682,46"
2025-02-21,Goiana,D,3,Hatch-Y,VIN003753,547,520,9,12,16,"6,5","1351857,39"
2025-06-23,Goiana,B,1,SUV-X,VIN003754,636,609,5,64,10,"94,4","1284962,72"
2025-02-21,Betim,D,3,Pickup-Z,VIN003755,612,609,13,62,20,"88,7","1957086,29"
2025-03-25,Porto Real,A,3,Sedan-W,VIN003756,431,435,12,3,18,"16,8","837033,58"
2025-01-24,Porto Real,D,1,Sedan-W,VIN003757,465,444,7,47,16,"14,2","1481878,09"
2025-04-17,Goiana,D,1,Hatch-Y,VIN003758,660,645,12,27,16,"77,1","1231102,98"
2025-02-01,Goiana,A,1,Pickup-Z,VIN003759,469,480,3,12,8,"95,8","883588,77"
2025-05-26,Betim,D,1,Sedan-W,VIN003760,454,427,2,79,9,"48,9","1377625,93"
2025-04-27,Goiana,B,2,SUV-X,VIN003761,659,649,7,25,12,"46,9","2059840,1"
2025-03-22,Porto Real,C,2,SUV-X,VIN003762,450,451,7,52,12,"35,8","1264871,55"
2025-03-29,Betim,B,1,SUV-X,VIN003763,477,504,13,28,11,"60,5","1194083,26"
2025-04-20,Betim,A,1,Hatch-Y,VIN003764,513,538,13,29,11,"88,6","944954,95"
2025-03-26,Goiana,B,1,Hatch-Y,VIN003765,636,641,6,12,12,"71,4","1822831,99"
2025-05-19,Betim,D,1,SUV-X,VIN003766,613,588,1,60,8,17,"1831135,64"
2025-01-06,Betim,D,2,Sedan-W,VIN003767,610,621,0,52,14,"99,9","1545705,57"
2025-03-06,Porto Real,D,3,Pickup-Z,VIN003768,415,439,6,58,12,"65,5","934577,46"
2025-04-02,Porto Real,D,3,Hatch-Y,VIN003769,441,431,6,37,10,"25,1","1169356,11"
2025-06-27,Goiana,B,3,Hatch-Y,VIN003770,384,421,9,27,13,"27,6","791659,42"
2025-06-19,Porto Real,C,2,SUV-X,VIN003771,604,569,15,0,13,"59,2","1403623,67"
2025-06-24,Goiana,C,3,SUV-X,VIN003772,648,629,11,11,8,"79,5","1239114,67"
2025-04-04,Porto Real,B,1,Pickup-Z,VIN003773,480,492,6,75,16,"54,2","1153447,4"
2025-03-29,Betim,B,3,Pickup-Z,VIN003774,497,505,15,56,9,"60,1","1011771,73"
2025-03-20,Goiana,C,2,Hatch-Y,VIN003775,567,591,11,8,18,"54,2","1269575,56"
2025-04-23,Goiana,C,1,Sedan-W,VIN003776,594,575,7,46,16,"43,6","1223763,54"
2025-03-14,Goiana,D,2,SUV-X,VIN003777,596,624,15,38,19,"18,8","1141025,81"
2025-01-30,Porto Real,A,3,Sedan-W,VIN003778,528,536,13,18,16,"109,9","1245913,66"
2025-05-02,Porto Real,A,2,Pickup-Z,VIN003779,529,555,11,29,9,"63,2","1278847,7"
2025-01-12,Betim,A,1,Sedan-W,VIN003780,453,481,13,5,14,"97,4","1241957,28"
2025-03-21,Goiana,D,2,Pickup-Z,VIN003781,410,447,1,72,8,"19,9","922742,76"
2025-04-02,Betim,D,2,SUV-X,VIN003782,576,546,12,24,15,"41,4","1711209,23"
2025-02-11,Porto Real,D,1,Sedan-W,VIN003783,603,587,15,66,18,"82,8","1236779,54"
2025-06-15,Porto Real,A,1,SUV-X,VIN003784,567,583,9,22,15,"15,6","1603369,82"
2025-01-18,Betim,D,1,SUV-X,VIN003785,595,589,14,31,15,"12,7","1648560,68"
2025-03-22,Porto Real,D,1,Pickup-Z,VIN003786,582,549,4,24,11,"50,4","1239977,13"
2025-02-08,Porto Real,C,2,SUV-X,VIN003787,469,470,15,73,17,"109,3","1081686,86"
2025-06-07,Betim,B,3,Pickup-Z,VIN003788,489,494,6,13,12,"74,8","967295,92"
2025-06-29,Porto Real,D,3,Hatch-Y,VIN003789,437,467,3,77,11,"68,5","820983,83"
2025-02-13,Betim,B,3,Sedan-W,VIN003790,504,509,14,72,17,"15,3","1195779,28"
2025-02-22,Goiana,C,1,Pickup-Z,VIN003791,572,561,12,82,20,"68,3","1523508,41"
2025-05-06,Betim,B,3,Pickup-Z,VIN003792,608,590,12,27,13,"93,1","1676580,65"
2025-01-13,Betim,C,3,Hatch-Y,VIN003793,478,478,2,19,9,"59,1","1373030,86"
2025-05-03,Porto Real,B,2,Sedan-W,VIN003794,639,615,14,13,14,"69,5","1446713,58"
2025-06-24,Betim,C,1,Sedan-W,VIN003795,475,479,12,40,19,29,"959498,44"
2025-01-06,Goiana,B,3,Sedan-W,VIN003796,613,587,1,5,20,"36,1","1414915,6"
2025-01-16,Goiana,A,2,SUV-X,VIN003797,574,548,7,63,12,"59,8","1226785,51"
2025-02-04,Goiana,B,3,Hatch-Y,VIN003798,507,539,9,3,12,"104,6","1450360,8"
2025-01-02,Porto Real,D,1,Pickup-Z,VIN003799,679,647,11,53,18,"44,4",1533599
2025-02-06,Betim,C,2,Hatch-Y,VIN003800,560,566,11,76,14,"100,6","1146569,78"
2025-01-29,Betim,A,3,SUV-X,VIN003801,654,623,2,22,14,"58,4","1457868,14"
2025-06-23,Porto Real,D,3,Hatch-Y,VIN003802,497,470,0,7,12,"115,2","1318719,97"
2025-06-20,Porto Real,C,3,Pickup-Z,VIN003803,598,614,1,68,10,"117,6","1610933,2"
2025-04-07,Porto Real,A,3,Pickup-Z,VIN003804,496,469,1,31,15,"70,9","1309250,63"
2025-03-03,Porto Real,A,3,Sedan-W,VIN003805,454,451,7,1,20,"36,9","1348958,82"
2025-03-23,Goiana,C,2,Pickup-Z,VIN003806,513,499,2,25,8,"80,5","1068871,37"
2025-05-07,Porto Real,C,1,Sedan-W,VIN003807,542,571,1,40,14,"26,3","1356153,91"
2025-05-19,Goiana,B,3,Pickup-Z,VIN003808,625,617,14,84,19,"80,3","1146512,2"
2025-05-03,Goiana,D,1,SUV-X,VIN003809,583,600,14,6,12,48,"1426356,77"
2025-02-26,Goiana,D,1,Sedan-W,VIN003810,434,466,12,50,18,"108,8","1135847,94"
2025-03-11,Betim,C,3,Pickup-Z,VIN003811,508,493,12,0,17,"12,2","1296511,9"
2025-01-31,Betim,D,1,Pickup-Z,VIN003812,452,492,11,12,13,"62,9","1424187,12"
2025-06-06,Betim,C,3,SUV-X,VIN003813,539,543,14,40,9,"99,3","1445279,26"
2025-04-17,Goiana,D,2,Sedan-W,VIN003814,520,505,14,56,19,77,"1478374,8"
2025-01-28,Goiana,D,1,Hatch-Y,VIN003815,569,556,9,72,12,"28,6","1528488,01"
2025-05-11,Goiana,A,1,SUV-X,VIN003816,565,535,11,19,14,"54,4","1704382,77"
2025-04-09,Goiana,D,3,Pickup-Z,VIN003817,501,517,11,73,8,"17,3","1203004,75"
2025-05-11,Betim,A,1,Hatch-Y,VIN003818,480,474,7,14,14,"22,6",1376730
2025-05-17,Porto Real,C,1,Hatch-Y,VIN003819,658,646,4,86,12,10,"1684517,22"
2025-01-11,Porto Real,B,1,SUV-X,VIN003820,578,588,12,87,10,"43,1","1809392,78"
2025-01-12,Goiana,C,2,Sedan-W,VIN003821,531,568,4,65,9,"46,9","1601876,57"
2025-05-27,Goiana,D,2,Sedan-W,VIN003822,438,453,0,46,14,"35,8","924433,37"
2025-03-02,Porto Real,B,1,Hatch-Y,VIN003823,580,574,0,43,20,"82,6","1638891,81"
2025-01-30,Porto Real,C,2,Pickup-Z,VIN003824,547,565,8,43,15,"56,6","1473210,65"
2025-05-12,Porto Real,C,3,SUV-X,VIN003825,601,586,4,35,12,"118,9","1082789,72"
2025-05-12,Betim,C,3,SUV-X,VIN003826,484,462,14,58,16,68,"1050067,09"
2025-02-08,Betim,D,2,Hatch-Y,VIN003827,514,534,12,74,14,"116,8","1212368,79"
2025-01-03,Goiana,C,1,Sedan-W,VIN003828,472,450,1,34,13,"112,6","1232497,86"
2025-01-29,Porto Real,C,1,SUV-X,VIN003829,483,485,5,7,18,"14,3","933280,82"
2025-06-28,Porto Real,D,1,SUV-X,VIN003830,580,561,4,55,20,"67,5","1222483,19"
2025-01-19,Porto Real,D,3,SUV-X,VIN003831,641,639,10,21,13,"88,6","1528713,87"
2025-02-08,Betim,B,3,Pickup-Z,VIN003832,534,532,13,84,11,"26,9","1500897,77"
2025-01-17,Goiana,A,2,Hatch-Y,VIN003833,606,576,8,18,14,"15,3","1246761,64"
2025-03-20,Porto Real,C,3,Pickup-Z,VIN003834,650,629,1,48,18,"114,6","1515709,58"
2025-05-21,Betim,A,3,SUV-X,VIN003835,560,526,6,53,11,"70,5","1328459,59"
2025-04-01,Goiana,C,1,Hatch-Y,VIN003836,589,599,12,48,9,"66,2","1578958,46"
2025-05-29,Betim,B,1,SUV-X,VIN003837,538,506,10,65,16,"107,2","1143656,76"
2025-06-24,Betim,A,1,Hatch-Y,VIN003838,585,553,15,90,16,"34,5","1065647,03"
2025-01-27,Goiana,A,1,Pickup-Z,VIN003839,519,507,8,62,12,85,"1043008,22"
2025-01-17,Betim,C,3,Pickup-Z,VIN003840,534,570,5,65,13,"88,2","1683227,19"
2025-06-23,Goiana,A,3,Pickup-Z,VIN003841,464,439,14,50,9,106,"1061430,07"
2025-05-26,Porto Real,C,3,Pickup-Z,VIN003842,556,568,2,8,10,"44,7","1427067,37"
2025-01-24,Betim,C,2,SUV-X,VIN003843,472,511,4,36,20,"59,3","1319282,33"
2025-05-25,Goiana,B,1,Pickup-Z,VIN003844,588,626,5,85,14,"34,9","1697917,7"
2025-01-19,Porto Real,A,2,Pickup-Z,VIN003845,515,502,13,47,16,"82,6","1450062,28"
2025-04-29,Betim,D,3,SUV-X,VIN003846,473,487,11,43,9,17,"1078810,27"
2025-01-29,Porto Real,A,1,SUV-X,VIN003847,592,583,11,84,15,"70,2","1801232,01"
2025-01-09,Betim,D,1,Hatch-Y,VIN003848,522,515,9,62,16,"82,1","1400958,17"
2025-04-24,Goiana,C,1,Pickup-Z,VIN003849,506,516,1,59,16,"24,8","1089034,62"
2025-01-18,Goiana,C,2,Pickup-Z,VIN003850,514,496,10,63,12,"14,5","1439733,37"
2025-03-25,Porto Real,B,2,SUV-X,VIN003851,594,566,6,67,17,"106,7","1077387,73"
2025-05-23,Betim,D,3,Pickup-Z,VIN003852,544,541,11,33,20,"64,6","1352262,13"
2025-01-19,Porto Real,A,2,SUV-X,VIN003853,472,485,13,47,11,"82,3","1235410,14"
2025-05-02,Betim,D,1,Sedan-W,VIN003854,462,431,7,18,10,"72,2","1305390,83"
2025-05-03,Betim,B,1,Pickup-Z,VIN003855,554,535,12,18,10,"72,1","1175652,87"
2025-02-23,Betim,A,3,Pickup-Z,VIN003856,583,609,5,57,16,"111,6","1410650,42"
2025-04-11,Porto Real,C,3,SUV-X,VIN003857,621,595,11,90,10,"40,4","1677100,64"
2025-02-24,Goiana,A,1,Hatch-Y,VIN003858,474,514,8,32,15,"35,9","919704,2"
2025-02-04,Goiana,D,2,Sedan-W,VIN003859,429,420,14,82,16,"107,3","988409,37"
2025-06-11,Porto Real,C,1,Hatch-Y,VIN003860,529,562,11,47,9,113,"1013875,2"
2025-05-06,Betim,D,3,Pickup-Z,VIN003861,524,542,6,67,20,"103,6","1594607,59"
2025-03-31,Betim,C,2,SUV-X,VIN003862,441,455,12,19,8,"60,1","906288,71"
2025-03-27,Porto Real,C,3,Hatch-Y,VIN003863,631,650,4,89,20,"70,9","1415874,04"
2025-03-27,Betim,B,2,Hatch-Y,VIN003864,437,421,14,39,8,"35,2","1333740,28"
2025-06-06,Porto Real,D,2,SUV-X,VIN003865,577,575,11,85,9,12,"1572478,84"
2025-03-29,Goiana,C,1,Pickup-Z,VIN003866,540,512,1,73,13,85,"1719873,72"
2025-06-17,Goiana,A,3,Sedan-W,VIN003867,640,611,3,34,8,"38,7","1257089,66"
2025-05-31,Betim,A,1,Hatch-Y,VIN003868,426,425,10,48,16,"82,1","1288015,06"
2025-06-03,Porto Real,A,1,Hatch-Y,VIN003869,517,489,2,26,11,"40,8","1551605,2"
2025-06-15,Porto Real,D,1,Hatch-Y,VIN003870,549,544,11,40,17,"37,8","1315624,64"
2025-02-21,Porto Real,D,3,Sedan-W,VIN003871,452,459,5,87,9,"96,5","1444889,8"
2025-03-03,Betim,C,3,Pickup-Z,VIN003872,546,573,8,87,10,"78,5","1678082,19"
2025-03-16,Porto Real,D,3,SUV-X,VIN003873,594,621,9,37,20,"81,7","1608757,8"
2025-06-08,Betim,C,2,Hatch-Y,VIN003874,499,474,12,39,17,"65,6","1199224,8"
2025-04-01,Porto Real,B,1,Sedan-W,VIN003875,508,508,15,36,9,"26,1","1585781,01"
2025-01-03,Betim,D,1,Hatch-Y,VIN003876,616,611,0,72,18,30,"1932732,15"
2025-05-13,Porto Real,C,3,Hatch-Y,VIN003877,598,581,1,14,10,"36,7","1416449,16"
2025-03-13,Betim,D,2,Pickup-Z,VIN003878,425,452,10,63,19,"12,6","1252546,9"
2025-05-12,Goiana,A,1,Sedan-W,VIN003879,564,583,12,32,8,"34,4","1647149,86"
2025-02-11,Porto Real,A,2,Hatch-Y,VIN003880,604,623,4,63,11,"99,7","1450036,13"
2025-06-28,Porto Real,B,2,Pickup-Z,VIN003881,483,522,14,9,15,87,"1087124,47"
2025-01-18,Porto Real,A,1,Pickup-Z,VIN003882,540,521,10,75,8,"96,8","1076355,33"
2025-04-01,Goiana,C,2,Sedan-W,VIN003883,551,566,0,4,12,"55,3","1485663,56"
2025-03-10,Goiana,A,2,Pickup-Z,VIN003884,469,487,12,18,13,"9,6",1331032
2025-04-13,Betim,A,2,SUV-X,VIN003885,533,505,1,10,12,117,"1419421,82"
2025-02-11,Goiana,B,3,Sedan-W,VIN003886,494,533,12,41,13,"115,1","1352998,97"
2025-06-09,Betim,B,1,Sedan-W,VIN003887,531,569,14,82,15,"53,9","1687968,75"
2025-05-03,Porto Real,D,2,Sedan-W,VIN003888,550,564,14,59,14,"98,6","1685755,84"
2025-02-21,Goiana,D,2,Hatch-Y,VIN003889,497,477,7,47,14,"119,1","1074696,92"
2025-02-08,Goiana,A,1,Pickup-Z,VIN003890,607,602,14,68,11,"46,3","1716080,44"
2025-04-14,Goiana,A,3,Sedan-W,VIN003891,638,607,1,66,12,"59,4","1696950,08"
2025-06-28,Betim,D,2,Hatch-Y,VIN003892,605,573,7,2,18,"37,3","1934296,83"
2025-02-08,Porto Real,D,3,SUV-X,VIN003893,522,561,13,15,17,"24,1","1402393,76"
2025-04-24,Betim,A,3,Sedan-W,VIN003894,519,545,5,13,9,"111,5","1209414,32"
2025-06-06,Porto Real,C,3,SUV-X,VIN003895,594,616,10,23,15,"80,7","1387502,57"
2025-03-16,Goiana,A,3,Hatch-Y,VIN003896,472,451,9,71,18,"25,8","1464645,34"
2025-02-19,Betim,A,1,SUV-X,VIN003897,565,557,5,83,15,"99,8","1379008,75"
2025-06-27,Goiana,D,3,SUV-X,VIN003898,396,429,8,45,13,"30,7","831105,94"
2025-06-12,Betim,A,1,Hatch-Y,VIN003899,460,447,5,38,10,"89,4","874737,6"
2025-05-01,Porto Real,C,2,SUV-X,VIN003900,444,439,5,44,8,"112,4","1209679,65"
2025-06-22,Porto Real,B,1,SUV-X,VIN003901,426,445,14,7,17,"36,7","828932,97"
2025-06-01,Porto Real,B,3,SUV-X,VIN003902,602,575,3,77,8,"67,6","1885470,28"
2025-05-11,Porto Real,D,1,Pickup-Z,VIN003903,625,611,5,56,17,"88,2","1930770,03"
2025-06-25,Porto Real,A,2,Hatch-Y,VIN003904,485,502,14,32,9,"114,9","923794,48"
2025-05-18,Betim,B,1,Pickup-Z,VIN003905,643,610,0,42,15,"83,1","1689623,5"
2025-02-02,Porto Real,D,2,Hatch-Y,VIN003906,601,640,14,0,10,"10,3","1157617,25"
2025-05-03,Goiana,B,1,Sedan-W,VIN003907,619,642,14,62,11,"76,7","1390337,61"
2025-02-26,Goiana,A,1,Hatch-Y,VIN003908,541,574,6,87,19,"35,8","1442516,61"
2025-03-27,Porto Real,D,1,Sedan-W,VIN003909,466,450,3,55,20,"52,3","927597,17"
2025-05-29,Porto Real,A,1,SUV-X,VIN003910,610,617,7,72,16,"59,6","1190384,4"
2025-04-04,Betim,A,2,Pickup-Z,VIN003911,631,599,13,18,11,48,"1383915,7"
2025-06-26,Betim,D,3,Pickup-Z,VIN003912,585,569,5,17,16,"70,9","1738349,83"
2025-04-24,Betim,D,1,Hatch-Y,VIN003913,549,516,15,70,18,"100,4","1543307,31"
2025-05-04,Porto Real,D,1,SUV-X,VIN003914,441,471,13,36,12,"7,9","867276,16"
2025-04-29,Betim,B,1,Hatch-Y,VIN003915,618,650,6,48,11,"36,5","1619852,17"
2025-02-16,Betim,B,3,SUV-X,VIN003916,415,452,5,62,13,"70,4","1322871,57"
2025-02-02,Goiana,A,2,Sedan-W,VIN003917,568,543,6,62,18,"75,6","1080879,79"
2025-05-21,Betim,A,1,Pickup-Z,VIN003918,424,462,4,24,19,"23,7","1182263,19"
2025-01-16,Porto Real,D,3,SUV-X,VIN003919,460,495,13,60,16,"95,5","1310122,9"
2025-03-24,Porto Real,D,2,Pickup-Z,VIN003920,576,601,1,88,18,"37,9","1140920,96"
2025-05-31,Porto Real,C,2,Sedan-W,VIN003921,515,553,11,14,14,"17,3","1289369,01"
2025-03-26,Betim,B,2,Pickup-Z,VIN003922,494,466,3,39,20,"42,4","1323218,02"
2025-03-08,Goiana,B,3,SUV-X,VIN003923,607,584,12,65,11,"37,7","1487813,54"
2025-05-06,Betim,D,3,Sedan-W,VIN003924,665,640,14,69,16,"109,2","1679322,31"
2025-02-13,Goiana,A,2,Hatch-Y,VIN003925,591,597,0,44,16,"87,9","1353799,36"
2025-01-25,Porto Real,B,2,SUV-X,VIN003926,456,486,5,56,11,"112,8","844787,56"
2025-04-05,Goiana,C,2,Hatch-Y,VIN003927,634,630,7,37,9,"57,4","1637883,62"
2025-04-03,Goiana,B,3,Sedan-W,VIN003928,582,603,12,70,8,40,"1366523,29"
2025-06-17,Goiana,C,3,SUV-X,VIN003929,512,526,1,18,18,"65,1","1151136,04"
2025-06-28,Goiana,B,1,Hatch-Y,VIN003930,472,445,8,81,14,"37,6","888579,2"
2025-06-05,Goiana,D,3,Pickup-Z,VIN003931,650,648,11,73,20,53,"1264134,42"
2025-03-25,Porto Real,D,2,Pickup-Z,VIN003932,444,444,11,87,16,"50,3","1044019,6"
2025-06-24,Goiana,B,1,Hatch-Y,VIN003933,600,637,1,35,14,"112,2","1420750,21"
2025-05-29,Porto Real,C,2,Sedan-W,VIN003934,540,523,13,20,20,116,"1035149,25"
2025-03-05,Betim,C,1,Hatch-Y,VIN003935,491,525,4,54,14,"80,7",1056900
2025-06-20,Goiana,C,2,Sedan-W,VIN003936,484,505,6,85,17,"58,9","1291566,69"
2025-06-01,Porto Real,B,3,Sedan-W,VIN003937,515,535,13,64,17,"34,3","1364122,88"
2025-04-27,Betim,D,2,Pickup-Z,VIN003938,625,646,1,41,17,"82,6","1403492,03"
2025-01-27,Porto Real,B,1,Sedan-W,VIN003939,490,461,13,38,19,"72,6","1210388,46"
2025-04-06,Betim,A,2,Pickup-Z,VIN003940,439,439,3,88,20,"118,4","987138,65"
2025-01-15,Betim,A,2,SUV-X,VIN003941,390,428,10,52,11,"11,1","764025,45"
2025-01-26,Betim,A,3,Hatch-Y,VIN003942,555,549,8,1,18,"40,4","1338286,18"
2025-06-13,Betim,A,3,SUV-X,VIN003943,573,578,9,72,12,"60,3","1104003,37"
2025-01-25,Goiana,C,2,Sedan-W,VIN003944,537,542,8,61,12,"48,8","1451270,58"
2025-04-26,Porto Real,A,2,Pickup-Z,VIN003945,474,443,1,58,16,"97,4","1120591,29"
2025-02-08,Betim,A,1,Pickup-Z,VIN003946,478,514,9,7,19,69,"1417548,58"
2025-04-23,Betim,D,1,Hatch-Y,VIN003947,612,628,5,31,9,"114,3","1873762,99"
2025-03-02,Betim,D,1,Sedan-W,VIN003948,632,608,8,32,16,5,"1934513,55"
2025-06-16,Porto Real,B,3,Pickup-Z,VIN003949,457,454,11,61,10,"84,9","934318,14"
2025-02-20,Porto Real,B,3,SUV-X,VIN003950,507,515,8,3,11,"24,6","923419,21"
2025-05-18,Betim,A,2,SUV-X,VIN003951,629,613,8,62,8,"9,2","1686903,78"
2025-01-23,Betim,B,3,SUV-X,VIN003952,456,485,13,48,18,63,"1281349,74"
2025-01-21,Goiana,B,1,Sedan-W,VIN003953,612,627,1,41,18,"48,6","1658252,17"
2025-02-09,Goiana,A,1,Hatch-Y,VIN003954,575,570,15,53,18,"28,1","1134727,39"
2025-05-26,Betim,C,3,Sedan-W,VIN003955,450,420,6,7,18,"98,5","813848,69"
2025-04-23,Porto Real,C,2,Pickup-Z,VIN003956,474,508,6,6,8,"27,3","998823,41"
2025-04-06,Porto Real,A,2,Pickup-Z,VIN003957,525,495,9,29,14,"13,9","1159586,03"
2025-04-17,Betim,D,1,Hatch-Y,VIN003958,494,489,7,22,19,"68,8","1200493,85"
2025-05-17,Porto Real,C,1,Hatch-Y,VIN003959,464,467,5,24,15,"73,8","1379967,84"
2025-03-20,Goiana,B,3,Sedan-W,VIN003960,591,603,14,63,13,17,"1476359,06"
2025-04-07,Goiana,D,2,Pickup-Z,VIN003961,469,507,8,18,8,"78,2",1487229
2025-02-05,Goiana,C,2,Hatch-Y,VIN003962,615,589,6,63,16,"27,3","1228229,06"
2025-04-23,Porto Real,D,2,Hatch-Y,VIN003963,571,558,14,34,16,"89,5","1209102,48"
2025-06-18,Goiana,A,3,SUV-X,VIN003964,544,572,12,28,10,32,"1642943,57"
2025-03-04,Betim,D,1,Sedan-W,VIN003965,475,506,12,62,11,"6,5","1287365,44"
2025-05-06,Porto Real,B,3,Pickup-Z,VIN003966,420,422,10,10,12,"119,6","809059,31"
2025-01-20,Betim,D,2,Hatch-Y,VIN003967,461,475,8,42,15,"102,9","1423005,7"
2025-01-28,Betim,B,2,Sedan-W,VIN003968,468,477,14,67,18,"85,5","1363730,15"
2025-06-02,Betim,D,2,Pickup-Z,VIN003969,542,537,6,54,12,"68,3","1593665,53"
2025-04-05,Porto Real,B,1,SUV-X,VIN003970,656,646,12,12,17,99,"1443449,38"
2025-06-04,Goiana,D,3,Sedan-W,VIN003971,392,430,10,72,12,"82,8","888993,98"
2025-03-12,Betim,B,1,Sedan-W,VIN003972,536,543,10,75,13,"86,7","1068669,17"
2025-02-13,Betim,B,3,Sedan-W,VIN003973,466,475,15,34,8,"77,5","853151,34"
2025-03-04,Porto Real,D,1,Pickup-Z,VIN003974,448,426,5,45,18,"25,3","1194228,05"
2025-02-01,Goiana,D,2,Hatch-Y,VIN003975,596,564,10,77,10,"110,7","1692161,62"
2025-01-27,Porto Real,D,2,Sedan-W,VIN003976,634,637,12,77,8,"9,3","1545366,03"
2025-04-02,Porto Real,A,3,Sedan-W,VIN003977,540,541,3,18,17,"23,1","1717128,11"
2025-04-05,Porto Real,A,3,SUV-X,VIN003978,531,521,1,12,12,"58,8","1157599,98"
2025-02-17,Porto Real,C,1,Sedan-W,VIN003979,504,485,13,79,8,"27,1","1082997,57"
2025-03-10,Porto Real,B,2,SUV-X,VIN003980,396,435,3,58,10,"95,6","765762,66"
2025-06-27,Goiana,D,1,Hatch-Y,VIN003981,608,628,0,63,11,"80,3","1263028,73"
2025-03-10,Porto Real,D,3,Sedan-W,VIN003982,623,611,13,87,19,"80,5","1569680,95"
2025-01-28,Goiana,B,1,Sedan-W,VIN003983,584,595,1,23,14,"57,5","1621163,81"
2025-06-17,Goiana,B,3,SUV-X,VIN003984,480,509,2,86,11,"18,5","1458571,64"
2025-06-18,Goiana,B,1,Pickup-Z,VIN003985,608,600,9,74,20,12,"1724193,92"
2025-06-26,Goiana,A,3,Pickup-Z,VIN003986,652,646,10,57,19,"19,5","1577804,1"
2025-01-30,Porto Real,D,2,Sedan-W,VIN003987,594,598,11,62,19,"6,3","1562184,02"
2025-03-28,Betim,B,3,Hatch-Y,VIN003988,560,584,15,63,19,"103,3","1483378,77"
2025-04-10,Goiana,B,3,Sedan-W,VIN003989,626,606,7,16,8,109,"1828900,71"
2025-06-02,Betim,B,3,SUV-X,VIN003990,451,457,7,81,18,"98,9","1220298,1"
2025-06-02,Porto Real,D,2,Hatch-Y,VIN003991,553,551,2,45,19,"113,9","1259933,34"
2025-05-18,Porto Real,D,1,SUV-X,VIN003992,516,547,9,79,18,"107,4","1384308,6"
2025-03-31,Goiana,B,1,Hatch-Y,VIN003993,581,612,4,62,18,"28,9","1533189,34"
2025-05-15,Betim,A,3,Sedan-W,VIN003994,533,524,8,85,8,"75,4","1134305,83"
2025-01-20,Porto Real,B,3,SUV-X,VIN003995,587,565,2,47,11,"62,6","1592000,03"
2025-04-19,Betim,A,2,SUV-X,VIN003996,669,638,0,57,12,"54,7","1369810,98"
2025-04-02,Goiana,C,3,Sedan-W,VIN003997,421,455,2,89,15,"17,6","795852,72"
2025-04-15,Betim,A,3,SUV-X,VIN003998,569,575,14,89,9,"61,1","1384657,65"
2025-03-05,Goiana,C,1,Sedan-W,VIN003999,593,559,15,32,14,"91,3","1739061,96"
2025-01-09,Betim,C,1,Hatch-Y,VIN004000,467,433,9,27,9,"54,9","934426,15"
2025-03-14,Goiana,C,1,Sedan-W,VIN004001,451,446,0,41,18,"13,1","1268926,37"
2025-01-24,Porto Real,A,2,SUV-X,VIN004002,609,643,10,24,10,"107,6","1618214,76"
2025-05-16,Porto Real,D,2,Hatch-Y,VIN004003,460,441,14,17,17,"88,7","1067880,03"
2025-03-29,Porto Real,A,1,SUV-X,VIN004004,627,597,6,15,14,18,"1923336,72"
2025-06-04,Porto Real,B,2,Hatch-Y,VIN004005,609,633,13,76,8,"110,1","1357504,26"
2025-06-12,Porto Real,C,1,SUV-X,VIN004006,484,460,7,12,16,"79,6","1344652,88"
2025-06-15,Porto Real,B,2,Sedan-W,VIN004007,542,560,6,56,8,"54,8","1291541,57"
2025-06-11,Porto Real,D,1,SUV-X,VIN004008,440,428,14,29,14,"57,3","1188955,32"
2025-05-30,Porto Real,B,3,SUV-X,VIN004009,400,431,11,26,17,"54,8","1062139,15"
2025-04-03,Porto Real,A,3,Sedan-W,VIN004010,478,498,13,20,8,"69,6","998225,84"
2025-04-22,Betim,A,3,Hatch-Y,VIN004011,623,588,4,35,9,"53,8","1950089,43"
2025-06-02,Betim,D,1,Pickup-Z,VIN004012,527,501,5,28,10,"24,4","1542034,15"
2025-06-29,Goiana,A,1,Sedan-W,VIN004013,572,599,7,39,12,"54,6","1671397,22"
2025-06-27,Porto Real,B,1,Sedan-W,VIN004014,590,600,3,3,15,"82,8","1078591,33"
2025-02-02,Goiana,B,2,Pickup-Z,VIN004015,481,496,4,78,18,"112,9","954316,15"
2025-01-22,Betim,C,1,Sedan-W,VIN004016,621,601,9,76,15,"22,9","1639221,12"
2025-05-08,Betim,C,1,Pickup-Z,VIN004017,664,640,2,77,15,"7,2","2074500,25"
2025-02-20,Goiana,C,2,SUV-X,VIN004018,617,598,7,88,12,"93,8","1311393,76"
2025-02-27,Betim,D,3,Sedan-W,VIN004019,645,644,2,15,16,"26,1","1427100,25"
2025-01-31,Goiana,C,3,Pickup-Z,VIN004020,429,453,2,4,12,"93,5",1354431
2025-02-19,Betim,A,2,Sedan-W,VIN004021,428,439,11,31,11,"31,3","1256347,02"
2025-03-10,Betim,C,2,Sedan-W,VIN004022,617,584,10,66,9,"113,5","1207375,27"
2025-05-04,Goiana,C,1,Pickup-Z,VIN004023,586,612,15,36,10,"79,6","1221245,74"
2025-05-11,Porto Real,D,2,Pickup-Z,VIN004024,593,585,9,33,18,"26,1","1628371,35"
2025-06-13,Porto Real,A,2,Sedan-W,VIN004025,526,565,11,25,18,"50,3","1331547,64"
2025-05-07,Betim,C,2,SUV-X,VIN004026,491,473,13,46,18,"103,5","937874,04"
2025-05-07,Goiana,C,3,SUV-X,VIN004027,571,585,14,10,11,"73,8","1502001,92"
2025-01-18,Goiana,A,3,Pickup-Z,VIN004028,446,486,8,29,9,"117,7","1248517,68"
2025-03-18,Porto Real,A,3,Hatch-Y,VIN004029,676,644,6,60,9,"47,7","1718746,24"
2025-03-03,Betim,A,3,SUV-X,VIN004030,472,489,8,67,11,"66,8","1084420,21"
2025-02-15,Goiana,A,3,Hatch-Y,VIN004031,591,619,4,6,18,"47,2","1449541,74"
2025-06-27,Betim,C,1,Sedan-W,VIN004032,480,455,10,77,19,"88,2","1272123,79"
2025-03-10,Goiana,D,3,SUV-X,VIN004033,650,625,7,6,14,"15,1",1347884
2025-06-08,Porto Real,D,2,Hatch-Y,VIN004034,482,447,9,48,15,"53,1","1426988,39"
2025-06-07,Goiana,A,3,Hatch-Y,VIN004035,445,440,4,38,11,"81,6","912238,01"
2025-03-29,Betim,C,1,Hatch-Y,VIN004036,525,535,2,80,15,"53,1","1566843,96"
2025-05-16,Betim,B,1,SUV-X,VIN004037,618,644,13,41,13,"109,5","1179500,96"
2025-06-10,Betim,D,1,Pickup-Z,VIN004038,497,507,15,7,18,"79,7","1210027,02"
2025-04-02,Betim,D,1,Hatch-Y,VIN004039,476,441,9,14,14,"79,2","1422474,25"
2025-03-29,Goiana,D,2,Sedan-W,VIN004040,461,483,7,5,20,"80,4","1031726,2"
2025-03-06,Goiana,B,2,Hatch-Y,VIN004041,569,548,8,45,20,"114,3","1085461,79"
2025-05-10,Betim,A,3,Pickup-Z,VIN004042,559,586,11,8,13,"52,7","1514744,87"
2025-04-25,Goiana,C,1,Pickup-Z,VIN004043,629,604,11,45,11,"79,3","1226444,4"
2025-04-08,Betim,B,2,Hatch-Y,VIN004044,660,625,6,84,12,"99,8","1684237,74"
2025-05-27,Porto Real,C,2,Sedan-W,VIN004045,605,570,3,15,15,96,"1204106,25"
2025-05-26,Betim,A,2,Hatch-Y,VIN004046,643,641,8,73,20,73,"1688668,18"
2025-03-16,Porto Real,A,2,Sedan-W,VIN004047,548,529,0,14,15,"43,6","1085628,81"
2025-05-20,Betim,D,3,Hatch-Y,VIN004048,447,436,4,55,14,"72,6","1237601,08"
2025-05-21,Porto Real,B,1,Hatch-Y,VIN004049,491,530,2,19,13,"61,1","1568159,3"
2025-03-11,Goiana,C,1,Pickup-Z,VIN004050,507,531,2,33,10,70,"925523,39"
2025-06-02,Betim,C,2,Sedan-W,VIN004051,552,545,10,39,13,"74,3","1688552,01"
2025-06-01,Porto Real,D,2,Sedan-W,VIN004052,443,467,10,7,14,"85,5","1254213,88"
2025-03-08,Porto Real,C,3,Sedan-W,VIN004053,475,470,11,40,14,81,"1410397,53"
2025-01-26,Goiana,D,3,Sedan-W,VIN004054,562,594,6,6,18,"119,4","1355907,13"
2025-03-07,Betim,B,1,Hatch-Y,VIN004055,430,430,8,45,15,"98,9","1172914,41"
2025-04-25,Porto Real,A,2,Hatch-Y,VIN004056,591,625,13,19,15,"80,4","1502227,39"
2025-06-18,Goiana,C,2,Hatch-Y,VIN004057,527,548,2,15,9,"62,4","1482296,85"
2025-05-09,Porto Real,B,1,SUV-X,VIN004058,507,485,12,58,14,"45,4","1482581,34"
2025-04-02,Porto Real,D,3,Hatch-Y,VIN004059,490,460,14,32,17,"65,6","1417534,99"
2025-04-22,Goiana,C,2,Hatch-Y,VIN004060,530,554,4,33,18,"17,4","1465118,51"
2025-06-29,Goiana,A,2,Pickup-Z,VIN004061,579,565,8,54,12,"61,5","1205721,43"
2025-04-11,Goiana,D,3,Sedan-W,VIN004062,491,520,8,21,18,"51,4","1506414,77"
2025-03-18,Betim,B,1,SUV-X,VIN004063,539,576,12,32,14,"29,1","1238175,22"
2025-03-16,Porto Real,C,1,SUV-X,VIN004064,435,427,13,19,13,"55,6","1095719,91"
2025-04-08,Betim,D,3,Pickup-Z,VIN004065,557,587,2,21,18,"12,7","1210068,9"
2025-04-07,Porto Real,C,2,Sedan-W,VIN004066,612,622,12,79,15,107,"1155733,21"
2025-06-02,Betim,C,2,SUV-X,VIN004067,538,511,5,55,19,"58,3","1263802,14"
2025-02-28,Betim,C,2,Sedan-W,VIN004068,529,520,8,39,19,"56,9","1041719,51"
2025-01-07,Betim,A,1,Pickup-Z,VIN004069,532,522,1,69,20,"109,1","1672950,14"
2025-06-06,Goiana,B,1,Sedan-W,VIN004070,651,620,11,74,10,76,"1938411,91"
2025-05-21,Porto Real,D,3,Sedan-W,VIN004071,468,484,7,46,16,"15,8","1319278,34"
2025-06-18,Porto Real,C,2,SUV-X,VIN004072,482,483,1,34,8,"44,8","975154,88"
2025-05-24,Goiana,D,2,SUV-X,VIN004073,584,616,3,30,10,"109,9","1617306,25"
2025-05-13,Goiana,A,3,Sedan-W,VIN004074,590,563,12,54,13,"119,8","1182970,03"
2025-04-13,Porto Real,A,3,Pickup-Z,VIN004075,572,609,6,53,12,"111,4","1385541,19"
2025-01-25,Betim,B,1,Pickup-Z,VIN004076,660,628,13,58,11,"64,4","1441181,14"
2025-03-21,Goiana,D,3,SUV-X,VIN004077,470,443,14,51,14,"105,4","1230921,61"
2025-02-02,Betim,A,2,Hatch-Y,VIN004078,584,600,6,66,18,"103,5","1706313,6"
2025-05-10,Porto Real,D,2,SUV-X,VIN004079,398,435,12,52,19,"85,5","994347,82"
2025-06-05,Betim,A,1,SUV-X,VIN004080,630,642,9,70,18,30,"1348462,08"
2025-01-18,Betim,D,1,Pickup-Z,VIN004081,502,501,1,28,15,"11,6","1141157,55"
2025-05-17,Porto Real,C,2,SUV-X,VIN004082,538,530,7,36,14,"98,1","1225592,41"
2025-03-31,Betim,A,3,Sedan-W,VIN004083,571,542,7,59,18,"103,8","1097029,38"
2025-05-15,Goiana,D,1,Pickup-Z,VIN004084,675,643,3,29,15,"98,9","1642423,06"
2025-06-15,Porto Real,D,2,SUV-X,VIN004085,445,478,4,64,18,12,"1030626,4"
2025-02-28,Betim,A,1,SUV-X,VIN004086,490,520,10,16,13,"27,6","956612,04"
2025-05-22,Betim,C,3,Sedan-W,VIN004087,652,623,6,21,10,"101,6","1306066,69"
2025-02-24,Goiana,A,1,Pickup-Z,VIN004088,655,629,2,66,20,33,"1842516,3"
2025-02-06,Betim,A,2,Sedan-W,VIN004089,570,595,8,22,14,"89,4","1392428,59"
2025-03-21,Porto Real,D,3,SUV-X,VIN004090,487,479,5,40,18,"98,4","1296017,78"
2025-04-22,Betim,C,1,SUV-X,VIN004091,619,625,4,33,17,"106,5","1587310,31"
2025-02-11,Goiana,A,2,Hatch-Y,VIN004092,475,460,15,40,19,"35,1","860014,65"
2025-02-12,Goiana,C,2,Pickup-Z,VIN004093,539,545,6,58,19,92,"1021709,21"
2025-06-13,Porto Real,D,2,Hatch-Y,VIN004094,548,579,12,71,18,"68,2","1313972,05"
2025-02-28,Porto Real,D,1,Pickup-Z,VIN004095,466,477,5,83,19,"22,3","1192887,58"
2025-03-17,Goiana,B,2,Hatch-Y,VIN004096,504,542,13,64,15,"115,4","1325660,49"
2025-02-12,Goiana,B,3,Sedan-W,VIN004097,558,588,11,41,12,"15,9","1401595,22"
2025-04-01,Porto Real,C,3,Pickup-Z,VIN004098,633,638,1,86,17,"101,6","1521933,27"
2025-06-23,Betim,B,2,Hatch-Y,VIN004099,555,520,11,33,20,"79,9","1197558,91"
2025-01-09,Goiana,D,2,SUV-X,VIN004100,441,460,12,29,14,"23,8","1017382,79"
2025-03-21,Betim,C,1,SUV-X,VIN004101,596,628,2,14,19,"106,1","1433389,06"
2025-06-28,Betim,C,2,SUV-X,VIN004102,492,483,8,35,12,"8,2","1263519,51"
2025-04-05,Porto Real,D,1,Pickup-Z,VIN004103,563,593,5,43,9,"11,6","1786308,6"
2025-03-20,Porto Real,B,3,Sedan-W,VIN004104,623,594,3,66,18,"95,8","1756010,17"
2025-02-09,Betim,A,1,SUV-X,VIN004105,548,585,5,13,10,"96,3","1594705,32"
2025-05-17,Goiana,C,1,Sedan-W,VIN004106,453,479,3,15,9,"106,9","1432644,82"
2025-03-02,Betim,D,3,Sedan-W,VIN004107,547,569,2,77,14,"91,2","1538026,79"
2025-02-20,Goiana,C,2,Hatch-Y,VIN004108,639,635,0,74,14,"37,5","1466141,34"
2025-01-20,Goiana,B,1,SUV-X,VIN004109,556,558,3,39,11,"82,4","1268231,82"
2025-04-03,Goiana,D,2,Sedan-W,VIN004110,402,432,11,83,18,"82,7","911455,09"
2025-03-02,Betim,A,3,Sedan-W,VIN004111,490,520,8,59,14,"23,3","1239115,48"
2025-06-26,Porto Real,C,1,Sedan-W,VIN004112,502,529,14,82,18,"20,8","1522324,5"
2025-05-04,Goiana,B,3,Pickup-Z,VIN004113,462,438,13,11,12,"76,4","878776,9"
2025-01-18,Goiana,C,1,Pickup-Z,VIN004114,540,559,7,13,9,"13,1","1003242,61"
2025-05-22,Goiana,B,2,Hatch-Y,VIN004115,511,516,10,81,12,"42,5",1512644
2025-05-12,Betim,A,2,Pickup-Z,VIN004116,548,524,10,49,13,"113,6","1012891,6"
2025-03-14,Betim,C,1,Hatch-Y,VIN004117,470,507,14,42,20,"35,1","1412721,57"
2025-02-01,Goiana,B,1,Sedan-W,VIN004118,457,449,12,42,20,42,"1268583,29"
2025-04-03,Goiana,B,3,SUV-X,VIN004119,647,626,0,42,17,"81,5","1807382,78"
2025-04-10,Porto Real,A,2,SUV-X,VIN004120,668,643,3,38,10,"100,4","2082525,69"
2025-05-15,Porto Real,B,1,Sedan-W,VIN004121,598,611,3,75,20,"94,9","1709809,15"
2025-01-30,Goiana,B,2,Pickup-Z,VIN004122,509,494,3,71,17,"53,1","984312,63"
2025-03-03,Porto Real,B,2,Hatch-Y,VIN004123,561,580,15,70,9,"22,2","1582106,98"
2025-04-19,Goiana,A,2,SUV-X,VIN004124,564,562,12,76,10,"89,5","1583903,38"
2025-03-18,Porto Real,C,2,Hatch-Y,VIN004125,454,474,7,47,12,"43,5","1366174,32"
2025-04-18,Betim,B,3,Sedan-W,VIN004126,498,478,15,57,14,"108,3","1579384,16"
2025-01-05,Goiana,C,2,Hatch-Y,VIN004127,483,521,9,1,13,"7,5","1496089,13"
2025-02-06,Porto Real,C,2,Pickup-Z,VIN004128,606,600,15,41,20,"61,7","1276198,23"
2025-01-06,Betim,A,2,Sedan-W,VIN004129,438,429,15,40,19,"90,5","1232890,98"
2025-05-15,Betim,B,2,Sedan-W,VIN004130,609,620,0,84,11,"21,2","1793411,36"
2025-04-04,Betim,D,3,SUV-X,VIN004131,467,437,11,29,17,"27,6","883779,94"
2025-03-07,Betim,C,2,Hatch-Y,VIN004132,425,427,2,72,19,"5,6","1191295,14"
2025-06-15,Porto Real,C,3,SUV-X,VIN004133,630,615,4,90,15,"97,9","1256420,32"
2025-05-15,Betim,B,3,SUV-X,VIN004134,482,469,11,10,17,"64,4","970998,92"
2025-06-14,Porto Real,D,1,SUV-X,VIN004135,582,557,4,82,18,"106,5","1630643,58"
2025-06-04,Betim,A,3,Pickup-Z,VIN004136,489,527,3,20,13,"34,6","1494319,06"
2025-01-31,Betim,C,1,Sedan-W,VIN004137,537,537,7,53,16,"104,1","1072702,33"
2025-06-14,Goiana,C,2,Hatch-Y,VIN004138,611,643,15,14,18,99,"1815609,11"
2025-03-26,Betim,C,3,Pickup-Z,VIN004139,570,545,15,21,12,42,"1732538,42"
2025-05-30,Betim,D,3,Sedan-W,VIN004140,543,565,7,43,18,"65,4","1400438,28"
2025-02-14,Porto Real,B,1,Sedan-W,VIN004141,630,615,14,71,8,"77,1","1616756,43"
2025-02-08,Goiana,B,1,Sedan-W,VIN004142,543,531,14,81,11,25,"1178434,67"
2025-06-20,Goiana,A,2,SUV-X,VIN004143,547,562,2,67,9,"9,9","1243884,42"
2025-05-23,Porto Real,C,2,Sedan-W,VIN004144,539,525,0,0,11,"116,7","1518186,49"
2025-03-16,Goiana,D,3,Pickup-Z,VIN004145,457,426,15,62,18,"58,1","1368535,42"
2025-06-01,Porto Real,D,3,Hatch-Y,VIN004146,505,477,0,88,9,"89,8","1234569,26"
2025-06-14,Betim,C,2,Pickup-Z,VIN004147,531,497,2,74,12,"26,3","1538607,74"
2025-02-08,Betim,C,3,Sedan-W,VIN004148,383,420,1,72,10,"77,1","740526,89"
2025-02-07,Porto Real,D,2,SUV-X,VIN004149,565,546,1,4,13,"63,6","1207656,33"
2025-02-14,Betim,D,3,Sedan-W,VIN004150,576,548,15,6,13,"11,9","1822349,24"
2025-06-14,Goiana,D,1,Sedan-W,VIN004151,495,495,3,80,14,"60,5","1330672,25"
2025-01-10,Betim,A,1,Hatch-Y,VIN004152,417,420,7,67,16,"80,9","1041523,87"
2025-05-22,Porto Real,D,1,Hatch-Y,VIN004153,568,572,14,83,16,"105,1","1378091,54"
2025-02-23,Betim,A,3,Hatch-Y,VIN004154,550,543,10,55,18,"109,5","1072679,25"
2025-05-26,Porto Real,D,2,Sedan-W,VIN004155,491,488,4,67,9,"44,5","1004395,05"
2025-04-08,Porto Real,C,3,SUV-X,VIN004156,422,436,11,59,9,"32,6","1171523,68"
2025-04-12,Betim,C,1,Sedan-W,VIN004157,506,536,12,70,19,"44,3","1357030,83"
2025-02-06,Porto Real,C,3,Hatch-Y,VIN004158,407,430,11,20,20,"10,3","803942,97"
2025-04-14,Goiana,C,2,Hatch-Y,VIN004159,501,515,15,73,12,"38,6","1275643,2"
2025-03-27,Betim,C,1,SUV-X,VIN004160,568,544,15,73,19,"74,2","1604121,93"
2025-01-01,Betim,A,1,Sedan-W,VIN004161,615,587,6,23,16,"89,1","1687778,55"
2025-05-12,Goiana,A,3,Hatch-Y,VIN004162,482,468,11,41,9,"14,1","1189339,15"
2025-01-24,Betim,B,1,SUV-X,VIN004163,629,642,4,52,12,"5,1","1668316,81"
2025-05-30,Betim,B,3,Pickup-Z,VIN004164,560,577,1,14,12,"19,7","1462402,03"
2025-03-11,Porto Real,C,1,Hatch-Y,VIN004165,498,508,3,87,10,"7,9","929634,75"
2025-04-18,Goiana,D,1,Hatch-Y,VIN004166,655,625,3,40,15,"74,7","1465599,4"
2025-06-24,Goiana,C,1,SUV-X,VIN004167,489,454,6,33,20,"45,9","1013602,78"
2025-06-21,Betim,B,1,Hatch-Y,VIN004168,513,490,12,14,9,"67,7","1333090,18"
2025-04-09,Porto Real,B,3,Sedan-W,VIN004169,569,535,12,17,10,"91,2","1115669,76"
2025-01-25,Betim,D,3,Sedan-W,VIN004170,604,616,13,50,20,"22,3","1915422,7"
2025-06-10,Porto Real,C,1,Pickup-Z,VIN004171,612,604,4,90,17,"107,6","1893418,51"
2025-06-24,Goiana,B,2,Hatch-Y,VIN004172,508,507,10,25,8,"66,3","1170957,7"
2025-01-17,Betim,B,1,Sedan-W,VIN004173,488,472,10,42,19,"114,7","953291,52"
2025-04-12,Porto Real,A,2,Hatch-Y,VIN004174,551,587,13,54,16,26,"1223853,31"
2025-02-04,Betim,B,3,Hatch-Y,VIN004175,611,604,12,27,8,"21,4","1443343,42"
2025-02-11,Porto Real,D,2,Sedan-W,VIN004176,581,588,2,45,17,"110,4","1670815,94"
2025-06-29,Betim,D,3,Sedan-W,VIN004177,483,476,7,69,16,16,"1444649,25"
2025-02-18,Goiana,A,2,Sedan-W,VIN004178,540,555,14,2,14,"100,8","1567907,5"
2025-02-24,Betim,A,2,SUV-X,VIN004179,596,629,14,30,14,"92,5","1170811,35"
2025-05-13,Goiana,B,1,Hatch-Y,VIN004180,616,586,12,45,19,"13,2","1254669,67"
2025-01-31,Porto Real,B,2,Pickup-Z,VIN004181,446,449,12,77,12,"5,8","1002285,39"
2025-04-02,Goiana,B,3,Pickup-Z,VIN004182,547,541,2,21,10,"72,6","1248570,13"
2025-03-23,Betim,B,2,SUV-X,VIN004183,499,500,8,37,13,"15,3","1247615,69"
2025-05-22,Goiana,D,3,SUV-X,VIN004184,622,636,1,28,20,"23,4","1521324,17"
2025-03-13,Betim,B,3,SUV-X,VIN004185,517,487,15,33,15,"52,7","1342372,03"
2025-03-06,Porto Real,C,2,Hatch-Y,VIN004186,486,525,2,69,20,"10,4","1495946,16"
2025-05-07,Goiana,B,1,SUV-X,VIN004187,566,552,9,78,20,"50,9","1350400,95"
2025-01-06,Goiana,A,3,Sedan-W,VIN004188,593,584,13,23,19,"87,6","1832802,11"
2025-05-05,Porto Real,A,2,Sedan-W,VIN004189,598,625,2,24,15,"89,9","1908585,72"
2025-05-08,Porto Real,C,1,Sedan-W,VIN004190,587,617,3,35,11,"76,8","1589051,85"
2025-01-01,Betim,B,2,Hatch-Y,VIN004191,469,474,0,53,13,"115,3","932065,4"
2025-01-03,Porto Real,C,3,Sedan-W,VIN004192,461,465,4,28,16,"70,1","1263915,73"
2025-03-20,Goiana,C,2,SUV-X,VIN004193,518,497,5,13,17,"63,4","1434635,56"
2025-06-04,Betim,B,2,Pickup-Z,VIN004194,603,605,0,47,12,"85,4","1436134,64"
2025-03-01,Betim,C,3,Pickup-Z,VIN004195,501,518,13,65,13,"106,5",1507968
2025-05-19,Goiana,A,1,Sedan-W,VIN004196,659,634,7,57,19,"9,1","1854294,16"
2025-01-09,Betim,C,3,Hatch-Y,VIN004197,536,501,12,39,19,"102,7","1018073,05"
2025-03-29,Goiana,D,2,Hatch-Y,VIN004198,493,466,14,61,10,"29,2","1225603,36"
2025-04-04,Goiana,B,2,Pickup-Z,VIN004199,533,517,3,26,15,76,"1177068,17"
2025-05-31,Porto Real,B,2,Pickup-Z,VIN004200,474,439,2,23,15,"63,9","1221379,49"
2025-06-13,Betim,D,3,Sedan-W,VIN004201,567,578,7,45,20,"50,8","1340451,2"
2025-01-22,Betim,B,3,Pickup-Z,VIN004202,420,447,3,61,19,"100,8","920503,89"
2025-04-05,Goiana,B,2,SUV-X,VIN004203,614,636,7,82,15,"79,5","1138501,21"
2025-03-19,Goiana,D,1,Hatch-Y,VIN004204,601,584,12,24,8,"115,4","1697363,17"
2025-01-05,Goiana,B,3,SUV-X,VIN004205,477,507,13,9,9,"50,4","876972,6"
2025-03-10,Betim,B,2,Sedan-W,VIN004206,613,586,3,27,20,"35,8","1147660,74"
2025-04-27,Betim,A,3,Sedan-W,VIN004207,583,579,0,38,11,"38,9","1851799,89"
2025-06-02,Porto Real,D,3,SUV-X,VIN004208,435,462,9,23,8,"21,9","1378854,91"
2025-01-11,Porto Real,D,3,SUV-X,VIN004209,415,425,14,13,20,"117,4","900008,13"
2025-03-08,Goiana,D,1,Sedan-W,VIN004210,448,487,5,86,10,"41,3","974697,02"
2025-06-03,Goiana,A,1,Pickup-Z,VIN004211,517,485,7,0,19,"89,8","1269313,33"
2025-05-12,Porto Real,B,2,Hatch-Y,VIN004212,471,498,13,39,18,"57,2","975030,21"
2025-03-20,Goiana,B,1,Pickup-Z,VIN004213,642,637,3,35,14,"26,9","1678504,24"
2025-03-03,Porto Real,D,1,Pickup-Z,VIN004214,447,432,10,6,13,"78,5","975978,41"
2025-03-03,Betim,B,1,Pickup-Z,VIN004215,585,607,7,20,18,"52,5","1113411,12"
2025-05-13,Betim,B,1,Sedan-W,VIN004216,585,588,3,32,10,"30,2","1134715,17"
2025-05-08,Porto Real,D,3,Pickup-Z,VIN004217,517,521,1,80,19,"62,8","1165668,07"
2025-01-17,Porto Real,B,3,SUV-X,VIN004218,452,462,0,47,12,"30,6","1018546,21"
2025-04-08,Goiana,A,3,Hatch-Y,VIN004219,589,602,13,55,18,"59,7","1266841,67"
2025-04-27,Porto Real,C,2,SUV-X,VIN004220,548,533,10,6,10,"108,3","1548112,06"
2025-04-07,Porto Real,B,1,Hatch-Y,VIN004221,519,533,3,86,10,"32,6","1487031,5"
2025-06-26,Goiana,D,2,Hatch-Y,VIN004222,541,522,14,85,8,"57,2","1566019,17"
2025-01-01,Porto Real,B,3,Sedan-W,VIN004223,491,517,4,44,17,"86,7","1210245,13"
2025-03-21,Goiana,B,1,Pickup-Z,VIN004224,494,484,13,32,11,"106,5","1177215,53"
2025-01-30,Betim,B,3,Hatch-Y,VIN004225,566,539,9,40,15,"56,2","1777934,72"
2025-03-27,Porto Real,B,1,Pickup-Z,VIN004226,410,439,0,60,9,"20,8","1197134,52"
2025-04-14,Porto Real,D,1,Sedan-W,VIN004227,494,511,5,38,15,"19,8","1429989,03"
2025-02-06,Betim,C,3,SUV-X,VIN004228,442,477,14,77,12,"10,9","1257803,54"
2025-05-11,Betim,D,1,Hatch-Y,VIN004229,522,508,15,39,13,32,"1623069,15"
2025-06-29,Porto Real,C,3,Sedan-W,VIN004230,481,501,5,36,15,"105,6","884703,91"
2025-02-15,Goiana,B,1,Sedan-W,VIN004231,644,634,13,22,9,"47,1","1967046,23"
2025-05-26,Goiana,D,1,Pickup-Z,VIN004232,436,458,6,46,19,"50,3","1364220,64"
2025-04-07,Goiana,C,3,Sedan-W,VIN004233,617,647,15,16,17,"78,7","1369352,49"
2025-04-20,Porto Real,D,3,SUV-X,VIN004234,591,612,14,14,8,"83,8","1638580,83"
2025-06-23,Goiana,C,3,Hatch-Y,VIN004235,393,427,8,87,14,"81,9","839073,91"
2025-05-22,Betim,A,1,Pickup-Z,VIN004236,519,497,4,70,8,"111,5","1448347,02"
2025-04-01,Betim,C,1,Hatch-Y,VIN004237,502,517,8,31,12,67,"1421050,57"
2025-01-27,Goiana,B,1,Sedan-W,VIN004238,569,553,15,5,19,"31,1","1074510,71"
2025-05-04,Betim,B,3,Pickup-Z,VIN004239,532,521,7,71,17,"33,1","1015464,1"
2025-03-02,Betim,D,2,Sedan-W,VIN004240,535,510,4,71,18,"95,5","1248742,22"
2025-03-30,Goiana,B,2,Pickup-Z,VIN004241,458,475,4,89,19,"51,1","1259439,12"
2025-02-03,Betim,C,1,Hatch-Y,VIN004242,541,558,10,11,9,"102,6","1158440,98"
2025-02-08,Goiana,D,3,Pickup-Z,VIN004243,589,565,5,65,18,"57,2","1066145,76"
2025-01-17,Betim,A,2,Pickup-Z,VIN004244,473,443,7,22,14,"114,9","1016437,67"
2025-02-27,Porto Real,D,1,SUV-X,VIN004245,455,463,5,32,18,24,"1226249,96"
2025-06-13,Betim,A,2,Pickup-Z,VIN004246,440,437,1,45,9,"82,1","935278,08"
2025-06-25,Goiana,D,2,Hatch-Y,VIN004247,628,615,4,9,9,"105,9","1580478,86"
2025-05-12,Goiana,A,2,Pickup-Z,VIN004248,602,623,3,9,16,"74,3","1666224,39"
2025-03-15,Betim,B,2,Sedan-W,VIN004249,417,450,15,18,16,"110,2","875749,49"
2025-02-22,Porto Real,B,2,SUV-X,VIN004250,421,452,9,30,14,"112,1","1303100,36"
2025-06-12,Betim,A,1,SUV-X,VIN004251,528,545,0,28,10,"85,5","1170285,39"
2025-03-22,Porto Real,B,3,Hatch-Y,VIN004252,494,498,5,5,14,"53,1","1485040,81"
2025-02-26,Betim,C,3,SUV-X,VIN004253,444,454,4,55,16,"18,4","800630,36"
2025-05-28,Goiana,A,3,Sedan-W,VIN004254,459,447,15,31,15,"27,3","1156797,78"
2025-01-10,Porto Real,D,2,SUV-X,VIN004255,638,620,9,36,13,"35,7","1634574,37"
2025-05-22,Goiana,D,1,SUV-X,VIN004256,455,442,7,39,10,"97,6","1139151,87"
2025-01-04,Porto Real,D,3,Pickup-Z,VIN004257,615,580,6,74,15,"8,2","1263451,78"
2025-06-07,Goiana,B,3,Hatch-Y,VIN004258,474,498,10,18,9,"21,6","1428345,12"
2025-06-18,Porto Real,C,2,Hatch-Y,VIN004259,580,583,13,4,9,"27,1","1178752,2"
2025-02-23,Porto Real,D,3,Sedan-W,VIN004260,672,644,5,72,10,"49,6","1320553,95"
2025-06-08,Betim,C,3,SUV-X,VIN004261,456,435,11,9,16,"20,5","1257893,42"
2025-02-23,Betim,A,2,Sedan-W,VIN004262,595,579,5,88,10,"12,9","1768683,28"
2025-03-27,Goiana,D,2,Sedan-W,VIN004263,480,462,11,35,8,"115,8","1038748,45"
2025-02-24,Betim,C,2,SUV-X,VIN004264,525,522,15,28,18,40,"1286374,32"
2025-03-22,Porto Real,A,1,Sedan-W,VIN004265,472,486,15,87,8,"44,5","1364163,19"
2025-03-02,Porto Real,A,2,Sedan-W,VIN004266,506,518,9,44,19,"13,1","1568101,02"
2025-01-04,Betim,D,3,Sedan-W,VIN004267,511,547,10,43,15,"18,3","1493023,89"
2025-01-01,Goiana,A,1,SUV-X,VIN004268,542,529,7,63,14,"80,5","1010051,69"
2025-01-12,Porto Real,A,1,SUV-X,VIN004269,613,648,2,88,14,"6,3","1727224,16"
2025-02-22,Porto Real,C,2,SUV-X,VIN004270,516,483,8,14,14,"64,5","1624674,67"
2025-01-06,Betim,C,2,SUV-X,VIN004271,559,597,0,37,15,"28,9","1705860,76"
2025-04-08,Goiana,A,2,Pickup-Z,VIN004272,524,492,11,36,14,"116,7","1193003,7"
2025-04-29,Porto Real,A,2,SUV-X,VIN004273,527,546,8,16,14,"111,9","1345524,02"
2025-05-24,Porto Real,C,3,Sedan-W,VIN004274,578,585,15,30,20,"91,1","1668042,39"
2025-01-19,Betim,B,1,Sedan-W,VIN004275,552,573,11,9,9,"48,7","1588342,89"
2025-02-15,Betim,A,2,Sedan-W,VIN004276,632,628,0,4,16,62,"1757660,23"
2025-04-17,Betim,A,1,Sedan-W,VIN004277,590,612,8,42,12,"118,6","1149980,18"
2025-05-16,Betim,D,3,SUV-X,VIN004278,559,528,4,80,13,"11,4","1316924,7"
2025-04-30,Goiana,A,3,Sedan-W,VIN004279,578,576,9,17,9,"8,5","1595178,7"
2025-04-26,Goiana,A,3,Hatch-Y,VIN004280,602,573,11,8,10,"22,2","1569063,35"
2025-06-20,Betim,C,3,Pickup-Z,VIN004281,474,464,4,9,20,"80,4","1063284,89"
2025-04-14,Porto Real,D,1,Hatch-Y,VIN004282,448,476,9,26,9,"45,1","1373279,94"
2025-01-24,Porto Real,B,3,Hatch-Y,VIN004283,433,429,6,66,19,"22,2","1178232,03"
2025-01-12,Porto Real,B,1,Sedan-W,VIN004284,508,540,9,19,15,"98,6","1078319,84"
2025-06-01,Betim,B,2,SUV-X,VIN004285,593,575,7,20,18,"100,1","1666675,21"
2025-04-14,Goiana,D,2,Sedan-W,VIN004286,607,580,0,63,16,"18,1","1263665,05"
2025-02-11,Betim,D,3,Pickup-Z,VIN004287,508,500,2,8,11,"18,3","996575,5"
2025-02-15,Goiana,B,2,Hatch-Y,VIN004288,453,433,11,45,14,"66,9","884082,05"
2025-06-08,Goiana,A,1,Sedan-W,VIN004289,664,647,11,88,8,"26,9","2087174,46"
2025-06-16,Betim,C,3,Hatch-Y,VIN004290,602,568,3,22,11,"6,9","1266733,28"
2025-06-22,Goiana,D,1,SUV-X,VIN004291,497,468,9,30,13,"25,2","1334435,94"
2025-04-23,Porto Real,D,2,Pickup-Z,VIN004292,390,421,4,79,17,"102,6","703181,15"
2025-06-09,Goiana,A,2,Pickup-Z,VIN004293,485,517,1,28,11,"108,9","1275899,13"
2025-03-10,Porto Real,D,1,Pickup-Z,VIN004294,509,488,3,72,18,"113,4","1344550,69"
2025-05-15,Porto Real,A,3,SUV-X,VIN004295,563,563,9,31,9,"12,5","1628049,62"
2025-03-30,Goiana,A,2,Pickup-Z,VIN004296,474,456,10,20,16,"26,2",1405799
2025-06-20,Goiana,B,1,SUV-X,VIN004297,576,597,13,15,20,"41,3","1232069,25"
2025-06-09,Betim,B,2,SUV-X,VIN004298,532,551,14,49,16,9,"1438856,89"
2025-03-17,Porto Real,D,2,SUV-X,VIN004299,547,565,11,20,18,"112,1","1612279,32"
2025-03-22,Goiana,D,3,Hatch-Y,VIN004300,605,645,13,27,14,"76,5","1873101,79"
2025-06-15,Goiana,C,1,Hatch-Y,VIN004301,524,513,11,26,8,"35,5","1521283,84"
2025-05-01,Porto Real,A,3,Sedan-W,VIN004302,470,473,12,73,9,"92,6","1035349,85"
2025-03-23,Porto Real,D,2,Pickup-Z,VIN004303,562,592,7,60,17,"66,6","1255829,4"
2025-06-16,Betim,D,3,Pickup-Z,VIN004304,465,494,5,54,19,"113,3","1459934,98"
2025-05-19,Betim,D,3,Pickup-Z,VIN004305,628,631,14,41,9,"88,6","1527293,14"
2025-05-17,Goiana,D,2,Hatch-Y,VIN004306,444,438,4,64,9,"75,3","1132224,69"
2025-02-27,Goiana,A,1,Hatch-Y,VIN004307,460,469,5,52,20,"20,7","856086,02"
2025-01-07,Betim,D,2,Hatch-Y,VIN004308,616,623,15,74,18,"63,2","1853340,22"
2025-03-05,Goiana,A,2,Sedan-W,VIN004309,602,627,5,88,10,"12,8","1615731,72"
2025-02-21,Goiana,B,3,Hatch-Y,VIN004310,536,536,4,86,18,20,"1670627,28"
2025-01-30,Goiana,C,1,SUV-X,VIN004311,435,473,6,2,14,7,"1077255,63"
2025-06-17,Betim,C,3,Sedan-W,VIN004312,548,580,11,71,13,"22,2","1473473,87"
2025-06-02,Betim,D,1,Hatch-Y,VIN004313,533,567,15,0,17,38,"1416531,77"
2025-03-11,Porto Real,A,3,Sedan-W,VIN004314,587,593,1,59,18,"40,5","1391947,42"
2025-06-06,Porto Real,C,1,Sedan-W,VIN004315,544,578,9,67,14,"9,6","1426854,94"
2025-04-17,Goiana,B,1,Sedan-W,VIN004316,434,462,2,17,9,93,"1253433,16"
2025-06-20,Porto Real,B,1,SUV-X,VIN004317,569,578,15,51,17,"16,3","1333238,71"
2025-05-13,Porto Real,A,1,Sedan-W,VIN004318,416,420,4,10,17,"99,8","1035758,75"
2025-06-12,Betim,C,2,SUV-X,VIN004319,564,549,14,17,9,"17,2","1641183,05"
2025-06-27,Betim,D,1,Hatch-Y,VIN004320,451,448,9,14,20,"61,1","1189890,94"
2025-01-18,Betim,B,3,Sedan-W,VIN004321,478,482,7,55,13,"61,6","1199743,43"
2025-01-24,Betim,C,1,Sedan-W,VIN004322,560,549,14,76,20,"44,6","1405891,68"
2025-03-10,Porto Real,C,1,Pickup-Z,VIN004323,571,536,11,84,10,"21,2","1768736,1"
2025-06-15,Porto Real,A,2,Hatch-Y,VIN004324,565,567,1,36,9,"79,5","1078545,34"
2025-05-19,Betim,C,2,Pickup-Z,VIN004325,561,555,12,71,17,"76,3","1397233,3"
2025-03-11,Betim,B,3,Pickup-Z,VIN004326,486,483,6,8,16,"95,7","1477114,57"
2025-06-04,Goiana,A,2,Hatch-Y,VIN004327,411,451,1,74,12,"37,9","793387,6"
2025-01-17,Betim,A,3,Hatch-Y,VIN004328,615,617,15,17,20,"22,8","1173292,79"
2025-01-21,Betim,B,1,Sedan-W,VIN004329,586,576,10,54,14,"84,7","1553033,08"
2025-02-10,Porto Real,B,1,Pickup-Z,VIN004330,573,573,15,34,12,"97,8","1155132,13"
2025-04-08,Goiana,C,1,Hatch-Y,VIN004331,425,425,5,58,12,"30,5","1047076,42"
2025-06-27,Goiana,B,3,Sedan-W,VIN004332,540,559,7,43,13,"11,7","1034662,07"
2025-02-24,Betim,B,1,Sedan-W,VIN004333,476,487,13,84,10,"118,6",1514612
2025-02-07,Betim,D,2,Sedan-W,VIN004334,620,640,3,75,9,"25,9","1169747,04"
2025-04-13,Porto Real,B,1,Hatch-Y,VIN004335,463,474,4,45,8,"90,4","850423,07"
2025-04-08,Betim,C,2,SUV-X,VIN004336,479,480,1,61,9,74,"1100557,93"
2025-02-13,Porto Real,A,3,SUV-X,VIN004337,621,604,14,81,12,"109,4","1895487,41"
2025-04-26,Betim,B,3,SUV-X,VIN004338,474,461,12,8,19,"35,4","1231946,25"
2025-04-06,Porto Real,A,3,Pickup-Z,VIN004339,618,599,0,43,15,"114,2","1797995,3"
2025-01-24,Betim,B,3,Pickup-Z,VIN004340,478,501,14,83,15,"91,6","1417931,49"
2025-02-17,Porto Real,B,1,Hatch-Y,VIN004341,605,632,13,53,13,"22,3","1375431,06"
2025-05-10,Betim,B,3,SUV-X,VIN004342,581,598,14,66,14,"104,1","1736667,22"
2025-06-09,Porto Real,A,3,Hatch-Y,VIN004343,567,593,10,53,13,"75,2","1253837,14"
2025-02-28,Betim,B,2,Pickup-Z,VIN004344,472,458,7,86,11,"110,4","1251237,41"
2025-01-19,Porto Real,A,1,SUV-X,VIN004345,578,596,0,8,18,"96,2","1103767,88"
2025-03-15,Goiana,C,2,SUV-X,VIN004346,532,497,15,9,12,"46,9","1410339,06"
2025-02-12,Betim,A,3,Sedan-W,VIN004347,409,448,1,7,15,"90,2","803370,93"
2025-04-09,Porto Real,B,1,Hatch-Y,VIN004348,413,446,6,18,20,69,"915861,98"
2025-02-17,Betim,A,3,SUV-X,VIN004349,606,610,1,65,10,"119,7","1742567,84"
2025-06-25,Goiana,B,1,Hatch-Y,VIN004350,471,444,4,17,9,"48,7","1328874,45"
2025-04-27,Betim,C,3,Sedan-W,VIN004351,611,617,4,88,16,"33,1","1869667,87"
2025-04-07,Porto Real,D,3,Sedan-W,VIN004352,533,552,9,60,14,"56,6","1499888,82"
2025-03-04,Goiana,D,1,Pickup-Z,VIN004353,561,541,13,76,16,"89,2","1057219,76"
2025-01-01,Porto Real,B,3,Sedan-W,VIN004354,571,599,2,37,20,"35,6","1317422,68"
2025-05-10,Porto Real,B,3,Pickup-Z,VIN004355,467,444,5,23,9,"69,1","1309373,95"
2025-05-09,Porto Real,B,3,SUV-X,VIN004356,565,597,2,29,19,"31,9","1803601,07"
2025-01-25,Porto Real,C,3,SUV-X,VIN004357,540,505,7,0,19,"84,4","1480402,4"
2025-03-10,Porto Real,A,3,Hatch-Y,VIN004358,654,629,14,83,11,"104,4","1572978,02"
2025-05-16,Goiana,B,2,Sedan-W,VIN004359,582,618,0,36,19,"34,2","1328248,95"
2025-03-23,Betim,B,2,Hatch-Y,VIN004360,504,477,3,41,20,"118,4","1192910,99"
2025-05-12,Porto Real,D,2,SUV-X,VIN004361,476,460,4,71,16,"75,9","1183167,77"
2025-06-24,Betim,B,1,Sedan-W,VIN004362,511,492,9,7,19,"99,8","1466224,14"
2025-06-20,Goiana,C,3,Pickup-Z,VIN004363,503,477,1,45,12,"23,1","1393375,84"
2025-04-22,Porto Real,A,1,Sedan-W,VIN004364,522,527,12,50,8,"77,9","1053564,23"
2025-04-22,Betim,D,1,Pickup-Z,VIN004365,442,462,8,71,18,"65,8","1403248,91"
2025-01-17,Porto Real,C,2,SUV-X,VIN004366,486,458,2,84,10,"46,5","981588,21"
2025-02-22,Goiana,B,3,Hatch-Y,VIN004367,613,598,14,70,15,"103,7","1216831,45"
2025-01-28,Porto Real,A,2,Pickup-Z,VIN004368,521,551,6,57,13,"93,5","1135116,26"
2025-03-15,Porto Real,B,3,Hatch-Y,VIN004369,583,611,15,47,12,"89,3","1538815,19"
2025-02-23,Porto Real,A,3,Hatch-Y,VIN004370,571,556,11,15,9,"102,6","1396181,37"
2025-03-09,Porto Real,C,2,Hatch-Y,VIN004371,452,467,13,54,17,"96,4","1393969,3"
2025-06-02,Goiana,A,1,Hatch-Y,VIN004372,537,530,14,45,12,"101,2","1711222,72"
2025-02-13,Goiana,A,1,Hatch-Y,VIN004373,539,557,15,1,12,"101,9","1047078,12"
2025-05-27,Betim,B,1,Sedan-W,VIN004374,534,572,0,70,11,"105,5","1570985,83"
2025-05-02,Goiana,D,2,Pickup-Z,VIN004375,576,545,7,56,10,"115,4","1267994,15"
2025-01-09,Porto Real,C,2,SUV-X,VIN004376,635,646,5,44,19,"68,4","1598163,71"
2025-04-02,Porto Real,B,1,Hatch-Y,VIN004377,543,581,14,61,8,"12,4","1314585,33"
2025-02-13,Porto Real,B,3,Hatch-Y,VIN004378,430,460,13,59,9,19,1079845
2025-03-27,Goiana,A,3,Hatch-Y,VIN004379,468,479,2,65,19,"19,1","1074172,44"
2025-03-09,Goiana,A,2,SUV-X,VIN004380,579,588,9,27,13,"90,2","1657413,42"
2025-05-24,Goiana,C,2,Pickup-Z,VIN004381,595,599,8,4,19,"90,2","1435476,66"
2025-02-19,Porto Real,C,3,Pickup-Z,VIN004382,498,470,1,2,11,93,"1387357,09"
2025-05-04,Goiana,C,2,Hatch-Y,VIN004383,589,574,11,45,9,"7,8","1239863,48"
2025-03-18,Porto Real,C,2,SUV-X,VIN004384,511,531,9,63,20,"39,4","1600485,4"
2025-05-25,Porto Real,A,2,Hatch-Y,VIN004385,508,548,15,12,17,"42,2","1580014,48"
2025-06-01,Goiana,A,2,Hatch-Y,VIN004386,557,577,15,34,9,"83,8","1172430,61"
2025-01-20,Betim,B,2,SUV-X,VIN004387,536,553,6,72,17,"25,8","1592527,2"
2025-05-27,Porto Real,C,3,SUV-X,VIN004388,521,504,6,70,17,"99,4","1089024,66"
2025-02-04,Porto Real,D,3,Sedan-W,VIN004389,427,435,10,8,15,"34,9","987950,87"
2025-03-17,Porto Real,B,3,Sedan-W,VIN004390,656,645,13,74,18,"60,6","1456307,65"
2025-01-25,Goiana,A,2,SUV-X,VIN004391,510,480,1,12,9,"55,2","1527212,39"
2025-01-03,Betim,A,1,SUV-X,VIN004392,549,537,15,39,18,"103,3","1619431,44"
2025-02-25,Betim,D,2,Pickup-Z,VIN004393,485,493,10,77,18,"10,8","1405128,62"
2025-03-26,Goiana,D,1,Pickup-Z,VIN004394,552,560,9,2,16,"72,7","1671479,22"
2025-01-09,Porto Real,D,2,Pickup-Z,VIN004395,477,480,14,84,20,"50,6","868511,03"
2025-04-06,Porto Real,B,2,Sedan-W,VIN004396,656,630,6,34,14,"81,7",1433209
2025-06-26,Betim,B,2,SUV-X,VIN004397,623,597,6,7,10,"112,2","1406374,15"
2025-03-17,Porto Real,A,1,Sedan-W,VIN004398,412,421,9,82,20,"101,9","927634,3"
2025-02-06,Porto Real,D,2,SUV-X,VIN004399,494,494,8,26,10,"40,1","1297489,16"
2025-02-13,Porto Real,A,3,SUV-X,VIN004400,537,565,0,48,9,"52,7","1474895,64"
2025-06-22,Porto Real,C,1,SUV-X,VIN004401,454,438,5,10,15,"29,7","1428060,6"
2025-06-02,Porto Real,B,3,SUV-X,VIN004402,578,616,11,60,16,"97,2","1268923,83"
2025-01-11,Goiana,B,2,SUV-X,VIN004403,426,450,0,3,10,"92,2","1261959,08"
2025-01-08,Betim,A,3,Sedan-W,VIN004404,611,577,8,26,15,"118,9","1200623,76"
2025-06-06,Porto Real,C,2,SUV-X,VIN004405,595,611,7,60,11,"77,1","1571751,34"
2025-04-26,Porto Real,D,1,SUV-X,VIN004406,388,420,9,69,9,28,"764005,56"
2025-01-14,Porto Real,A,1,SUV-X,VIN004407,507,530,11,29,18,"6,2","1065891,89"
2025-05-12,Porto Real,D,3,Sedan-W,VIN004408,535,509,7,31,15,47,"1182450,29"
2025-05-23,Goiana,A,2,Pickup-Z,VIN004409,584,569,6,86,11,"50,5","1446288,65"
2025-03-12,Porto Real,C,1,Hatch-Y,VIN004410,419,447,15,87,20,42,"1090330,55"
2025-05-07,Goiana,D,3,Pickup-Z,VIN004411,568,547,10,65,10,"9,2","1555716,88"
2025-02-19,Goiana,D,1,Hatch-Y,VIN004412,625,631,8,60,14,"10,9","1412909,74"
2025-02-20,Porto Real,A,3,Pickup-Z,VIN004413,540,523,5,23,16,"21,8","1658487,38"
2025-05-05,Goiana,A,3,Hatch-Y,VIN004414,619,625,6,14,14,"90,7","1556474,63"
2025-01-16,Goiana,C,3,SUV-X,VIN004415,600,591,7,79,8,"19,7","1212091,84"
2025-06-25,Betim,D,1,Hatch-Y,VIN004416,517,553,9,56,16,89,"936941,49"
2025-06-27,Goiana,D,2,Pickup-Z,VIN004417,543,568,4,43,19,"95,7","1188727,75"
2025-06-11,Betim,D,1,Pickup-Z,VIN004418,587,596,12,20,15,"43,5","1828001,74"
2025-03-09,Porto Real,D,2,Pickup-Z,VIN004419,492,511,4,36,8,"81,6","1168879,55"
2025-06-03,Betim,D,1,Hatch-Y,VIN004420,459,464,11,90,13,"81,3","984712,62"
2025-05-18,Betim,B,1,Pickup-Z,VIN004421,494,467,9,1,19,"108,3","1311786,77"
2025-04-22,Betim,D,1,SUV-X,VIN004422,448,479,3,45,18,"50,8","1104135,68"
2025-06-29,Betim,A,1,Sedan-W,VIN004423,643,646,0,39,13,"17,9","1842561,5"
2025-04-12,Porto Real,D,3,Hatch-Y,VIN004424,608,618,7,17,16,"53,5","1284287,17"
2025-02-15,Betim,B,1,Sedan-W,VIN004425,612,597,11,51,17,74,"1821224,62"
2025-01-29,Porto Real,A,2,SUV-X,VIN004426,591,571,5,71,8,"41,7","1496115,46"
2025-05-31,Betim,B,2,SUV-X,VIN004427,521,486,10,15,15,"86,4","983693,75"
2025-01-22,Goiana,B,2,Sedan-W,VIN004428,495,476,9,84,17,"21,1","1126863,34"
2025-06-20,Goiana,D,1,Sedan-W,VIN004429,391,431,1,73,8,"6,5","1246377,89"
2025-03-05,Goiana,C,2,Sedan-W,VIN004430,652,629,3,60,17,"46,1","1764793,38"
2025-06-23,Goiana,A,2,Sedan-W,VIN004431,604,596,9,37,16,"39,4",1424295
2025-03-13,Betim,C,2,Sedan-W,VIN004432,424,457,14,40,14,"88,9","1353920,32"
2025-05-01,Betim,C,3,Sedan-W,VIN004433,481,511,14,24,9,"25,4","1072151,35"
2025-03-27,Goiana,A,1,Sedan-W,VIN004434,618,590,9,35,20,"62,6","1325950,37"
2025-04-12,Porto Real,C,1,Sedan-W,VIN004435,654,628,7,85,9,"82,6","1845916,33"
2025-03-17,Porto Real,C,3,Pickup-Z,VIN004436,540,526,1,10,11,107,"1096519,24"
2025-02-11,Betim,B,2,Pickup-Z,VIN004437,640,628,2,9,8,"67,2","1492477,18"
2025-06-18,Goiana,A,3,Pickup-Z,VIN004438,571,592,11,67,16,"59,7","1198074,04"
2025-05-29,Goiana,A,2,SUV-X,VIN004439,550,578,14,66,10,"30,7","1682937,23"
2025-03-01,Goiana,D,1,SUV-X,VIN004440,527,547,6,38,12,36,"1658884,8"
2025-03-04,Porto Real,B,1,Pickup-Z,VIN004441,532,556,2,10,12,"14,8","1446272,15"
2025-03-01,Goiana,C,2,Hatch-Y,VIN004442,627,624,14,6,13,"71,7","1847713,94"
2025-05-04,Porto Real,D,3,Hatch-Y,VIN004443,520,551,7,75,19,"116,6","1054328,08"
2025-01-25,Porto Real,A,2,Sedan-W,VIN004444,640,609,14,51,17,"31,7","1811902,65"
2025-02-21,Porto Real,C,1,Pickup-Z,VIN004445,532,511,13,1,16,"45,7","1087369,26"
2025-06-28,Betim,C,3,Pickup-Z,VIN004446,494,486,7,60,19,98,"1516100,39"
2025-01-21,Betim,A,3,SUV-X,VIN004447,391,431,7,48,18,"35,6","1227749,84"
2025-03-19,Porto Real,C,1,Sedan-W,VIN004448,446,446,14,5,12,"24,5","980900,65"
2025-03-21,Betim,C,2,Hatch-Y,VIN004449,571,553,14,85,9,"35,2","1232989,51"
2025-02-12,Betim,C,1,SUV-X,VIN004450,564,576,4,73,12,"55,8","1521314,34"
2025-05-08,Goiana,A,3,SUV-X,VIN004451,442,428,14,71,12,"68,9","1372815,68"
2025-04-05,Goiana,C,1,Sedan-W,VIN004452,463,432,13,90,12,40,"1281362,86"
2025-06-09,Goiana,C,1,Pickup-Z,VIN004453,639,619,4,3,11,"11,9","1925295,45"
2025-05-15,Porto Real,C,2,SUV-X,VIN004454,654,636,10,38,15,"112,8","1481284,62"
2025-03-31,Goiana,C,1,Sedan-W,VIN004455,608,608,10,12,9,"114,5","1774215,39"
2025-06-17,Goiana,C,1,Pickup-Z,VIN004456,427,437,9,0,18,"6,3","1134041,66"
2025-03-08,Goiana,D,3,SUV-X,VIN004457,619,644,9,71,15,"81,6","1300444,65"
2025-03-22,Betim,D,2,SUV-X,VIN004458,502,498,0,24,18,"76,9","1146729,62"
2025-04-13,Betim,C,2,Pickup-Z,VIN004459,547,537,2,68,10,"72,1","1592221,72"
2025-04-28,Porto Real,A,1,Sedan-W,VIN004460,530,510,7,89,10,7,"1370849,32"
2025-03-15,Goiana,C,1,Sedan-W,VIN004461,466,466,10,67,14,"17,8","856088,99"
2025-03-19,Betim,B,3,Pickup-Z,VIN004462,471,490,14,4,15,"38,5","1335375,99"
2025-04-02,Goiana,D,3,SUV-X,VIN004463,469,489,10,65,10,"45,1","918466,09"
2025-03-29,Betim,C,1,Pickup-Z,VIN004464,462,490,10,73,13,"68,3","1195534,75"
2025-04-06,Porto Real,B,1,Pickup-Z,VIN004465,418,436,3,78,20,"36,4","845942,98"
2025-01-10,Porto Real,A,1,Sedan-W,VIN004466,473,491,3,1,19,"100,9","1032894,2"
2025-04-16,Porto Real,B,3,SUV-X,VIN004467,419,427,6,33,9,"19,2","767649,01"
2025-01-02,Goiana,C,3,SUV-X,VIN004468,553,541,0,71,19,"72,3","1521250,38"
2025-06-10,Porto Real,B,3,Hatch-Y,VIN004469,603,595,1,59,14,"82,9","1887489,61"
2025-01-10,Betim,D,3,Sedan-W,VIN004470,541,574,3,73,12,"62,8","1052590,55"
2025-06-04,Betim,B,2,SUV-X,VIN004471,590,598,6,42,20,"38,7","1407385,27"
2025-04-06,Goiana,B,3,SUV-X,VIN004472,442,455,12,23,10,47,"1260582,27"
2025-01-22,Porto Real,B,3,Hatch-Y,VIN004473,599,577,7,60,18,"15,3","1244856,1"
2025-06-12,Betim,D,2,SUV-X,VIN004474,541,554,15,46,12,"47,7","1044178,95"
2025-02-11,Porto Real,B,2,Sedan-W,VIN004475,438,430,3,18,13,"119,5","905462,48"
2025-01-03,Betim,A,3,Sedan-W,VIN004476,629,603,13,64,12,"109,9","1398913,72"
2025-06-13,Porto Real,C,2,Hatch-Y,VIN004477,653,619,5,49,10,86,"1893549,98"
2025-03-19,Goiana,B,3,Sedan-W,VIN004478,655,635,15,27,20,"28,3","2013109,47"
2025-04-24,Goiana,B,2,SUV-X,VIN004479,491,480,12,18,9,"17,5","1153736,82"
2025-03-06,Betim,B,2,Sedan-W,VIN004480,518,512,5,73,9,"18,4","1572795,6"
2025-05-21,Porto Real,D,3,SUV-X,VIN004481,460,489,1,79,11,"13,1","1207917,32"
2025-06-21,Betim,D,2,Sedan-W,VIN004482,514,487,1,26,13,"102,7","1261550,82"
2025-01-05,Porto Real,D,2,SUV-X,VIN004483,602,596,4,41,15,67,"1272856,61"
2025-05-21,Goiana,D,3,Hatch-Y,VIN004484,413,421,4,69,16,"103,6","1003653,45"
2025-05-09,Goiana,D,3,SUV-X,VIN004485,602,633,1,23,11,"47,1","1463808,27"
2025-05-31,Goiana,C,1,SUV-X,VIN004486,500,518,4,38,15,"36,2","918656,85"
2025-03-12,Goiana,B,3,Pickup-Z,VIN004487,511,535,11,67,20,"66,4","1382172,41"
2025-03-15,Porto Real,D,2,Hatch-Y,VIN004488,567,555,4,23,18,"104,9","1268788,01"
2025-04-21,Porto Real,A,1,Sedan-W,VIN004489,462,466,2,72,11,46,"1275235,31"
2025-03-06,Betim,D,2,Sedan-W,VIN004490,450,420,9,16,9,"5,1","1342286,34"
2025-04-16,Porto Real,C,1,Sedan-W,VIN004491,563,543,0,49,16,"42,1","1650017,43"
2025-04-18,Goiana,A,1,Hatch-Y,VIN004492,576,614,8,61,9,"61,5","1109145,28"
2025-05-16,Betim,C,1,Hatch-Y,VIN004493,597,626,12,67,17,"10,1","1703152,98"
2025-04-07,Goiana,A,1,SUV-X,VIN004494,567,545,11,67,17,72,"1234811,16"
2025-01-31,Goiana,A,3,Hatch-Y,VIN004495,586,618,0,68,18,"11,9","1176044,52"
2025-02-24,Betim,B,1,Hatch-Y,VIN004496,423,442,0,24,19,"114,6","1284962,51"
2025-06-26,Porto Real,D,1,Sedan-W,VIN004497,414,450,6,61,13,"106,1","993158,76"
2025-05-12,Goiana,D,3,Hatch-Y,VIN004498,412,440,14,51,13,"91,4","981288,43"
2025-04-19,Porto Real,C,3,Hatch-Y,VIN004499,590,594,6,64,14,20,"1489183,18"
2025-01-26,Goiana,C,1,Sedan-W,VIN004500,525,501,8,77,20,"28,5","984091,51"
2025-02-25,Goiana,C,1,Hatch-Y,VIN004501,475,444,8,69,11,"81,8","1241458,25"
2025-03-19,Goiana,B,2,Pickup-Z,VIN004502,592,577,6,10,12,"61,7","1753124,07"
2025-02-14,Porto Real,B,3,Hatch-Y,VIN004503,496,533,13,6,14,"92,8","1107220,1"
2025-05-14,Porto Real,C,2,Pickup-Z,VIN004504,633,608,3,80,14,"37,5","1465792,94"
2025-03-12,Goiana,A,2,Hatch-Y,VIN004505,420,430,14,58,9,"74,6","1261021,79"
2025-06-08,Betim,D,3,Sedan-W,VIN004506,565,572,4,23,18,"12,5","1136516,63"
2025-01-04,Betim,B,2,Sedan-W,VIN004507,496,485,5,7,13,"101,8","1320868,32"
2025-01-22,Betim,A,1,Pickup-Z,VIN004508,462,444,10,88,8,"100,1","1021419,44"
2025-05-17,Goiana,C,1,SUV-X,VIN004509,545,532,12,44,15,"38,1","1091068,14"
2025-04-04,Goiana,C,3,Pickup-Z,VIN004510,554,581,12,22,20,"97,7","1155927,45"
2025-05-24,Goiana,C,2,Sedan-W,VIN004511,479,445,15,43,14,"114,3","1316890,02"
2025-03-06,Goiana,B,1,Pickup-Z,VIN004512,392,425,4,41,9,"76,3","765914,07"
2025-02-05,Betim,A,1,Hatch-Y,VIN004513,512,540,12,17,16,"47,5","1315874,26"
2025-01-08,Porto Real,D,3,Pickup-Z,VIN004514,511,500,10,85,20,"10,7","1301530,58"
2025-03-29,Porto Real,C,2,SUV-X,VIN004515,527,549,11,31,9,"48,7","1347954,15"
2025-02-22,Goiana,D,1,Pickup-Z,VIN004516,561,596,9,37,14,"101,2","1595531,2"
2025-01-29,Goiana,B,1,Hatch-Y,VIN004517,597,582,9,51,18,"94,9","1762267,97"
2025-05-14,Betim,B,2,Hatch-Y,VIN004518,494,462,11,53,17,"9,1","1048769,94"
2025-01-04,Betim,D,2,Pickup-Z,VIN004519,662,632,3,55,10,"64,8","2114074,65"
2025-01-06,Porto Real,D,3,Pickup-Z,VIN004520,583,593,7,3,18,"36,4","1544489,18"
2025-01-04,Betim,A,2,Pickup-Z,VIN004521,465,458,15,29,14,"12,6","1136546,24"
2025-01-23,Goiana,C,2,SUV-X,VIN004522,504,524,3,78,14,"10,8","912796,34"
2025-06-02,Porto Real,C,3,Sedan-W,VIN004523,588,571,12,44,12,"116,6","1795575,18"
2025-03-08,Goiana,B,1,Hatch-Y,VIN004524,552,592,7,29,13,"113,5","1316638,73"
2025-06-08,Betim,D,3,Sedan-W,VIN004525,448,466,8,68,14,"18,8",939986
2025-03-16,Porto Real,B,1,SUV-X,VIN004526,520,502,3,29,13,"14,6","980910,54"
2025-01-16,Betim,C,2,SUV-X,VIN004527,612,591,13,6,9,"6,1","1457706,25"
2025-04-07,Porto Real,B,1,Hatch-Y,VIN004528,481,488,7,54,13,"8,4","1456508,48"
2025-01-24,Betim,B,3,SUV-X,VIN004529,584,550,11,75,20,"115,4","1858376,75"
2025-03-08,Goiana,C,3,Pickup-Z,VIN004530,607,629,5,58,20,"79,4","1478922,96"
2025-04-12,Goiana,C,1,SUV-X,VIN004531,570,599,7,36,17,"62,2","1615338,56"
2025-01-10,Goiana,D,3,Hatch-Y,VIN004532,486,480,2,47,14,"20,2","904872,98"
2025-06-14,Goiana,A,3,SUV-X,VIN004533,643,625,13,55,18,"91,4","1233048,46"
2025-01-02,Porto Real,B,2,SUV-X,VIN004534,572,569,7,28,16,"31,9","1818432,67"
2025-02-06,Porto Real,C,1,Pickup-Z,VIN004535,618,603,6,11,20,17,"1374172,78"
2025-03-19,Goiana,B,3,Pickup-Z,VIN004536,437,464,10,1,16,"5,9","795748,28"
2025-05-28,Goiana,A,3,Sedan-W,VIN004537,511,476,15,59,20,"36,4","1624960,47"
2025-05-28,Porto Real,A,3,Pickup-Z,VIN004538,601,593,8,71,8,46,"1283134,69"
2025-05-20,Porto Real,C,1,Sedan-W,VIN004539,466,491,14,54,17,"19,8","1099383,14"
2025-06-24,Porto Real,B,3,SUV-X,VIN004540,443,463,6,22,10,"88,3","1405128,54"
2025-04-16,Goiana,B,1,Pickup-Z,VIN004541,532,525,10,76,14,"103,7","1646999,18"
2025-05-14,Goiana,C,1,Sedan-W,VIN004542,631,627,7,79,17,"15,8","1822126,46"
2025-05-03,Porto Real,C,2,Pickup-Z,VIN004543,488,485,11,15,17,7,"1167191,36"
2025-03-12,Betim,A,3,Sedan-W,VIN004544,512,479,13,25,17,"26,3","1373036,16"
2025-06-23,Betim,B,2,Pickup-Z,VIN004545,631,607,7,48,19,"31,7","1945413,55"
2025-01-24,Betim,D,2,Hatch-Y,VIN004546,479,519,10,35,10,"79,1","1519016,97"
2025-02-18,Betim,D,2,Sedan-W,VIN004547,668,643,2,60,11,"109,6","2057668,98"
2025-04-10,Betim,C,1,Sedan-W,VIN004548,388,427,10,68,13,"71,4","1017087,47"
2025-01-28,Porto Real,C,2,Pickup-Z,VIN004549,470,494,3,5,14,108,"959019,5"
2025-05-11,Porto Real,B,1,SUV-X,VIN004550,582,585,10,90,10,"57,4","1411632,61"
2025-01-29,Betim,A,1,Sedan-W,VIN004551,536,560,8,28,18,"93,6","1700188,73"
2025-06-10,Goiana,B,1,SUV-X,VIN004552,593,559,14,32,8,"30,5","1637252,36"
2025-03-17,Goiana,B,3,Hatch-Y,VIN004553,483,482,1,44,19,"94,4","1407052,64"
2025-03-17,Porto Real,B,2,SUV-X,VIN004554,599,587,14,87,16,39,"1723053,42"
2025-03-02,Goiana,D,2,SUV-X,VIN004555,579,560,11,53,15,"109,7","1074637,66"
2025-05-26,Betim,B,2,SUV-X,VIN004556,582,588,1,0,19,116,"1635177,93"
2025-01-31,Goiana,A,3,Hatch-Y,VIN004557,420,425,15,90,11,"116,9","1312259,96"
2025-01-16,Betim,B,2,SUV-X,VIN004558,445,437,2,23,17,"18,2","999768,55"
2025-04-30,Porto Real,B,1,Pickup-Z,VIN004559,597,619,8,40,14,"117,4","1725548,52"
2025-03-27,Goiana,D,3,Hatch-Y,VIN004560,437,434,8,81,19,"112,5","1320783,31"
2025-04-20,Porto Real,A,2,Pickup-Z,VIN004561,541,564,6,36,13,"71,6","1137352,2"
2025-02-14,Betim,C,2,SUV-X,VIN004562,569,548,1,22,18,"24,6","1509562,49"
2025-02-11,Goiana,A,2,Hatch-Y,VIN004563,510,545,0,32,20,"112,3","1446587,92"
2025-05-28,Porto Real,C,2,SUV-X,VIN004564,527,561,9,53,16,"57,9","1492830,85"
2025-06-16,Porto Real,C,1,Pickup-Z,VIN004565,606,638,15,1,13,"97,6","1388937,1"
2025-04-25,Betim,A,1,Hatch-Y,VIN004566,429,431,0,72,11,102,"1321046,3"
2025-06-08,Porto Real,C,1,Hatch-Y,VIN004567,669,647,5,85,20,"39,7","1480177,03"
2025-06-23,Goiana,B,3,SUV-X,VIN004568,457,464,15,35,19,54,"1032788,41"
2025-02-14,Goiana,D,3,Sedan-W,VIN004569,539,522,0,27,10,"6,9","1464294,41"
2025-06-06,Porto Real,B,2,SUV-X,VIN004570,656,637,4,38,15,"95,7","2009713,22"
2025-05-01,Porto Real,A,3,Sedan-W,VIN004571,576,587,7,63,12,"99,1","1734076,54"
2025-02-15,Porto Real,C,2,SUV-X,VIN004572,471,453,14,28,15,"88,3","946707,48"
2025-04-16,Goiana,D,2,Hatch-Y,VIN004573,611,615,13,5,9,"41,4","1885004,23"
2025-04-03,Porto Real,C,3,Pickup-Z,VIN004574,541,576,11,71,12,"83,6","1638954,57"
2025-04-26,Goiana,C,2,Sedan-W,VIN004575,591,591,9,8,12,18,"1191844,14"
2025-03-10,Goiana,C,2,Hatch-Y,VIN004576,580,569,6,42,16,"59,5","1510447,97"
2025-06-14,Porto Real,C,2,Pickup-Z,VIN004577,597,626,14,4,12,"28,1","1559145,33"
2025-01-01,Betim,A,1,SUV-X,VIN004578,521,492,4,70,8,"47,7","1145753,39"
2025-05-03,Goiana,D,2,Hatch-Y,VIN004579,546,534,2,18,20,"6,6","1669024,48"
2025-02-10,Porto Real,A,1,Pickup-Z,VIN004580,609,633,0,1,20,"37,7","1559149,92"
2025-05-07,Betim,D,2,Sedan-W,VIN004581,587,580,12,29,10,"79,2","1746633,71"
2025-03-01,Porto Real,B,2,Hatch-Y,VIN004582,505,482,1,17,12,"11,7","1490858,35"
2025-03-20,Porto Real,D,3,Hatch-Y,VIN004583,464,487,13,27,9,"69,9","912716,27"
2025-03-23,Betim,C,2,Sedan-W,VIN004584,431,461,1,33,19,"37,8","1029103,37"
2025-01-31,Porto Real,C,1,Sedan-W,VIN004585,512,506,12,90,15,98,"1004262,47"
2025-03-15,Porto Real,C,2,Sedan-W,VIN004586,621,623,4,17,16,"45,5","1275809,03"
2025-03-09,Betim,A,3,Pickup-Z,VIN004587,523,551,1,54,10,"9,1","1530653,56"
2025-01-23,Porto Real,B,3,Hatch-Y,VIN004588,583,574,5,75,11,"59,2","1502543,33"
2025-02-05,Betim,C,2,Sedan-W,VIN004589,553,565,12,86,11,"92,4","1073361,91"
2025-01-09,Goiana,D,3,Hatch-Y,VIN004590,621,636,2,11,9,"54,4","1146960,62"
2025-05-07,Goiana,D,1,Pickup-Z,VIN004591,478,464,0,54,18,"70,4","1389623,63"
2025-05-03,Betim,D,3,SUV-X,VIN004592,429,441,2,72,19,"59,6","1214609,26"
2025-01-13,Betim,D,2,Sedan-W,VIN004593,429,420,11,1,12,"10,8","1323205,52"
2025-05-31,Porto Real,D,2,Sedan-W,VIN004594,509,499,2,75,9,"54,6","1002559,09"
2025-02-24,Betim,A,2,Hatch-Y,VIN004595,614,585,5,63,15,"67,2","1367528,7"
2025-04-23,Porto Real,B,1,Sedan-W,VIN004596,554,567,14,12,10,"98,3","1349026,8"
2025-03-29,Betim,D,1,SUV-X,VIN004597,515,544,5,17,16,"77,7","1152678,7"
2025-06-18,Porto Real,D,1,Hatch-Y,VIN004598,478,449,15,72,19,"76,8","1452802,56"
2025-03-05,Goiana,D,1,SUV-X,VIN004599,501,534,11,75,18,"51,4","1441909,86"
2025-04-07,Goiana,D,3,Sedan-W,VIN004600,498,472,1,69,8,"10,4","979954,51"
2025-04-25,Goiana,D,1,SUV-X,VIN004601,584,590,10,39,10,"113,9","1634995,56"
2025-04-18,Porto Real,B,3,Pickup-Z,VIN004602,444,433,11,39,20,"86,5","843427,29"
2025-04-05,Porto Real,A,3,SUV-X,VIN004603,439,436,13,50,12,"70,6","1260595,41"
2025-05-28,Porto Real,C,1,Pickup-Z,VIN004604,575,597,11,39,11,"58,3","1146403,44"
2025-05-14,Porto Real,B,3,Sedan-W,VIN004605,417,455,2,73,17,"68,1","858928,89"
2025-06-23,Goiana,B,3,Hatch-Y,VIN004606,630,603,13,50,14,"36,7","1383345,75"
2025-06-14,Goiana,A,1,Sedan-W,VIN004607,548,516,14,36,15,"66,3","1392121,15"
2025-05-08,Betim,D,1,Pickup-Z,VIN004608,507,493,10,83,20,"60,8","1325913,85"
2025-05-16,Goiana,B,2,Sedan-W,VIN004609,513,502,8,67,10,"48,4","1570577,46"
2025-05-22,Betim,A,2,Sedan-W,VIN004610,411,439,6,83,11,"34,8","801023,88"
2025-04-19,Goiana,B,1,Hatch-Y,VIN004611,579,562,14,6,10,"10,8","1300615,04"
2025-05-28,Porto Real,C,1,Hatch-Y,VIN004612,593,599,3,63,15,87,"1756375,44"
2025-06-22,Porto Real,B,3,SUV-X,VIN004613,461,428,13,19,8,"66,4","1201856,26"
2025-05-03,Betim,A,3,SUV-X,VIN004614,439,424,15,9,16,"25,3","840663,07"
2025-06-13,Porto Real,D,2,SUV-X,VIN004615,578,562,1,39,13,"34,8","1314614,32"
2025-05-09,Betim,D,3,SUV-X,VIN004616,514,505,5,31,17,"86,5","1308692,81"
2025-01-04,Porto Real,B,1,Sedan-W,VIN004617,650,645,15,61,16,"92,9","1239979,82"
2025-03-22,Betim,B,3,Hatch-Y,VIN004618,595,571,12,42,16,"34,3","1335167,98"
2025-05-10,Goiana,C,3,Hatch-Y,VIN004619,620,608,3,3,9,"93,4","1907966,09"
2025-03-17,Goiana,B,2,SUV-X,VIN004620,605,634,9,31,16,"118,8","1494681,02"
2025-01-17,Porto Real,B,2,Hatch-Y,VIN004621,476,475,9,83,12,17,"1327933,2"
2025-04-02,Porto Real,D,3,Hatch-Y,VIN004622,639,625,1,26,16,"89,2","2007500,17"
2025-06-27,Betim,B,3,Sedan-W,VIN004623,560,574,12,0,11,"93,4","1773763,88"
2025-01-23,Porto Real,D,3,Sedan-W,VIN004624,480,504,14,75,15,"100,3","898526,71"
2025-02-09,Goiana,D,1,Pickup-Z,VIN004625,533,541,12,68,14,"59,2","1409301,03"
2025-02-10,Betim,B,3,Hatch-Y,VIN004626,510,502,2,11,16,"104,8","1395485,06"
2025-05-18,Goiana,C,2,Pickup-Z,VIN004627,448,458,1,56,15,"33,5","1234176,58"
2025-06-08,Porto Real,A,1,Hatch-Y,VIN004628,529,496,4,79,17,"62,7","1266340,85"
2025-03-06,Porto Real,D,2,SUV-X,VIN004629,616,634,1,35,20,"71,9","1229879,46"
2025-05-28,Goiana,A,1,Hatch-Y,VIN004630,597,617,2,15,20,12,"1306370,42"
2025-04-27,Porto Real,B,2,Pickup-Z,VIN004631,582,614,2,66,8,18,"1338842,28"
2025-05-05,Betim,C,1,Hatch-Y,VIN004632,601,633,15,35,20,"55,5","1483395,9"
2025-01-29,Porto Real,C,2,SUV-X,VIN004633,578,556,9,61,12,"95,1","1700185,05"
2025-03-24,Goiana,B,1,Pickup-Z,VIN004634,450,427,1,87,8,"88,3","1394713,89"
2025-01-15,Goiana,A,1,Pickup-Z,VIN004635,593,582,4,17,15,"43,1","1218475,91"
2025-06-22,Betim,A,3,Hatch-Y,VIN004636,449,487,11,17,13,"108,5","1336103,62"
2025-06-21,Porto Real,D,2,Sedan-W,VIN004637,431,433,6,73,16,"77,6","1339908,1"
2025-05-16,Goiana,D,2,Hatch-Y,VIN004638,593,580,5,68,20,101,"1414437,24"
2025-02-09,Betim,C,2,Hatch-Y,VIN004639,437,468,14,72,20,58,"1237695,78"
2025-05-08,Betim,D,1,SUV-X,VIN004640,656,627,14,42,13,"107,5","1642556,03"
2025-04-28,Goiana,B,3,Pickup-Z,VIN004641,672,637,14,41,20,"115,8","1334373,58"
2025-06-19,Porto Real,D,1,SUV-X,VIN004642,558,597,13,62,12,"32,9","1176317,64"
2025-06-29,Goiana,C,3,Pickup-Z,VIN004643,490,466,6,75,12,"28,1","1464832,79"
2025-05-18,Porto Real,A,3,Pickup-Z,VIN004644,421,423,5,0,17,"86,4","962590,03"
2025-01-21,Porto Real,B,3,Sedan-W,VIN004645,404,426,1,72,19,"107,7","1216613,43"
2025-06-23,Goiana,C,3,Hatch-Y,VIN004646,596,585,12,34,12,"5,6","1868023,17"
2025-03-17,Betim,B,1,Sedan-W,VIN004647,543,508,5,9,8,"114,3","1572569,08"
2025-02-05,Goiana,A,2,Sedan-W,VIN004648,504,515,2,77,19,"30,1","1434075,07"
2025-02-20,Goiana,C,1,Pickup-Z,VIN004649,568,597,13,25,12,"115,8","1458130,39"
2025-05-28,Porto Real,D,3,Pickup-Z,VIN004650,533,544,4,76,13,101,"1675092,4"
2025-04-29,Porto Real,A,3,Sedan-W,VIN004651,434,431,13,27,8,"94,7","817847,32"
2025-02-21,Betim,D,1,Hatch-Y,VIN004652,465,458,12,72,14,"5,1","1138061,28"
2025-01-19,Goiana,B,1,Sedan-W,VIN004653,546,580,0,0,14,"111,6","1460242,28"
2025-03-23,Betim,C,3,SUV-X,VIN004654,430,461,6,51,16,"49,8","1272430,74"
2025-05-13,Goiana,B,3,Hatch-Y,VIN004655,530,518,4,82,10,"105,7","1505908,68"
2025-02-18,Porto Real,A,3,SUV-X,VIN004656,471,441,15,17,11,"35,7","1485774,85"
2025-05-01,Betim,C,2,SUV-X,VIN004657,540,537,3,52,16,"114,7","1642705,56"
2025-04-06,Goiana,A,1,Pickup-Z,VIN004658,479,484,13,21,13,"93,2","1367240,71"
2025-05-07,Porto Real,B,2,Hatch-Y,VIN004659,583,586,0,16,18,"22,5","1278360,46"
2025-02-07,Porto Real,B,3,Pickup-Z,VIN004660,563,536,9,81,11,62,"1573097,62"
2025-04-15,Porto Real,D,2,Sedan-W,VIN004661,469,485,15,20,12,"59,8","1398083,16"
2025-05-29,Porto Real,C,3,Sedan-W,VIN004662,477,501,7,22,18,"76,1","1089033,45"
2025-04-08,Goiana,C,1,Pickup-Z,VIN004663,456,471,15,46,12,"41,3","1147102,96"
2025-05-20,Betim,A,3,Sedan-W,VIN004664,647,617,8,83,8,"31,8","1280908,36"
2025-02-23,Betim,B,2,Sedan-W,VIN004665,394,434,9,14,13,"63,8","848336,68"
2025-03-29,Porto Real,C,1,Sedan-W,VIN004666,478,454,10,73,15,"15,7","1481402,83"
2025-05-31,Betim,B,1,Hatch-Y,VIN004667,532,503,5,53,9,"21,5","1100648,71"
2025-02-22,Porto Real,A,3,Pickup-Z,VIN004668,553,565,10,63,20,"76,9","1063142,69"
2025-06-12,Betim,D,1,SUV-X,VIN004669,536,504,10,17,15,"23,2","1015565,83"
2025-03-24,Goiana,C,1,Pickup-Z,VIN004670,473,470,6,28,14,"38,6","863899,83"
2025-01-28,Goiana,D,3,Pickup-Z,VIN004671,617,647,12,41,17,"98,6","1742290,08"
2025-03-19,Goiana,C,3,Sedan-W,VIN004672,519,552,13,46,18,98,"1175287,44"
2025-06-29,Porto Real,B,2,Sedan-W,VIN004673,455,437,5,34,13,"8,7","1272193,34"
2025-01-30,Betim,C,3,Hatch-Y,VIN004674,425,462,6,25,17,"47,5","1264636,12"
2025-06-08,Porto Real,A,3,Pickup-Z,VIN004675,549,551,5,44,15,"59,5","1080274,51"
2025-05-02,Betim,A,2,Sedan-W,VIN004676,486,506,6,47,16,"23,1","1233506,21"
2025-02-16,Porto Real,C,2,Hatch-Y,VIN004677,401,428,12,72,12,"84,9","1189289,03"
2025-06-18,Porto Real,C,1,Sedan-W,VIN004678,435,460,10,60,16,"93,2","1050541,4"
2025-06-11,Porto Real,C,1,Sedan-W,VIN004679,637,606,8,16,19,"63,5","1425148,61"
2025-03-17,Porto Real,B,2,Hatch-Y,VIN004680,573,580,12,63,13,"14,5","1098364,68"
2025-06-09,Betim,A,2,Hatch-Y,VIN004681,422,438,0,61,10,"82,9","1036606,06"
2025-05-18,Porto Real,B,1,Hatch-Y,VIN004682,559,527,7,6,15,"97,4","1091719,89"
2025-05-22,Porto Real,C,1,SUV-X,VIN004683,615,584,11,53,18,"80,5","1662462,53"
2025-05-06,Porto Real,C,3,SUV-X,VIN004684,466,441,14,56,12,"35,7","913032,91"
2025-03-28,Porto Real,A,3,Sedan-W,VIN004685,645,650,7,73,20,"16,9","1476773,56"
2025-01-25,Porto Real,D,3,Sedan-W,VIN004686,478,455,6,52,17,"32,1","1226515,23"
2025-05-09,Betim,B,1,Pickup-Z,VIN004687,430,440,15,53,12,"55,6","1103807,72"
2025-04-01,Betim,A,2,Hatch-Y,VIN004688,589,623,10,57,17,21,"1616269,76"
2025-04-16,Porto Real,D,1,Sedan-W,VIN004689,577,577,9,29,11,"19,7","1777126,11"
2025-01-25,Porto Real,C,3,SUV-X,VIN004690,562,570,9,44,14,"116,9","1401778,16"
2025-01-29,Betim,B,2,Hatch-Y,VIN004691,501,497,7,34,15,"40,9","935327,13"
2025-02-13,Porto Real,A,2,Hatch-Y,VIN004692,433,449,1,48,18,112,"1157752,15"
2025-02-12,Goiana,C,1,Hatch-Y,VIN004693,436,431,14,57,18,"51,7","863146,94"
2025-01-04,Porto Real,A,2,Pickup-Z,VIN004694,529,515,6,5,18,"115,2","1373347,6"
2025-05-09,Betim,A,3,SUV-X,VIN004695,432,454,14,40,17,"53,1","1221367,97"
2025-02-23,Betim,D,1,Sedan-W,VIN004696,641,629,4,36,13,"101,7","1232697,36"
2025-03-31,Porto Real,B,1,Pickup-Z,VIN004697,573,608,7,72,18,"96,9","1443642,89"
2025-04-22,Porto Real,D,3,Pickup-Z,VIN004698,455,439,15,80,19,"110,8","1132082,49"
2025-01-26,Goiana,B,1,SUV-X,VIN004699,569,558,3,24,19,"89,8","1153800,98"
2025-03-12,Betim,A,3,Pickup-Z,VIN004700,561,581,7,24,9,"98,2","1532645,8"
2025-04-09,Betim,A,3,SUV-X,VIN004701,605,587,14,6,16,"83,7","1581591,29"
2025-02-13,Goiana,C,3,Sedan-W,VIN004702,439,474,14,78,19,"22,5","899419,24"
2025-04-28,Goiana,B,2,Pickup-Z,VIN004703,462,445,5,1,14,"116,3","1344402,17"
2025-05-05,Goiana,B,3,Sedan-W,VIN004704,660,633,15,41,20,"50,2","1402631,1"
2025-05-30,Goiana,C,2,Pickup-Z,VIN004705,509,533,7,11,17,"31,8","1212739,73"
2025-06-01,Betim,C,2,SUV-X,VIN004706,480,491,2,28,16,"5,9","1101105,5"
2025-02-26,Betim,A,1,Pickup-Z,VIN004707,489,508,2,15,11,"96,4","1111638,69"
2025-03-29,Betim,A,2,SUV-X,VIN004708,416,425,4,7,18,"28,3","1148352,13"
2025-06-10,Betim,D,2,Pickup-Z,VIN004709,569,577,5,88,15,"112,4","1479831,76"
2025-06-08,Betim,B,1,Sedan-W,VIN004710,558,523,15,86,12,"119,8","1700514,07"
2025-05-20,Betim,C,1,Hatch-Y,VIN004711,561,543,15,1,16,"39,3","1615702,2"
2025-05-20,Goiana,D,2,Sedan-W,VIN004712,566,571,10,72,16,"32,5","1790652,74"
2025-01-19,Goiana,D,1,SUV-X,VIN004713,543,543,13,9,20,"14,7","1318778,97"
2025-03-02,Goiana,D,3,Hatch-Y,VIN004714,562,602,7,21,19,"98,7","1141645,13"
2025-06-25,Goiana,B,3,Hatch-Y,VIN004715,607,641,1,71,11,"41,1","1844417,28"
2025-06-26,Porto Real,B,3,Hatch-Y,VIN004716,537,568,1,35,9,"56,1","1709644,84"
2025-06-25,Goiana,D,3,Pickup-Z,VIN004717,651,619,0,65,11,"13,3","1843164,84"
2025-03-31,Betim,B,1,Hatch-Y,VIN004718,567,547,10,60,8,"72,1","1029945,86"
2025-06-14,Goiana,A,1,Sedan-W,VIN004719,560,558,9,61,20,"26,1","1314693,36"
2025-01-20,Betim,B,2,SUV-X,VIN004720,460,489,10,36,17,"100,4","898332,46"
2025-03-15,Goiana,A,3,SUV-X,VIN004721,608,635,2,61,11,46,"1196253,13"
2025-01-04,Goiana,B,2,SUV-X,VIN004722,500,514,14,74,12,"87,8","916054,96"
2025-05-18,Goiana,A,1,Hatch-Y,VIN004723,588,588,9,46,11,65,"1343202,22"
2025-03-15,Goiana,B,3,Sedan-W,VIN004724,600,584,3,88,14,"39,8","1453607,34"
2025-03-30,Porto Real,A,3,Sedan-W,VIN004725,522,522,1,32,20,60,"1093002,56"
2025-05-12,Porto Real,B,3,Sedan-W,VIN004726,443,461,9,84,11,"6,6","896316,93"
2025-01-08,Goiana,D,3,Pickup-Z,VIN004727,619,630,6,82,9,91,"1482788,81"
2025-01-14,Porto Real,D,3,Sedan-W,VIN004728,427,436,5,7,10,"80,8","927769,39"
2025-03-26,Betim,A,1,Pickup-Z,VIN004729,658,637,8,54,20,"38,2","1225459,76"
2025-04-25,Betim,A,3,Hatch-Y,VIN004730,524,547,7,34,9,"75,7","1544899,94"
2025-02-17,Goiana,B,2,SUV-X,VIN004731,419,432,0,17,11,"41,6","929376,99"
2025-03-04,Goiana,D,2,Pickup-Z,VIN004732,587,563,10,35,8,"75,2","1403627,2"
2025-05-30,Goiana,C,3,SUV-X,VIN004733,559,552,6,32,10,"38,3","1179107,43"
2025-04-02,Betim,A,2,SUV-X,VIN004734,410,438,13,89,19,"55,6","1032076,84"
2025-03-04,Goiana,C,2,Sedan-W,VIN004735,539,558,9,64,17,"80,4","1544756,75"
2025-03-01,Goiana,D,2,SUV-X,VIN004736,565,587,6,43,17,"73,4","1601957,12"
2025-01-24,Betim,C,2,Hatch-Y,VIN004737,656,621,0,89,20,"12,2","1375013,29"
2025-01-31,Betim,A,2,Sedan-W,VIN004738,503,531,6,35,9,"74,9","1380181,47"
2025-01-29,Porto Real,B,3,Hatch-Y,VIN004739,501,541,8,88,17,"114,5","1338303,29"
2025-03-28,Porto Real,B,2,Sedan-W,VIN004740,434,459,14,39,14,"39,9","1162202,79"
2025-03-02,Goiana,C,1,Sedan-W,VIN004741,546,574,7,16,13,"44,1","1722494,56"
2025-01-26,Porto Real,C,1,Hatch-Y,VIN004742,495,482,8,30,14,17,"1143610,75"
2025-06-13,Betim,D,1,Hatch-Y,VIN004743,512,531,6,70,11,101,"1432930,64"
2025-02-02,Goiana,D,1,SUV-X,VIN004744,609,649,14,16,19,90,"1759956,66"
2025-04-10,Goiana,D,3,Hatch-Y,VIN004745,455,422,6,50,12,"70,1","1213077,28"
2025-02-26,Goiana,B,3,SUV-X,VIN004746,559,556,13,8,14,"63,6","1627367,08"
2025-05-30,Betim,A,1,Sedan-W,VIN004747,619,630,10,45,9,"30,6","1945901,04"
2025-04-01,Porto Real,C,2,SUV-X,VIN004748,438,435,14,30,12,"37,7","1397522,35"
2025-04-10,Goiana,B,3,Pickup-Z,VIN004749,560,526,1,51,14,"33,5","1191135,69"
2025-03-25,Porto Real,C,3,Hatch-Y,VIN004750,440,432,12,34,14,"75,8","1014698,59"
2025-02-28,Porto Real,A,1,SUV-X,VIN004751,491,507,15,30,9,"26,3","1268760,6"
2025-01-28,Goiana,B,3,Hatch-Y,VIN004752,534,505,9,25,10,86,"1021118,71"
2025-04-14,Betim,C,3,Pickup-Z,VIN004753,524,511,6,44,13,"98,3","1457648,2"
2025-06-08,Goiana,D,3,SUV-X,VIN004754,518,531,14,33,10,"73,5","1506639,65"
2025-01-27,Betim,B,3,Sedan-W,VIN004755,614,584,6,60,16,"16,3","1181939,64"
2025-01-01,Goiana,C,3,Hatch-Y,VIN004756,570,587,12,18,14,"30,8","1090568,22"
2025-05-16,Goiana,D,2,Sedan-W,VIN004757,579,577,7,31,19,"79,5","1568048,62"
2025-05-11,Betim,A,1,Hatch-Y,VIN004758,398,425,9,82,17,"62,9","932777,64"
2025-03-17,Goiana,C,1,Hatch-Y,VIN004759,449,429,7,77,11,"39,2","1410823,66"
2025-02-09,Betim,B,3,Sedan-W,VIN004760,442,449,11,81,20,10,"801247,62"
2025-02-18,Porto Real,D,3,Sedan-W,VIN004761,492,508,8,10,12,8,"1167907,04"
2025-06-29,Porto Real,A,1,SUV-X,VIN004762,475,460,10,22,11,"103,2","1282536,53"
2025-06-29,Betim,C,3,Pickup-Z,VIN004763,461,500,0,61,8,52,"1099749,48"
2025-01-31,Betim,D,2,Hatch-Y,VIN004764,426,436,11,81,11,"104,3","1239178,89"
2025-05-11,Porto Real,C,1,Sedan-W,VIN004765,651,624,11,88,17,"58,3","1916142,41"
2025-03-02,Betim,A,1,SUV-X,VIN004766,474,491,0,41,10,"118,3","1424027,14"
2025-01-29,Betim,A,3,Hatch-Y,VIN004767,484,493,12,13,10,"40,4","916941,79"
2025-01-01,Betim,C,1,Sedan-W,VIN004768,623,606,3,7,13,"91,2","1326125,5"
2025-02-19,Betim,A,2,SUV-X,VIN004769,569,599,6,78,15,"69,2","1637626,43"
2025-02-26,Porto Real,D,2,Pickup-Z,VIN004770,607,638,1,67,9,"24,5","1206658,1"
2025-05-11,Goiana,C,2,Hatch-Y,VIN004771,448,459,10,44,15,"40,2","1052331,7"
2025-02-24,Betim,B,3,Sedan-W,VIN004772,506,530,1,56,19,"36,8","1074382,76"
2025-03-27,Porto Real,D,3,Pickup-Z,VIN004773,559,541,11,57,8,"41,8","1071974,43"
2025-06-28,Betim,B,1,Sedan-W,VIN004774,454,434,10,70,9,"112,2","936793,25"
2025-05-08,Goiana,B,1,Sedan-W,VIN004775,645,647,2,83,14,114,"2024251,79"
2025-05-08,Goiana,C,3,SUV-X,VIN004776,659,631,1,51,16,"79,8","1637816,65"
2025-04-06,Porto Real,A,3,Hatch-Y,VIN004777,465,442,13,61,8,"11,1","1346781,85"
2025-06-25,Goiana,D,1,Hatch-Y,VIN004778,519,544,4,41,11,"65,1","1577607,87"
2025-02-05,Porto Real,C,2,Pickup-Z,VIN004779,404,428,4,80,10,"30,1","786959,36"
2025-06-29,Betim,C,2,Hatch-Y,VIN004780,589,601,6,55,18,"34,8","1784684,13"
2025-01-08,Goiana,A,1,Sedan-W,VIN004781,513,529,12,47,13,"14,1","1103328,17"
2025-01-26,Porto Real,D,1,Hatch-Y,VIN004782,627,641,4,27,18,34,"1574766,21"
2025-05-14,Porto Real,A,1,Hatch-Y,VIN004783,587,593,6,18,8,"7,6","1792689,67"
2025-04-05,Goiana,C,2,Pickup-Z,VIN004784,520,551,13,19,14,"57,8","1329803,05"
2025-06-07,Goiana,A,3,Sedan-W,VIN004785,521,492,13,70,19,"61,7","1025335,24"
2025-02-08,Betim,A,3,Pickup-Z,VIN004786,585,595,0,10,11,"44,2","1114068,56"
2025-03-29,Goiana,B,1,Hatch-Y,VIN004787,483,490,12,39,8,"73,6","1215807,06"
2025-04-06,Porto Real,D,1,Pickup-Z,VIN004788,563,603,9,85,13,"22,7","1535517,19"
2025-02-14,Goiana,A,3,Pickup-Z,VIN004789,630,650,0,37,10,"9,4","1518969,56"
2025-05-17,Goiana,B,3,Hatch-Y,VIN004790,637,638,2,1,19,"5,4","1681544,97"
2025-03-23,Goiana,A,3,Hatch-Y,VIN004791,466,433,6,68,17,"66,7","1067101,32"
2025-02-06,Betim,D,1,SUV-X,VIN004792,482,516,1,87,17,"102,9","1082090,55"
2025-01-29,Goiana,A,2,Pickup-Z,VIN004793,614,595,11,32,19,"83,3","1424048,14"
2025-01-28,Goiana,B,1,SUV-X,VIN004794,443,472,10,48,20,"57,3","1087528,79"
2025-01-26,Porto Real,C,1,Sedan-W,VIN004795,553,582,7,59,9,"33,4","1466743,52"
2025-02-13,Goiana,C,1,Hatch-Y,VIN004796,555,541,10,13,16,"34,1","1056237,35"
2025-05-14,Goiana,C,1,SUV-X,VIN004797,486,454,0,75,11,"87,1","1018031,03"
2025-01-09,Porto Real,C,2,SUV-X,VIN004798,582,618,5,22,16,"115,7","1459482,3"
2025-04-03,Goiana,D,1,Hatch-Y,VIN004799,599,616,5,5,18,"41,9","1391483,67"
2025-02-20,Goiana,D,2,Pickup-Z,VIN004800,679,646,10,54,19,33,"1863196,66"
2025-06-16,Porto Real,B,1,Hatch-Y,VIN004801,638,639,2,43,18,"93,5","1894640,95"
2025-04-08,Porto Real,A,3,SUV-X,VIN004802,567,593,14,71,10,"96,3","1788967,63"
2025-02-23,Porto Real,C,1,Sedan-W,VIN004803,476,456,7,79,12,"36,1","1001427,5"
2025-03-14,Betim,A,3,Hatch-Y,VIN004804,625,649,2,66,13,"61,8","1903773,28"
2025-04-10,Porto Real,C,2,Pickup-Z,VIN004805,491,461,3,12,20,"53,3","1121162,65"
2025-06-06,Goiana,B,3,SUV-X,VIN004806,507,486,7,73,17,"35,8","1466091,76"
2025-02-03,Porto Real,A,3,Hatch-Y,VIN004807,623,622,7,41,8,"76,9","1780669,87"
2025-02-27,Porto Real,D,1,Pickup-Z,VIN004808,513,526,15,46,18,"107,7",1325284
2025-05-19,Betim,B,1,Pickup-Z,VIN004809,614,602,7,64,8,"63,3","1268194,64"
2025-06-17,Porto Real,D,3,SUV-X,VIN004810,478,491,7,13,9,"83,7","1380726,72"
2025-05-03,Betim,C,1,Sedan-W,VIN004811,617,636,7,4,16,"114,6","1203288,01"
2025-02-20,Betim,D,2,SUV-X,VIN004812,483,459,3,9,10,"93,6","1142969,05"
2025-06-28,Betim,D,1,Sedan-W,VIN004813,445,457,5,87,19,"63,8","1280715,36"
2025-06-11,Porto Real,B,2,Sedan-W,VIN004814,605,590,2,90,18,"49,6","1741457,97"
2025-03-26,Porto Real,C,2,Sedan-W,VIN004815,452,476,1,90,12,"43,8","1032410,19"
2025-01-01,Porto Real,D,3,Pickup-Z,VIN004816,443,479,14,42,12,"5,7","1029870,3"
2025-05-28,Betim,B,3,Hatch-Y,VIN004817,562,585,13,62,13,"70,5","1273149,87"
2025-04-18,Goiana,C,3,SUV-X,VIN004818,542,569,14,47,15,"100,1","1720747,85"
2025-03-11,Goiana,C,1,Sedan-W,VIN004819,460,485,10,82,19,"10,2","1319084,17"
2025-01-10,Betim,A,2,Sedan-W,VIN004820,464,482,5,75,14,"109,2","1232521,95"
2025-01-15,Porto Real,C,2,Pickup-Z,VIN004821,494,493,5,3,10,"68,4","1001429,05"
2025-03-28,Betim,B,2,Hatch-Y,VIN004822,435,445,8,54,13,"49,7","826348,35"
2025-06-20,Porto Real,C,2,Sedan-W,VIN004823,545,531,14,86,18,"47,7","1736773,66"
2025-04-16,Betim,A,3,SUV-X,VIN004824,526,523,13,83,8,"60,2","1511187,13"
2025-02-19,Goiana,D,3,Sedan-W,VIN004825,526,506,12,53,8,"109,6","1512633,5"
2025-01-25,Porto Real,C,2,Pickup-Z,VIN004826,427,456,10,66,18,"49,1","932550,26"
2025-02-24,Porto Real,A,1,Hatch-Y,VIN004827,560,574,5,8,15,"77,2","1588365,84"
2025-03-13,Porto Real,D,3,Hatch-Y,VIN004828,531,526,11,37,11,118,"1018588,19"
2025-03-04,Goiana,A,3,SUV-X,VIN004829,608,641,3,67,13,"83,3","1556386,55"
2025-06-22,Betim,A,1,Hatch-Y,VIN004830,523,537,3,13,8,"31,9","1119908,8"
2025-02-20,Betim,C,2,Pickup-Z,VIN004831,545,565,3,25,17,"28,2","1404438,56"
2025-06-05,Goiana,C,1,SUV-X,VIN004832,604,576,1,64,17,"28,2","1377844,75"
2025-05-24,Betim,B,1,SUV-X,VIN004833,503,509,13,25,19,"25,4","1514716,11"
2025-03-10,Betim,D,3,Pickup-Z,VIN004834,497,511,8,59,13,"85,1","1334424,3"
2025-01-31,Goiana,D,3,Pickup-Z,VIN004835,522,510,12,47,17,"116,6","1202226,9"
2025-04-07,Betim,D,2,Sedan-W,VIN004836,612,649,3,10,17,"53,5","1282052,16"
2025-01-18,Porto Real,B,3,SUV-X,VIN004837,399,428,4,50,14,"119,4","1152779,47"
2025-04-03,Goiana,B,1,Sedan-W,VIN004838,629,610,15,65,16,"82,3","2003633,91"
2025-03-13,Goiana,B,3,Pickup-Z,VIN004839,453,493,9,39,13,71,"1286869,12"
2025-02-27,Goiana,A,1,Sedan-W,VIN004840,530,567,12,24,15,"92,2","1076341,46"
2025-04-07,Betim,D,1,Pickup-Z,VIN004841,509,488,8,19,14,"93,2","1300013,87"
2025-05-04,Goiana,D,2,Sedan-W,VIN004842,408,447,2,43,12,"25,6","1007602,54"
2025-03-31,Betim,C,3,SUV-X,VIN004843,464,494,6,77,9,"7,1","1269956,32"
2025-06-24,Betim,B,2,Pickup-Z,VIN004844,392,428,0,22,11,"115,6","1052862,83"
2025-02-15,Betim,B,2,Hatch-Y,VIN004845,438,476,5,35,13,"14,6","994880,5"
2025-03-03,Porto Real,D,2,SUV-X,VIN004846,639,623,12,2,17,"79,9","1722335,87"
2025-04-27,Porto Real,D,3,Hatch-Y,VIN004847,639,612,10,22,8,"113,8",1884894
2025-06-19,Porto Real,C,1,SUV-X,VIN004848,503,498,8,69,12,"73,6","1387119,45"
2025-06-19,Goiana,D,1,Sedan-W,VIN004849,442,427,4,60,19,"91,5","1181126,69"
2025-05-10,Porto Real,B,1,SUV-X,VIN004850,482,514,15,58,19,"45,5","929040,39"
2025-03-31,Betim,A,1,SUV-X,VIN004851,528,552,2,3,8,"85,5","1203560,83"
2025-05-25,Porto Real,D,1,SUV-X,VIN004852,556,561,7,3,13,"91,3","1713374,46"
2025-01-19,Betim,D,1,SUV-X,VIN004853,495,473,0,13,19,"100,9","1250389,2"
2025-06-20,Goiana,B,2,Hatch-Y,VIN004854,497,499,2,50,8,"18,9","935311,24"
2025-01-28,Goiana,C,1,Hatch-Y,VIN004855,637,616,13,40,11,"88,6","1673827,16"
2025-02-23,Porto Real,D,3,Sedan-W,VIN004856,484,462,11,77,16,"106,9","1540478,07"
2025-04-08,Porto Real,A,1,Pickup-Z,VIN004857,513,485,12,28,12,"92,8","1099867,56"
2025-03-04,Betim,B,1,SUV-X,VIN004858,449,422,15,44,18,"32,9","925784,24"
2025-04-17,Betim,B,2,SUV-X,VIN004859,467,474,3,90,11,"64,9","1142468,9"
2025-02-18,Goiana,D,3,Sedan-W,VIN004860,570,606,10,90,19,"15,2","1600823,45"
2025-05-08,Goiana,D,3,Hatch-Y,VIN004861,455,488,2,16,16,"44,5","1283169,1"
2025-06-16,Goiana,C,1,Pickup-Z,VIN004862,624,606,9,48,8,"18,4","1708708,48"
2025-06-08,Betim,C,2,SUV-X,VIN004863,476,513,6,26,10,"100,5","1356355,25"
2025-03-14,Porto Real,A,1,SUV-X,VIN004864,404,430,2,23,9,"6,8","1036942,67"
2025-04-20,Goiana,A,1,Pickup-Z,VIN004865,626,649,8,35,14,"17,2","1137670,82"
2025-04-24,Goiana,C,1,Sedan-W,VIN004866,639,650,9,80,10,"68,2","1783853,74"
2025-04-19,Betim,A,2,Hatch-Y,VIN004867,549,581,2,43,18,"53,6","1539806,82"
2025-06-11,Porto Real,A,1,SUV-X,VIN004868,537,549,13,29,14,"69,5","1337670,48"
2025-06-27,Betim,D,2,Sedan-W,VIN004869,515,510,9,84,9,"107,5","934821,89"
2025-05-11,Betim,D,2,SUV-X,VIN004870,659,635,3,66,14,"44,6","1509410,72"
2025-06-07,Goiana,A,3,SUV-X,VIN004871,511,486,1,87,20,"25,1","1390706,76"
2025-02-28,Porto Real,D,3,Pickup-Z,VIN004872,566,553,9,7,16,"89,4","1695190,25"
2025-04-05,Porto Real,D,2,Pickup-Z,VIN004873,481,491,15,56,14,"30,9","917546,97"
2025-05-28,Goiana,D,2,Sedan-W,VIN004874,516,504,13,31,15,"48,2","1418292,39"
2025-01-24,Betim,D,2,SUV-X,VIN004875,596,593,2,21,17,"9,7","1488475,75"
2025-04-30,Goiana,A,2,Sedan-W,VIN004876,475,490,4,6,17,"7,7",1188882
2025-01-04,Goiana,C,2,Pickup-Z,VIN004877,503,541,9,47,10,"65,1","1594999,44"
2025-04-27,Betim,A,3,Pickup-Z,VIN004878,532,562,2,54,17,74,"1333599,59"
2025-03-31,Goiana,B,2,Hatch-Y,VIN004879,521,514,0,30,13,"50,2","1301864,45"
2025-03-19,Betim,A,3,Pickup-Z,VIN004880,618,610,12,22,11,"26,7","1620416,76"
2025-01-20,Betim,B,1,Sedan-W,VIN004881,516,513,5,4,16,"35,2","1376108,39"
2025-01-03,Betim,A,1,Sedan-W,VIN004882,632,619,1,22,8,"84,5","1629126,87"
2025-01-17,Porto Real,A,1,Hatch-Y,VIN004883,635,611,6,85,20,"39,4","1528895,22"
2025-01-05,Porto Real,A,2,SUV-X,VIN004884,583,606,13,63,12,"49,1","1773010,29"
2025-01-27,Goiana,B,3,SUV-X,VIN004885,543,572,3,39,18,"64,8","1180807,05"
2025-06-05,Betim,D,1,Hatch-Y,VIN004886,457,428,0,28,20,"76,6","1388842,77"
2025-02-21,Porto Real,A,2,Sedan-W,VIN004887,461,460,8,59,11,"115,4","915937,1"
2025-04-26,Porto Real,C,3,Sedan-W,VIN004888,597,593,5,9,12,"11,5","1129023,16"
2025-04-21,Betim,C,1,Hatch-Y,VIN004889,546,525,11,54,9,"81,7","1675597,93"
2025-05-06,Porto Real,C,2,Hatch-Y,VIN004890,434,425,6,7,11,"76,1","1296842,49"
2025-06-15,Porto Real,B,3,Pickup-Z,VIN004891,470,507,0,63,18,59,"848121,73"
2025-05-14,Porto Real,C,1,Pickup-Z,VIN004892,507,512,12,31,20,"90,3","1269228,6"
2025-03-06,Betim,B,2,Sedan-W,VIN004893,646,625,15,62,20,"60,3","1415276,38"
2025-01-18,Porto Real,B,2,Pickup-Z,VIN004894,614,612,6,5,17,"58,3","1951372,59"
2025-01-18,Goiana,D,1,SUV-X,VIN004895,475,477,11,64,10,111,"1374851,36"
2025-04-06,Betim,C,2,Hatch-Y,VIN004896,607,581,14,52,12,"33,7","1543027,42"
2025-06-10,Porto Real,A,1,Sedan-W,VIN004897,637,604,11,39,18,"22,9","1309836,26"
2025-06-17,Porto Real,C,3,SUV-X,VIN004898,485,459,8,21,14,"54,2","1359441,25"
2025-01-10,Goiana,A,1,Sedan-W,VIN004899,531,563,13,78,20,"76,6","1512950,51"
2025-05-28,Betim,C,1,Pickup-Z,VIN004900,566,588,15,65,10,"18,4","1076017,24"
2025-02-15,Betim,B,1,Pickup-Z,VIN004901,452,492,14,79,10,"87,4","977116,46"
2025-03-06,Betim,C,1,Hatch-Y,VIN004902,453,462,0,42,14,"36,6","1418352,53"
2025-06-22,Betim,B,2,Hatch-Y,VIN004903,585,611,11,38,10,"102,4","1706739,43"
2025-02-04,Goiana,D,3,Pickup-Z,VIN004904,446,484,0,45,9,"99,1","1050108,98"
2025-03-20,Betim,B,3,Sedan-W,VIN004905,561,531,5,49,17,"98,1","1299796,19"
2025-04-14,Betim,A,3,Sedan-W,VIN004906,454,453,9,41,12,15,"1378527,4"
2025-04-11,Goiana,C,3,Pickup-Z,VIN004907,559,562,9,4,12,"94,2","1766966,83"
2025-03-01,Betim,A,2,Hatch-Y,VIN004908,618,599,11,77,20,"77,8","1633470,79"
2025-05-04,Betim,D,1,Pickup-Z,VIN004909,462,489,6,1,20,"22,6","998016,16"
2025-05-30,Porto Real,B,2,Sedan-W,VIN004910,568,553,7,50,16,"27,9","1447757,89"
2025-02-09,Porto Real,B,1,Pickup-Z,VIN004911,410,445,1,50,15,"5,2","946326,31"
2025-05-17,Betim,D,2,SUV-X,VIN004912,428,456,1,48,18,"108,5","925473,31"
2025-04-12,Porto Real,C,2,Sedan-W,VIN004913,602,591,1,68,15,"16,5","1403800,49"
2025-05-01,Porto Real,A,2,Hatch-Y,VIN004914,456,455,9,70,13,"38,9","1418928,68"
2025-02-11,Goiana,D,3,Hatch-Y,VIN004915,392,420,0,86,18,"19,1","1012762,05"
2025-03-06,Porto Real,D,3,Hatch-Y,VIN004916,626,628,2,15,17,"81,8","1326331,63"
2025-02-25,Porto Real,A,3,SUV-X,VIN004917,538,557,11,52,20,"86,3","1159133,48"
2025-02-02,Goiana,C,2,Sedan-W,VIN004918,546,541,7,50,13,"26,1","1356235,73"
2025-01-07,Betim,A,3,Hatch-Y,VIN004919,512,520,2,32,11,64,"1249251,24"
2025-05-02,Porto Real,C,3,SUV-X,VIN004920,528,558,10,34,14,"16,9","1613611,57"
2025-02-09,Porto Real,B,2,SUV-X,VIN004921,598,631,10,10,15,"12,8","1642830,84"
2025-01-29,Betim,D,2,SUV-X,VIN004922,477,505,0,46,19,"20,6","1203933,94"
2025-05-31,Porto Real,D,2,Sedan-W,VIN004923,536,508,6,68,10,"79,2","1509619,49"
2025-06-23,Betim,A,1,Sedan-W,VIN004924,615,635,5,35,16,"53,7","1792494,02"
2025-01-11,Porto Real,C,1,Hatch-Y,VIN004925,552,587,12,9,8,"104,2","1665268,09"
2025-03-15,Goiana,C,3,Pickup-Z,VIN004926,459,462,10,14,17,"84,5","1150855,34"
2025-06-09,Porto Real,C,2,Hatch-Y,VIN004927,470,446,13,3,18,"60,7","1494308,86"
2025-05-28,Betim,C,3,Hatch-Y,VIN004928,629,626,6,73,14,"109,2","1265428,51"
2025-06-05,Porto Real,B,1,Pickup-Z,VIN004929,411,441,15,71,18,"91,3","1107032,68"
2025-06-12,Goiana,A,2,SUV-X,VIN004930,490,510,7,36,9,"76,5","1198681,97"
2025-02-13,Betim,B,3,Sedan-W,VIN004931,572,611,13,33,10,"64,9","1482383,69"
2025-06-26,Goiana,C,2,SUV-X,VIN004932,495,513,8,33,11,"58,3","1010886,65"
2025-04-08,Porto Real,D,3,Pickup-Z,VIN004933,417,450,12,23,12,"68,1","1280458,53"
2025-01-05,Porto Real,C,2,Hatch-Y,VIN004934,588,560,5,85,16,"49,7","1282206,26"
2025-06-02,Porto Real,D,3,SUV-X,VIN004935,472,469,1,46,9,"66,2","1067490,31"
2025-05-29,Betim,B,1,Pickup-Z,VIN004936,607,591,1,69,16,"38,2","1430448,1"
2025-03-09,Porto Real,D,2,Pickup-Z,VIN004937,460,434,9,2,13,"10,3","1210313,52"
2025-04-02,Goiana,C,2,Sedan-W,VIN004938,522,508,0,51,8,"86,5","1499445,22"
2025-03-10,Goiana,B,2,Hatch-Y,VIN004939,504,471,0,27,10,"55,3","1367176,89"
2025-06-01,Betim,A,1,Pickup-Z,VIN004940,567,538,7,18,11,"34,8","1100902,3"
2025-03-15,Betim,B,3,Hatch-Y,VIN004941,414,448,13,3,10,73,"794558,72"
2025-01-26,Betim,A,1,SUV-X,VIN004942,458,471,11,33,17,"112,7","1349435,05"
2025-03-03,Porto Real,B,2,Pickup-Z,VIN004943,478,479,4,77,11,"70,8","1461237,94"
2025-05-11,Porto Real,D,1,Pickup-Z,VIN004944,599,619,4,58,20,"100,7","1146062,97"
2025-02-15,Porto Real,A,1,Pickup-Z,VIN004945,452,485,10,78,20,"90,3","947799,98"
2025-02-11,Goiana,C,3,SUV-X,VIN004946,511,548,1,22,18,"74,7","1375984,7"
2025-01-12,Porto Real,C,3,SUV-X,VIN004947,653,619,5,3,14,"87,1","1285268,86"
2025-05-20,Porto Real,D,1,Sedan-W,VIN004948,434,420,10,23,10,"95,1","821391,83"
2025-01-05,Betim,B,3,Sedan-W,VIN004949,590,600,14,19,10,"45,7","1745393,28"
2025-02-03,Goiana,D,3,Pickup-Z,VIN004950,539,552,2,51,14,"53,3","1172290,51"
2025-02-16,Betim,A,2,Pickup-Z,VIN004951,479,496,8,51,10,95,"915171,98"
2025-03-24,Porto Real,C,2,SUV-X,VIN004952,499,517,9,74,15,"82,7","1204693,91"
2025-03-17,Betim,B,1,Hatch-Y,VIN004953,437,461,11,20,8,"45,9","1322071,28"
2025-03-24,Porto Real,B,3,Pickup-Z,VIN004954,554,536,13,57,15,"19,4","1327200,99"
2025-04-24,Betim,B,2,Sedan-W,VIN004955,638,646,2,19,11,73,"1203875,21"
2025-02-23,Betim,A,2,Sedan-W,VIN004956,453,475,3,49,20,"49,9","1187733,78"
2025-03-22,Goiana,B,3,Sedan-W,VIN004957,419,441,13,34,10,"86,9","1224263,25"
2025-01-04,Porto Real,D,1,Sedan-W,VIN004958,553,588,12,32,17,"9,7","1359963,91"
2025-02-17,Porto Real,B,2,SUV-X,VIN004959,456,461,14,18,20,"27,7","1214410,23"
2025-02-06,Porto Real,B,1,SUV-X,VIN004960,533,540,0,88,20,"75,9","1690287,09"
2025-03-28,Porto Real,A,2,Hatch-Y,VIN004961,576,543,1,63,17,"63,5","1484020,08"
2025-05-23,Porto Real,B,2,Hatch-Y,VIN004962,675,648,8,29,13,"63,2","1886315,59"
2025-02-26,Goiana,C,3,Pickup-Z,VIN004963,557,544,14,21,17,81,"1531925,68"
2025-01-31,Betim,A,3,SUV-X,VIN004964,480,449,4,33,12,60,"1464239,6"
2025-01-15,Goiana,D,3,Hatch-Y,VIN004965,672,643,5,30,14,"66,5","1929075,55"
2025-03-13,Porto Real,C,2,Pickup-Z,VIN004966,488,527,7,15,15,"39,3","1025526,21"
2025-03-31,Betim,A,3,Pickup-Z,VIN004967,460,495,0,72,11,"111,8","1455971,77"
2025-02-28,Goiana,D,3,SUV-X,VIN004968,577,583,9,10,12,"45,4","1606287,48"
2025-02-04,Betim,C,2,Pickup-Z,VIN004969,457,480,1,3,17,"7,1","1321919,08"
2025-01-05,Betim,D,2,Sedan-W,VIN004970,495,495,14,85,12,"65,4","1347143,06"
2025-03-23,Betim,D,1,SUV-X,VIN004971,547,569,15,87,14,"85,3","1242962,71"
2025-01-28,Betim,D,1,SUV-X,VIN004972,598,632,12,37,13,"33,2","1291451,38"
2025-06-05,Porto Real,D,3,SUV-X,VIN004973,458,443,14,32,11,"114,7","1050795,66"
2025-05-12,Betim,A,1,Hatch-Y,VIN004974,457,448,14,63,18,"70,1","974517,26"
2025-04-15,Betim,D,2,Pickup-Z,VIN004975,659,626,0,74,8,"17,8","1308099,04"
2025-01-10,Betim,C,3,SUV-X,VIN004976,615,603,14,38,12,80,"1133826,14"
2025-02-27,Porto Real,D,3,Hatch-Y,VIN004977,678,648,6,49,9,"10,3","2151710,64"
2025-04-28,Goiana,A,3,Pickup-Z,VIN004978,582,611,10,19,8,"71,1","1578886,19"
2025-01-01,Porto Real,B,3,Hatch-Y,VIN004979,445,458,9,19,13,"11,1","1240359,97"
2025-05-11,Goiana,A,1,Sedan-W,VIN004980,600,630,13,3,20,"105,4","1526896,96"
2025-05-14,Goiana,C,2,Sedan-W,VIN004981,444,476,6,19,17,"56,1","1372498,35"
2025-03-31,Goiana,B,1,SUV-X,VIN004982,432,467,0,3,9,"81,6","1000588,16"
2025-06-09,Betim,A,3,Hatch-Y,VIN004983,545,571,11,51,8,"42,6","1306952,6"
2025-04-04,Porto Real,C,3,SUV-X,VIN004984,639,635,14,21,13,"97,8","1346283,3"
2025-01-23,Betim,B,1,Sedan-W,VIN004985,522,521,0,36,15,"118,3","1602708,44"
2025-02-21,Betim,D,1,SUV-X,VIN004986,489,514,4,61,13,"34,3","1259418,27"
2025-03-19,Porto Real,D,1,Pickup-Z,VIN004987,486,509,14,70,11,"62,1","1343155,59"
2025-04-07,Goiana,B,1,Pickup-Z,VIN004988,534,550,1,26,20,"70,9","1209253,33"
2025-06-15,Betim,B,3,Sedan-W,VIN004989,419,455,9,88,16,"46,5","833167,67"
2025-02-28,Porto Real,B,1,Hatch-Y,VIN004990,573,552,13,48,18,"31,1","1195197,62"
2025-05-13,Betim,D,3,Pickup-Z,VIN004991,614,597,2,56,12,"119,9","1716033,56"
2025-05-24,Goiana,B,3,SUV-X,VIN004992,428,431,8,2,8,"82,2","1190586,55"
2025-01-06,Goiana,D,3,Sedan-W,VIN004993,595,572,7,4,11,"88,7","1260938,7"
2025-04-03,Porto Real,A,3,Pickup-Z,VIN004994,666,648,8,40,8,"67,6","1622976,31"
2025-03-09,Betim,B,2,SUV-X,VIN004995,613,649,8,46,19,"13,1","1311967,08"
2025-01-10,Goiana,B,3,Pickup-Z,VIN004996,547,568,11,65,12,"98,2","1007011,25"
2025-05-28,Betim,D,2,SUV-X,VIN004997,573,588,8,11,11,"79,5","1183632,66"
2025-04-09,Goiana,B,2,Pickup-Z,VIN004998,453,437,2,59,19,"31,6","1387721,2"
2025-04-01,Goiana,A,3,Hatch-Y,VIN004999,629,639,15,61,11,"63,6","1954560,39"
2025-06-09,Goiana,A,1,Hatch-Y,VIN005000,671,646,9,41,17,"36,1","2017067,47"
2025-05-03,Goiana,B,2,Sedan-W,VIN005001,484,488,3,90,16,"64,1","1323675,23"
